-- phpMyAdmin SQL Dump
-- version 4.9.1
-- https://www.phpmyadmin.net/
--
-- Hôte : localhost
-- Généré le :  jeu. 16 avr. 2020 à 20:22
-- Version du serveur :  5.7.24
-- Version de PHP :  7.2.19

SET SQL_MODE = "NO_AUTO_VALUE_ON_ZERO";
SET AUTOCOMMIT = 0;
START TRANSACTION;
SET time_zone = "+00:00";


/*!40101 SET @OLD_CHARACTER_SET_CLIENT=@@CHARACTER_SET_CLIENT */;
/*!40101 SET @OLD_CHARACTER_SET_RESULTS=@@CHARACTER_SET_RESULTS */;
/*!40101 SET @OLD_COLLATION_CONNECTION=@@COLLATION_CONNECTION */;
/*!40101 SET NAMES utf8mb4 */;

--
-- Base de données :  `bidy`
--

-- --------------------------------------------------------

--
-- Structure de la table `approvisionnement`
--

CREATE TABLE `approvisionnement` (
  `id` int(11) NOT NULL,
  `reference` varchar(20) NOT NULL,
  `montant` int(11) NOT NULL,
  `prestataire_id` int(11) NOT NULL,
  `operation_id` int(11) DEFAULT NULL,
  `datelivraison` datetime DEFAULT NULL,
  `etat_id` int(11) NOT NULL,
  `employe_id` int(11) NOT NULL,
  `comment` text,
  `employe_id_reception` int(11) DEFAULT NULL,
  `created` datetime DEFAULT NULL,
  `modified` datetime DEFAULT NULL,
  `protected` int(11) NOT NULL DEFAULT '0',
  `valide` int(11) NOT NULL DEFAULT '1'
) ENGINE=InnoDB DEFAULT CHARSET=utf8;

--
-- Déchargement des données de la table `approvisionnement`
--

INSERT INTO `approvisionnement` (`id`, `reference`, `montant`, `prestataire_id`, `operation_id`, `datelivraison`, `etat_id`, `employe_id`, `comment`, `employe_id_reception`, `created`, `modified`, `protected`, `valide`) VALUES
(1, 'APP/14042020-4F0754', 326200, 1, 0, NULL, 0, 1, NULL, 0, '2020-04-14 18:46:08', '2020-04-14 18:46:08', 0, 1),
(2, 'APP/14042020-576D66', 326200, 1, 13, NULL, 0, 1, NULL, 0, '2020-04-14 18:48:22', '2020-04-14 18:48:23', 0, 1);

-- --------------------------------------------------------

--
-- Structure de la table `carplan`
--

CREATE TABLE `carplan` (
  `id` int(11) NOT NULL,
  `matricule` varchar(20) DEFAULT NULL,
  `name` varchar(50) NOT NULL,
  `lastname` varchar(150) DEFAULT NULL,
  `sexe_id` int(2) DEFAULT NULL,
  `adresse` varchar(150) DEFAULT NULL,
  `email` varchar(255) DEFAULT NULL,
  `contact` varchar(200) DEFAULT NULL,
  `fonction` varchar(100) DEFAULT NULL,
  `login` varchar(50) DEFAULT NULL,
  `password` text,
  `is_new` int(11) NOT NULL DEFAULT '0',
  `image` varchar(50) DEFAULT NULL,
  `created` datetime DEFAULT NULL,
  `modified` datetime DEFAULT NULL,
  `allowed` int(11) NOT NULL DEFAULT '1',
  `protected` int(11) NOT NULL DEFAULT '0',
  `valide` int(11) NOT NULL DEFAULT '1',
  `visibility` int(11) NOT NULL DEFAULT '0'
) ENGINE=InnoDB DEFAULT CHARSET=utf8;

--
-- Déchargement des données de la table `carplan`
--

INSERT INTO `carplan` (`id`, `matricule`, `name`, `lastname`, `sexe_id`, `adresse`, `email`, `contact`, `fonction`, `login`, `password`, `is_new`, `image`, `created`, `modified`, `allowed`, `protected`, `valide`, `visibility`) VALUES
(1, 'cwxcx44cv ', 'KONATE Mamadou', 'Armand', 1, 'Port-Bouet Rue de la baltique', 'text@gmail.com', '05265312', 'membre du conseil', 'root', '5e9795e3f3ab55e7790a6283507c085db0d764fc', 0, '27baa949.png', '2019-10-24 11:02:57', '2020-03-26 12:39:24', 1, 0, 1, 1),
(2, 'fdss8566', 'KONE Siaka Abou', '', 1, '', 'text@gmail.com', '06600667', 'membre du conseil', NULL, NULL, 0, NULL, '2019-10-24 11:07:49', '2019-12-08 19:11:56', 1, 0, 1, 1),
(3, 'sdfs589', 'KANGA Paul', '', 1, '', '', '', 'membre du conseil', NULL, NULL, 0, NULL, '2019-10-24 11:19:25', '2019-10-24 11:19:25', 1, 0, 1, 1),
(4, 'VHVEH8898', 'Getjdiop', 'Jerome', 1, NULL, 'infos@artci.com', '58 70 58 38', 'PDT du Conseil', '039355d5', 'c10e591361597368f47e7558bba7cf4e18877d55', 0, 'default.png', '2020-02-17 14:16:25', '2020-02-17 14:16:25', 1, 0, 1, 1);

-- --------------------------------------------------------

--
-- Structure de la table `categorieoperation`
--

CREATE TABLE `categorieoperation` (
  `id` int(11) NOT NULL,
  `typeoperationcaisse_id` int(11) NOT NULL,
  `name` varchar(200) NOT NULL,
  `color` varchar(10) DEFAULT NULL,
  `created` datetime DEFAULT NULL,
  `modified` datetime DEFAULT NULL,
  `protected` int(11) NOT NULL DEFAULT '0',
  `valide` int(11) NOT NULL DEFAULT '1'
) ENGINE=InnoDB DEFAULT CHARSET=utf8;

--
-- Déchargement des données de la table `categorieoperation`
--

INSERT INTO `categorieoperation` (`id`, `typeoperationcaisse_id`, `name`, `color`, `created`, `modified`, `protected`, `valide`) VALUES
(1, 1, 'Réglement de commande', NULL, NULL, '2019-09-23 13:19:22', 1, 1),
(2, 2, 'Approvisionnement de ressource', NULL, NULL, '2019-09-23 14:05:30', 1, 1),
(3, 1, 'Apport du DG', '#c5fb88', '2019-09-23 13:18:55', '2020-04-12 23:24:04', 0, 1),
(4, 2, 'Payement de salaire', '#ff00ff', '2020-04-12 23:29:15', '2020-04-12 23:29:15', 0, 1);

-- --------------------------------------------------------

--
-- Structure de la table `chauffeur`
--

CREATE TABLE `chauffeur` (
  `id` int(11) NOT NULL,
  `name` varchar(50) NOT NULL,
  `lastname` varchar(150) DEFAULT NULL,
  `matricule` varchar(50) DEFAULT NULL,
  `sexe_id` int(2) NOT NULL,
  `nationalite` varchar(200) DEFAULT NULL,
  `adresse` varchar(150) DEFAULT NULL,
  `typepermis` varchar(50) DEFAULT NULL,
  `numero_permis` varchar(200) DEFAULT NULL,
  `date_fin_permis` date DEFAULT NULL,
  `email` varchar(255) DEFAULT NULL,
  `contact` varchar(200) DEFAULT NULL,
  `etatchauffeur_id` int(11) NOT NULL,
  `image` varchar(50) DEFAULT NULL,
  `created` datetime DEFAULT NULL,
  `modified` datetime DEFAULT NULL,
  `protected` int(11) NOT NULL DEFAULT '0',
  `valide` int(11) NOT NULL DEFAULT '1'
) ENGINE=InnoDB DEFAULT CHARSET=utf8;

--
-- Déchargement des données de la table `chauffeur`
--

INSERT INTO `chauffeur` (`id`, `name`, `lastname`, `matricule`, `sexe_id`, `nationalite`, `adresse`, `typepermis`, `numero_permis`, `date_fin_permis`, `email`, `contact`, `etatchauffeur_id`, `image`, `created`, `modified`, `protected`, `valide`) VALUES
(1, 'Aboulaye', 'Armand', 'sdsqdsdsds', 1, 'Ivoirienne', '22 rue des chantilles, korogho 24 Bd', 'ABCD', 'KOUA-8955d44-CH', '2026-07-10', 'infos@artci.com', '47 58 93 21', 0, '', '2020-02-07 20:54:42', '2020-04-14 14:14:57', 0, 1),
(2, 'Aya', 'Vernissget', 'VHVEH8898', 2, 'Ivoirienne', '22 rue des chantilles, korogho 24 Bd', 'ABCD', 'KOUA-8955d44-CH', '2026-07-10', 'infos@artci.com', '47 58 93 21', 0, '0212e9a4.png', '2020-02-07 20:55:02', '2020-04-14 16:27:37', 0, 1),
(3, 'Kouamé', 'Severand', 'C54544ART', 1, 'Ivoirienne', '22 rue des chantilles, korogho 24 Bd', 'ABCDE', 'KOUA-8955d44-CH', '2026-07-10', 'infos@artci.com', '47 58 93 21', 0, 'fffe5c6a.png', '2020-02-07 20:55:58', '2020-04-01 17:22:08', 0, 1),
(4, '21shamman06', 'Armand', 'C545rtRT', 2, 'Ivoirienne', 'Port-Bouet Rue de la baltique', 'ABCDE', 'KOUA-8955d44-CH', '2020-02-21', '21shamman06@artci.com', '47 58 93 21', 0, '5bab6315.png', '2020-02-08 08:47:28', '2020-04-01 17:22:08', 0, 1);

-- --------------------------------------------------------

--
-- Structure de la table `client`
--

CREATE TABLE `client` (
  `id` int(11) NOT NULL,
  `name` varchar(50) NOT NULL,
  `typeclient_id` int(2) NOT NULL,
  `acompte` int(11) DEFAULT NULL,
  `adresse` varchar(150) DEFAULT NULL,
  `email` varchar(255) DEFAULT NULL,
  `contact` varchar(200) DEFAULT NULL,
  `created` datetime DEFAULT NULL,
  `modified` datetime DEFAULT NULL,
  `protected` int(11) NOT NULL DEFAULT '0',
  `valide` int(11) NOT NULL DEFAULT '1'
) ENGINE=InnoDB DEFAULT CHARSET=utf8;

--
-- Déchargement des données de la table `client`
--

INSERT INTO `client` (`id`, `name`, `typeclient_id`, `acompte`, `adresse`, `email`, `contact`, `created`, `modified`, `protected`, `valide`) VALUES
(1, 'Aboulaye', 1, NULL, '22 rue des chantilles, korogho 24 Bd', 'infos@artci.com', '47 58 93 21', '2020-02-07 20:54:42', '2020-04-01 17:22:07', 0, 1),
(2, 'Aya', 2, NULL, '22 rue des chantilles, korogho 24 Bd', 'infos@artci.com', '47 58 93 21', '2020-02-07 20:55:02', '2020-04-01 17:22:08', 0, 1),
(3, 'Kouamé', 1, NULL, '22 rue des chantilles, korogho 24 Bd', 'infos@artci.com', '47 58 93 21', '2020-02-07 20:55:58', '2020-04-01 17:22:08', 0, 1),
(4, 'Abou konaté', 1, 400570, 'Port-Bouet Rue de la baltique', '21shamman06@artci.com', '47 58 93 21', '2020-02-08 08:47:28', '2020-04-08 16:58:40', 0, 1);

-- --------------------------------------------------------

--
-- Structure de la table `code`
--

CREATE TABLE `code` (
  `id` int(11) NOT NULL,
  `code` varchar(25) NOT NULL,
  `jour` int(11) NOT NULL,
  `matricule` varchar(50) DEFAULT NULL,
  `valide` int(11) NOT NULL DEFAULT '1'
) ENGINE=InnoDB DEFAULT CHARSET=utf8;

-- --------------------------------------------------------

--
-- Structure de la table `commande`
--

CREATE TABLE `commande` (
  `id` int(11) NOT NULL,
  `reference` varchar(20) NOT NULL,
  `groupecommande_id` int(20) NOT NULL,
  `zonelivraison_id` int(11) NOT NULL,
  `lieu` varchar(200) NOT NULL,
  `tva` int(11) NOT NULL,
  `montant` int(11) NOT NULL,
  `operation_id` int(11) DEFAULT NULL,
  `datelivraison` date NOT NULL,
  `employe_id` int(11) NOT NULL,
  `etat_id` int(11) NOT NULL,
  `created` datetime DEFAULT NULL,
  `modified` datetime DEFAULT NULL,
  `protected` int(11) NOT NULL DEFAULT '0',
  `valide` int(11) NOT NULL DEFAULT '1'
) ENGINE=InnoDB DEFAULT CHARSET=utf8;

--
-- Déchargement des données de la table `commande`
--

INSERT INTO `commande` (`id`, `reference`, `groupecommande_id`, `zonelivraison_id`, `lieu`, `tva`, `montant`, `operation_id`, `datelivraison`, `employe_id`, `etat_id`, `created`, `modified`, `protected`, `valide`) VALUES
(1, 'BCO/06042020-7D310A', 1, 1, 'Katiala, Ferké, Boudiali', 0, 2843800, 1, '2020-04-06', 0, 1, '2020-04-04 15:16:35', '2020-04-06 15:16:36', 0, 1),
(2, 'BCO/06042020-D6671A', 3, 1, 'Katiala, Ferké, Boudiali', 0, 1333400, 2, '2020-04-06', 0, 1, '2020-04-06 15:40:22', '2020-04-06 15:40:23', 0, 1),
(3, 'BCO/06042020-E116AC', 1, 1, 'Cocody Angré extension', 0, 47200, 3, '2020-04-06', 0, 1, '2020-04-07 15:43:13', '2020-04-06 15:43:14', 0, 1),
(4, 'BCO/06042020-E63DE6', 1, 1, 'Cocody Angré extension', 0, 47200, 4, '2020-04-06', 0, 1, '2020-04-06 15:44:35', '2020-04-06 15:44:37', 0, 1),
(5, 'BCO/06042020-05E296', 1, 1, 'Katiala, Ferké, Boudiali', 0, 23600, 5, '2020-04-06', 0, 1, '2020-04-04 15:53:02', '2020-04-06 15:53:03', 0, 1),
(6, 'BCO/06042020-D81CB8', 5, 1, 'Cocody Angré extension', 0, 0, 5, '2020-04-06', 0, 1, '2020-04-08 22:30:25', '2020-04-06 22:30:25', 0, 1),
(7, 'BCO/06042020-DF6994', 6, 1, 'Cocody Angré extension', 0, 47200, 8, '2020-04-06', 0, 1, '2020-04-03 22:32:22', '2020-04-06 22:32:23', 0, 1);

-- --------------------------------------------------------

--
-- Structure de la table `connexion`
--

CREATE TABLE `connexion` (
  `id` int(11) NOT NULL,
  `date_connexion` datetime DEFAULT NULL,
  `date_deconnexion` timestamp NULL DEFAULT NULL,
  `employe_id` int(11) DEFAULT NULL,
  `prestataire_id` int(11) DEFAULT NULL,
  `created` datetime DEFAULT NULL,
  `modified` datetime DEFAULT NULL,
  `protected` int(11) NOT NULL DEFAULT '1',
  `valide` int(11) NOT NULL DEFAULT '1'
) ENGINE=MyISAM DEFAULT CHARSET=utf8;

--
-- Déchargement des données de la table `connexion`
--

INSERT INTO `connexion` (`id`, `date_connexion`, `date_deconnexion`, `employe_id`, `prestataire_id`, `created`, `modified`, `protected`, `valide`) VALUES
(1, '2019-10-17 17:21:20', '2019-10-17 15:33:47', 1, NULL, '2019-10-17 17:21:20', '2019-10-17 17:33:47', 0, 1),
(2, '2019-10-17 17:33:47', '2020-01-28 11:34:05', 1, NULL, '2019-10-17 17:33:47', '2020-01-28 11:34:05', 0, 1),
(3, '2019-10-17 17:46:26', '2019-10-17 15:51:57', 5, NULL, '2019-10-17 17:46:26', '2019-10-17 17:51:57', 0, 1),
(4, '2019-10-17 17:52:14', '2019-10-18 06:13:05', 5, NULL, '2019-10-17 17:52:14', '2019-10-18 08:13:05', 0, 1),
(5, '2019-10-18 08:13:05', '2019-10-18 08:55:22', 5, NULL, '2019-10-18 08:13:05', '2019-10-18 10:55:23', 0, 1),
(6, '2019-10-18 10:55:23', '2019-10-21 06:01:58', 5, NULL, '2019-10-18 10:55:23', '2019-10-21 08:01:58', 0, 1),
(7, '2019-10-18 11:50:04', '2019-10-18 09:51:09', 8, NULL, '2019-10-18 11:50:04', '2019-10-18 11:51:09', 0, 1),
(8, '2019-10-18 11:52:10', '2019-10-18 10:06:44', 8, NULL, '2019-10-18 11:52:10', '2019-10-18 12:06:44', 0, 1),
(9, '2019-10-18 12:09:08', '2019-10-18 10:11:36', 8, NULL, '2019-10-18 12:09:08', '2019-10-18 12:11:36', 0, 1),
(10, '2019-10-21 08:01:58', '2019-10-21 11:50:15', 5, NULL, '2019-10-21 08:01:58', '2019-10-21 13:50:15', 0, 1),
(11, '2019-10-21 13:50:15', '2019-10-22 06:42:49', 5, NULL, '2019-10-21 13:50:15', '2019-10-22 08:42:49', 0, 1),
(12, '2019-10-22 08:42:50', '2019-10-22 06:43:40', 5, NULL, '2019-10-22 08:42:50', '2019-10-22 08:43:40', 0, 1),
(13, '2019-10-22 08:43:40', '2019-10-22 08:54:33', 5, NULL, '2019-10-22 08:43:40', '2019-10-22 10:54:33', 0, 1),
(14, '2019-10-22 10:54:33', '2019-10-23 12:46:59', 5, NULL, '2019-10-22 10:54:33', '2019-10-23 14:46:59', 0, 1),
(15, '2019-10-23 14:46:59', '2019-10-23 12:47:10', 5, NULL, '2019-10-23 14:46:59', '2019-10-23 14:47:10', 0, 1),
(16, '2019-10-24 10:37:21', '2019-10-24 09:20:49', 8, NULL, '2019-10-24 10:37:21', '2019-10-24 11:20:49', 0, 1),
(17, '2019-10-24 14:24:32', '2019-10-25 07:18:01', 5, NULL, '2019-10-24 14:24:32', '2019-10-25 09:18:01', 0, 1),
(18, '2019-10-25 09:18:01', '2019-10-28 13:13:06', 5, NULL, '2019-10-25 09:18:01', '2019-10-28 14:13:06', 0, 1),
(19, '2019-10-28 09:45:43', '2019-11-05 07:23:06', 8, NULL, '2019-10-28 09:45:43', '2019-11-05 08:23:06', 0, 1),
(20, '2019-10-28 14:13:06', '2019-10-29 07:53:13', 5, NULL, '2019-10-28 14:13:06', '2019-10-29 08:53:13', 0, 1),
(21, '2019-10-29 08:53:14', '2019-11-04 12:50:53', 5, NULL, '2019-10-29 08:53:14', '2019-11-04 13:50:53', 0, 1),
(22, '2019-11-04 13:50:53', '2019-11-04 12:51:08', 5, NULL, '2019-11-04 13:50:53', '2019-11-04 13:51:08', 0, 1),
(23, '2019-11-04 13:59:02', '2019-11-04 12:59:22', 5, NULL, '2019-11-04 13:59:02', '2019-11-04 13:59:22', 0, 1),
(24, '2019-11-04 14:00:21', '2019-11-04 13:00:32', 5, NULL, '2019-11-04 14:00:21', '2019-11-04 14:00:32', 0, 1),
(25, '2019-11-04 14:00:47', '2019-11-05 07:30:22', 5, NULL, '2019-11-04 14:00:47', '2019-11-05 08:30:22', 0, 1),
(26, '2019-11-05 08:23:06', NULL, 8, NULL, '2019-11-05 08:23:06', '2019-11-05 08:23:06', 0, 1),
(27, '2019-11-05 08:30:22', '2019-11-05 13:09:29', 5, NULL, '2019-11-05 08:30:22', '2019-11-05 14:09:29', 0, 1),
(28, '2019-11-05 14:09:29', '2019-11-05 13:16:19', 5, NULL, '2019-11-05 14:09:29', '2019-11-05 14:16:19', 0, 1),
(29, '2019-11-05 14:40:57', '2019-11-05 15:47:47', 6, NULL, '2019-11-05 14:40:57', '2019-11-05 16:47:47', 0, 1),
(30, '2019-11-05 16:47:47', NULL, 6, NULL, '2019-11-05 16:47:47', '2019-11-05 16:47:47', 0, 1),
(31, '2019-11-07 17:22:34', '2019-11-07 17:50:38', 5, NULL, '2019-11-07 17:22:34', '2019-11-07 18:50:38', 0, 1),
(32, '2019-11-07 18:50:38', '2019-11-08 08:42:20', 5, NULL, '2019-11-07 18:50:38', '2019-11-08 09:42:20', 0, 1),
(33, '2019-11-08 09:42:20', '2019-12-06 09:46:58', 5, NULL, '2019-11-08 09:42:20', '2019-12-06 10:46:58', 0, 1),
(34, '2019-12-06 10:46:58', '2019-12-06 11:24:30', 5, NULL, '2019-12-06 10:46:58', '2019-12-06 11:24:30', 0, 1),
(35, '2019-12-06 11:24:30', '2019-12-08 16:36:01', 5, NULL, '2019-12-06 11:24:30', '2019-12-08 16:36:01', 0, 1),
(36, '2019-12-08 16:36:02', '2019-12-08 16:36:03', 5, NULL, '2019-12-08 16:36:02', '2019-12-08 16:36:03', 0, 1),
(37, '2019-12-08 16:36:03', '2019-12-08 17:16:06', 5, NULL, '2019-12-08 16:36:03', '2019-12-08 17:16:06', 0, 1),
(38, '2019-12-08 17:16:06', '2019-12-12 08:38:50', 5, NULL, '2019-12-08 17:16:06', '2019-12-12 08:38:50', 0, 1),
(39, '2019-12-12 08:38:50', '2020-01-15 08:42:53', 5, NULL, '2019-12-12 08:38:50', '2020-01-15 08:42:54', 0, 1),
(40, '2020-01-15 08:42:55', '2020-01-15 08:42:56', 5, NULL, '2020-01-15 08:42:55', '2020-01-15 08:42:56', 0, 1),
(41, '2020-01-15 08:42:56', '2020-01-20 18:30:38', 5, NULL, '2020-01-15 08:42:56', '2020-01-20 18:30:38', 0, 1),
(42, '2020-01-20 18:30:39', '2020-01-21 08:35:54', 5, NULL, '2020-01-20 18:30:39', '2020-01-21 08:35:54', 0, 1),
(43, '2020-01-21 08:35:55', '2020-01-21 08:35:56', 5, NULL, '2020-01-21 08:35:55', '2020-01-21 08:35:56', 0, 1),
(44, '2020-01-21 08:35:56', '2020-01-22 17:14:13', 5, NULL, '2020-01-21 08:35:56', '2020-01-22 17:14:13', 0, 1),
(45, '2020-01-22 17:14:14', '2020-01-24 00:13:09', 5, NULL, '2020-01-22 17:14:14', '2020-01-24 00:13:09', 0, 1),
(46, '2020-01-24 00:13:09', '2020-01-24 08:57:13', 5, NULL, '2020-01-24 00:13:09', '2020-01-24 08:57:14', 0, 1),
(47, '2020-01-24 08:57:14', '2020-03-29 10:22:16', 5, NULL, '2020-01-24 08:57:14', '2020-03-29 10:22:16', 0, 1),
(48, '2020-01-28 12:26:39', '2020-01-28 12:27:48', 1, NULL, '2020-01-28 12:26:40', '2020-01-28 12:27:49', 0, 1),
(49, '2020-01-28 12:28:57', '2020-01-28 12:29:29', 1, NULL, '2020-01-28 12:28:57', '2020-01-28 12:29:29', 0, 1),
(50, '2020-01-28 12:30:41', '2020-01-28 12:31:11', 1, NULL, '2020-01-28 12:30:41', '2020-01-28 12:31:11', 0, 1),
(51, '2020-01-28 12:31:11', '2020-01-28 12:31:57', 1, NULL, '2020-01-28 12:31:11', '2020-01-28 12:31:57', 0, 1),
(52, '2020-01-28 12:34:51', '2020-01-28 12:40:07', 1, NULL, '2020-01-28 12:34:51', '2020-01-28 12:40:07', 0, 1),
(53, '2020-01-28 12:40:08', '2020-01-28 12:49:08', 1, NULL, '2020-01-28 12:40:08', '2020-01-28 12:49:08', 0, 1),
(54, '2020-01-28 12:49:26', '2020-01-28 12:56:42', 1, NULL, '2020-01-28 12:49:26', '2020-01-28 12:56:42', 0, 1),
(55, '2020-01-28 12:56:42', '2020-01-28 17:50:21', 1, NULL, '2020-01-28 12:56:42', '2020-01-28 17:50:21', 0, 1),
(56, '2020-01-28 17:50:21', '2020-01-29 07:49:37', 1, NULL, '2020-01-28 17:50:21', '2020-01-29 07:49:37', 0, 1),
(57, '2020-01-29 07:49:37', '2020-01-29 13:47:13', 1, NULL, '2020-01-29 07:49:37', '2020-01-29 13:47:13', 0, 1),
(58, '2020-01-29 13:47:13', '2020-01-31 18:56:53', 1, NULL, '2020-01-29 13:47:13', '2020-01-31 18:56:53', 0, 1),
(59, '2020-01-31 18:56:53', '2020-02-01 07:40:06', 1, NULL, '2020-01-31 18:56:53', '2020-02-01 07:40:06', 0, 1),
(60, '2020-02-01 07:40:06', '2020-02-02 08:01:16', 1, NULL, '2020-02-01 07:40:06', '2020-02-02 08:01:16', 0, 1),
(61, '2020-02-02 08:01:18', '2020-02-02 10:50:01', 1, NULL, '2020-02-02 08:01:18', '2020-02-02 10:50:01', 0, 1),
(62, '2020-02-02 10:50:02', '2020-02-02 15:57:07', 1, NULL, '2020-02-02 10:50:02', '2020-02-02 15:57:07', 0, 1),
(63, '2020-02-02 11:35:36', '2020-02-02 15:36:09', NULL, NULL, '2020-02-02 11:35:36', '2020-02-02 15:36:09', 0, 1),
(64, '2020-02-02 15:36:09', '2020-02-02 18:54:43', NULL, NULL, '2020-02-02 15:36:09', '2020-02-02 18:54:43', 0, 1),
(65, '2020-02-02 15:57:07', '2020-02-02 20:47:21', 1, NULL, '2020-02-02 15:57:07', '2020-02-02 20:47:21', 0, 1),
(66, '2020-02-02 18:54:43', '2020-02-02 19:10:45', NULL, NULL, '2020-02-02 18:54:43', '2020-02-02 19:10:45', 0, 1),
(67, '2020-02-02 19:11:00', '2020-02-04 19:15:08', NULL, NULL, '2020-02-02 19:11:00', '2020-02-04 19:15:08', 0, 1),
(68, '2020-02-02 20:47:21', '2020-02-05 20:26:51', 1, NULL, '2020-02-02 20:47:21', '2020-02-05 20:26:51', 0, 1),
(69, '2020-02-04 19:15:08', '2020-02-04 19:15:56', NULL, NULL, '2020-02-04 19:15:08', '2020-02-04 19:15:56', 0, 1),
(70, '2020-02-04 19:57:52', '2020-02-06 07:34:56', NULL, NULL, '2020-02-04 19:57:52', '2020-02-06 07:34:56', 0, 1),
(71, '2020-02-04 20:06:11', '2020-02-04 20:06:45', NULL, NULL, '2020-02-04 20:06:11', '2020-02-04 20:06:45', 0, 1),
(72, '2020-02-04 20:06:45', '2020-02-04 20:07:20', NULL, NULL, '2020-02-04 20:06:45', '2020-02-04 20:07:20', 0, 1),
(73, '2020-02-04 20:07:20', '2020-02-04 20:14:25', NULL, NULL, '2020-02-04 20:07:20', '2020-02-04 20:14:25', 0, 1),
(74, '2020-02-04 20:14:25', '2020-02-04 22:39:49', NULL, NULL, '2020-02-04 20:14:25', '2020-02-04 22:39:49', 0, 1),
(75, '2020-02-04 22:39:49', '2020-02-05 19:47:19', NULL, NULL, '2020-02-04 22:39:49', '2020-02-05 19:47:19', 0, 1),
(76, '2020-02-05 19:47:20', '2020-02-07 13:01:48', NULL, NULL, '2020-02-05 19:47:20', '2020-02-07 13:01:48', 0, 1),
(77, '2020-02-05 20:26:51', '2020-02-06 07:23:55', 1, NULL, '2020-02-05 20:26:51', '2020-02-06 07:23:55', 0, 1),
(78, '2020-02-06 07:23:56', '2020-02-06 07:26:41', 1, NULL, '2020-02-06 07:23:56', '2020-02-06 07:26:41', 0, 1),
(79, '2020-02-06 07:26:41', '2020-02-06 08:13:31', 1, NULL, '2020-02-06 07:26:41', '2020-02-06 08:13:31', 0, 1),
(80, '2020-02-06 07:34:56', '2020-02-06 07:38:18', NULL, NULL, '2020-02-06 07:34:56', '2020-02-06 07:38:18', 0, 1),
(81, '2020-02-06 07:47:04', '2020-02-08 19:41:20', NULL, 1, '2020-02-06 07:47:04', '2020-02-08 19:41:20', 0, 1),
(82, '2020-02-06 08:13:31', '2020-02-06 11:40:10', 1, NULL, '2020-02-06 08:13:31', '2020-02-06 11:40:10', 0, 1),
(83, '2020-02-06 11:40:10', '2020-02-06 15:39:42', 1, NULL, '2020-02-06 11:40:10', '2020-02-06 15:39:42', 0, 1),
(84, '2020-02-06 15:39:42', '2020-02-06 22:10:17', 1, NULL, '2020-02-06 15:39:42', '2020-02-06 22:10:17', 0, 1),
(85, '2020-02-06 15:45:16', '2020-02-07 11:03:47', NULL, NULL, '2020-02-06 15:45:16', '2020-02-07 11:03:47', 0, 1),
(86, '2020-02-06 22:10:17', '2020-02-06 22:10:23', 1, NULL, '2020-02-06 22:10:17', '2020-02-06 22:10:23', 0, 1),
(87, '2020-02-06 22:10:23', '2020-02-07 00:05:18', 1, NULL, '2020-02-06 22:10:23', '2020-02-07 00:05:18', 0, 1),
(88, '2020-02-07 00:05:18', '2020-02-07 07:29:11', 1, NULL, '2020-02-07 00:05:18', '2020-02-07 07:29:11', 0, 1),
(89, '2020-02-07 07:29:11', '2020-02-07 08:48:23', 1, NULL, '2020-02-07 07:29:11', '2020-02-07 08:48:23', 0, 1),
(90, '2020-02-07 08:48:23', '2020-02-07 10:15:42', 1, NULL, '2020-02-07 08:48:23', '2020-02-07 10:15:42', 0, 1),
(91, '2020-02-07 10:15:42', '2020-02-07 17:21:56', 1, NULL, '2020-02-07 10:15:42', '2020-02-07 17:21:56', 0, 1),
(92, '2020-02-07 11:03:47', '2020-02-07 13:01:13', NULL, NULL, '2020-02-07 11:03:47', '2020-02-07 13:01:13', 0, 1),
(93, '2020-02-07 13:01:48', '2020-03-20 15:57:13', NULL, NULL, '2020-02-07 13:01:48', '2020-03-20 15:57:13', 0, 1),
(94, '2020-02-07 17:21:56', '2020-02-07 20:49:53', 1, NULL, '2020-02-07 17:21:56', '2020-02-07 20:49:53', 0, 1),
(95, '2020-02-07 20:49:53', '2020-02-08 08:15:59', 1, NULL, '2020-02-07 20:49:53', '2020-02-08 08:15:59', 0, 1),
(96, '2020-02-08 08:15:59', '2020-02-08 13:54:23', 1, NULL, '2020-02-08 08:15:59', '2020-02-08 13:54:23', 0, 1),
(97, '2020-02-08 13:54:23', '2020-02-08 18:56:21', 1, NULL, '2020-02-08 13:54:23', '2020-02-08 18:56:21', 0, 1),
(98, '2020-02-08 18:56:21', '2020-02-09 10:25:05', 1, NULL, '2020-02-08 18:56:21', '2020-02-09 10:25:05', 0, 1),
(99, '2020-02-08 19:41:20', '2020-02-08 20:22:35', NULL, 1, '2020-02-08 19:41:20', '2020-02-08 20:22:35', 0, 1),
(100, '2020-02-08 20:22:35', '2020-02-09 10:09:28', NULL, 1, '2020-02-08 20:22:35', '2020-02-09 10:09:28', 0, 1),
(101, '2020-02-09 10:09:29', '2020-03-24 21:58:03', NULL, 1, '2020-02-09 10:09:29', '2020-03-24 21:58:03', 0, 1),
(102, '2020-02-09 10:25:05', '2020-02-09 15:38:38', 1, NULL, '2020-02-09 10:25:05', '2020-02-09 15:38:38', 0, 1),
(103, '2020-02-09 15:38:38', '2020-02-09 18:29:38', 1, NULL, '2020-02-09 15:38:38', '2020-02-09 18:29:38', 0, 1),
(104, '2020-02-09 18:33:45', '2020-02-09 18:40:40', 1, NULL, '2020-02-09 18:33:45', '2020-02-09 18:40:40', 0, 1),
(105, '2020-02-09 18:41:25', '2020-02-09 19:10:31', 1, NULL, '2020-02-09 18:41:25', '2020-02-09 19:10:31', 0, 1),
(106, '2020-02-09 19:10:32', '2020-02-09 19:23:07', 1, NULL, '2020-02-09 19:10:32', '2020-02-09 19:23:07', 0, 1),
(107, '2020-02-09 19:23:07', '2020-02-09 19:25:42', 1, NULL, '2020-02-09 19:23:07', '2020-02-09 19:25:42', 0, 1),
(108, '2020-02-09 19:25:42', '2020-02-09 19:28:41', 1, NULL, '2020-02-09 19:25:42', '2020-02-09 19:28:41', 0, 1),
(109, '2020-02-09 19:28:41', '2020-02-09 19:30:44', 1, NULL, '2020-02-09 19:28:41', '2020-02-09 19:30:44', 0, 1),
(110, '2020-02-09 19:30:45', '2020-02-09 19:35:40', 1, NULL, '2020-02-09 19:30:45', '2020-02-09 19:35:40', 0, 1),
(111, '2020-02-09 19:35:40', '2020-02-09 20:01:24', 1, NULL, '2020-02-09 19:35:40', '2020-02-09 20:01:24', 0, 1),
(112, '2020-02-09 20:01:24', '2020-02-09 20:04:22', 1, NULL, '2020-02-09 20:01:24', '2020-02-09 20:04:22', 0, 1),
(113, '2020-02-09 20:04:22', '2020-02-09 23:38:14', 1, NULL, '2020-02-09 20:04:22', '2020-02-09 23:38:14', 0, 1),
(114, '2020-02-09 23:38:14', '2020-02-09 23:43:24', 1, NULL, '2020-02-09 23:38:14', '2020-02-09 23:43:24', 0, 1),
(115, '2020-02-09 23:43:24', '2020-02-10 00:54:30', 1, NULL, '2020-02-09 23:43:24', '2020-02-10 00:54:30', 0, 1),
(116, '2020-02-10 00:54:30', '2020-02-10 09:14:07', 1, NULL, '2020-02-10 00:54:30', '2020-02-10 09:14:07', 0, 1),
(117, '2020-02-10 09:14:07', '2020-02-10 09:36:02', 1, NULL, '2020-02-10 09:14:07', '2020-02-10 09:36:02', 0, 1),
(118, '2020-02-10 09:36:03', '2020-02-10 09:40:02', 1, NULL, '2020-02-10 09:36:03', '2020-02-10 09:40:02', 0, 1),
(119, '2020-02-10 09:40:03', '2020-02-10 14:23:38', 1, NULL, '2020-02-10 09:40:03', '2020-02-10 14:23:38', 0, 1),
(120, '2020-02-10 14:23:38', '2020-02-10 19:43:22', 1, NULL, '2020-02-10 14:23:38', '2020-02-10 19:43:22', 0, 1),
(121, '2020-02-10 19:43:23', '2020-02-11 08:44:58', 1, NULL, '2020-02-10 19:43:23', '2020-02-11 08:44:58', 0, 1),
(122, '2020-02-11 08:44:58', '2020-02-11 11:53:32', 1, NULL, '2020-02-11 08:44:58', '2020-02-11 11:53:32', 0, 1),
(123, '2020-02-11 11:53:32', '2020-02-12 09:55:32', 1, NULL, '2020-02-11 11:53:32', '2020-02-12 09:55:32', 0, 1),
(124, '2020-02-12 09:55:32', '2020-02-12 11:17:06', 1, NULL, '2020-02-12 09:55:32', '2020-02-12 11:17:06', 0, 1),
(125, '2020-02-12 11:17:06', '2020-02-12 15:15:29', 1, NULL, '2020-02-12 11:17:06', '2020-02-12 15:15:29', 0, 1),
(126, '2020-02-12 15:15:29', '2020-02-12 17:24:04', 1, NULL, '2020-02-12 15:15:29', '2020-02-12 17:24:04', 0, 1),
(127, '2020-02-12 17:24:04', '2020-02-12 22:04:17', 1, NULL, '2020-02-12 17:24:04', '2020-02-12 22:04:17', 0, 1),
(128, '2020-02-12 22:04:18', '2020-02-13 08:16:07', 1, NULL, '2020-02-12 22:04:18', '2020-02-13 08:16:07', 0, 1),
(129, '2020-02-13 08:16:07', '2020-02-13 14:00:52', 1, NULL, '2020-02-13 08:16:07', '2020-02-13 14:00:52', 0, 1),
(130, '2020-02-13 14:00:52', '2020-02-13 20:22:49', 1, NULL, '2020-02-13 14:00:52', '2020-02-13 20:22:49', 0, 1),
(131, '2020-02-13 20:22:49', '2020-02-13 21:02:17', 1, NULL, '2020-02-13 20:22:49', '2020-02-13 21:02:17', 0, 1),
(132, '2020-02-13 21:02:51', '2020-02-14 07:30:13', 1, NULL, '2020-02-13 21:02:51', '2020-02-14 07:30:13', 0, 1),
(133, '2020-02-14 07:30:14', '2020-02-14 10:29:08', 1, NULL, '2020-02-14 07:30:14', '2020-02-14 10:29:08', 0, 1),
(134, '2020-02-14 10:29:09', '2020-02-14 18:02:14', 1, NULL, '2020-02-14 10:29:09', '2020-02-14 18:02:14', 0, 1),
(135, '2020-02-14 18:02:14', '2020-02-14 22:16:58', 1, NULL, '2020-02-14 18:02:14', '2020-02-14 22:16:58', 0, 1),
(136, '2020-02-14 22:16:58', '2020-02-14 22:33:54', 1, NULL, '2020-02-14 22:16:58', '2020-02-14 22:33:54', 0, 1),
(137, '2020-02-14 22:33:54', '2020-02-14 23:02:28', 1, NULL, '2020-02-14 22:33:54', '2020-02-14 23:02:28', 0, 1),
(138, '2020-02-14 23:02:28', '2020-02-15 00:51:05', 1, NULL, '2020-02-14 23:02:28', '2020-02-15 00:51:05', 0, 1),
(139, '2020-02-15 00:51:06', '2020-02-15 08:17:30', 1, NULL, '2020-02-15 00:51:06', '2020-02-15 08:17:31', 0, 1),
(140, '2020-02-15 08:17:33', '2020-02-15 08:17:33', 1, NULL, '2020-02-15 08:17:33', '2020-02-15 08:17:33', 0, 1),
(141, '2020-02-15 08:17:33', '2020-02-15 08:18:00', 1, NULL, '2020-02-15 08:17:33', '2020-02-15 08:18:00', 0, 1),
(142, '2020-02-15 08:18:00', '2020-02-15 14:25:47', 1, NULL, '2020-02-15 08:18:00', '2020-02-15 14:25:47', 0, 1),
(143, '2020-02-15 14:25:47', '2020-02-15 23:38:15', 1, NULL, '2020-02-15 14:25:47', '2020-02-15 23:38:15', 0, 1),
(144, '2020-02-15 23:38:15', '2020-02-16 08:40:40', 1, NULL, '2020-02-15 23:38:15', '2020-02-16 08:40:40', 0, 1),
(145, '2020-02-16 08:40:40', '2020-02-16 08:42:06', 1, NULL, '2020-02-16 08:40:40', '2020-02-16 08:42:06', 0, 1),
(146, '2020-02-16 08:42:07', '2020-02-16 18:33:09', 1, NULL, '2020-02-16 08:42:07', '2020-02-16 18:33:10', 0, 1),
(147, '2020-02-16 18:33:10', '2020-02-17 08:47:08', 1, NULL, '2020-02-16 18:33:10', '2020-02-17 08:47:09', 0, 1),
(148, '2020-02-17 08:47:10', '2020-02-17 08:47:46', 1, NULL, '2020-02-17 08:47:10', '2020-02-17 08:47:46', 0, 1),
(149, '2020-02-17 08:47:46', '2020-02-17 12:05:31', 1, NULL, '2020-02-17 08:47:46', '2020-02-17 12:05:31', 0, 1),
(150, '2020-02-17 12:05:32', '2020-02-17 12:09:26', 1, NULL, '2020-02-17 12:05:32', '2020-02-17 12:09:26', 0, 1),
(151, '2020-02-17 12:09:26', '2020-02-17 14:16:37', 1, NULL, '2020-02-17 12:09:26', '2020-02-17 14:16:37', 0, 1),
(152, '2020-02-17 14:16:37', '2020-02-17 16:09:02', 1, NULL, '2020-02-17 14:16:37', '2020-02-17 16:09:02', 0, 1),
(153, '2020-02-17 16:09:02', '2020-03-20 13:47:18', 1, NULL, '2020-02-17 16:09:02', '2020-03-20 13:47:18', 0, 1),
(154, '2020-03-20 13:41:26', '2020-03-20 13:47:04', NULL, NULL, '2020-03-20 13:41:27', '2020-03-20 13:47:04', 0, 1),
(155, '2020-03-20 13:47:18', '2020-03-20 19:47:32', 1, NULL, '2020-03-20 13:47:18', '2020-03-20 19:47:32', 0, 1),
(156, '2020-03-20 15:57:14', '2020-03-20 15:58:59', NULL, NULL, '2020-03-20 15:57:14', '2020-03-20 15:58:59', 0, 1),
(157, '2020-03-20 15:59:00', '2020-03-20 18:14:12', NULL, NULL, '2020-03-20 15:59:00', '2020-03-20 18:14:12', 0, 1),
(158, '2020-03-20 18:14:12', '2020-03-22 15:50:56', NULL, NULL, '2020-03-20 18:14:12', '2020-03-22 15:50:56', 0, 1),
(159, '2020-03-20 19:47:32', '2020-03-22 13:55:47', 1, NULL, '2020-03-20 19:47:32', '2020-03-22 13:55:48', 0, 1),
(160, '2020-03-22 13:55:49', '2020-03-23 10:33:16', 1, NULL, '2020-03-22 13:55:49', '2020-03-23 10:33:16', 0, 1),
(161, '2020-03-22 15:50:56', '2020-03-27 20:03:27', NULL, NULL, '2020-03-22 15:50:56', '2020-03-27 20:03:27', 0, 1),
(162, '2020-03-23 10:33:16', '2020-03-24 11:54:20', 1, NULL, '2020-03-23 10:33:16', '2020-03-24 11:54:20', 0, 1),
(163, '2020-03-24 11:54:20', '2020-03-24 19:10:28', 1, NULL, '2020-03-24 11:54:21', '2020-03-24 19:10:28', 0, 1),
(164, '2020-03-24 19:10:28', '2020-03-24 21:25:48', 1, NULL, '2020-03-24 19:10:28', '2020-03-24 21:25:48', 0, 1),
(165, '2020-03-24 21:25:48', '2020-03-24 21:59:39', 1, NULL, '2020-03-24 21:25:48', '2020-03-24 21:59:39', 0, 1),
(166, '2020-03-24 21:58:03', '2020-03-26 15:14:02', NULL, 1, '2020-03-24 21:58:03', '2020-03-26 15:14:02', 0, 1),
(167, '2020-03-24 21:59:39', '2020-03-25 07:59:18', 1, NULL, '2020-03-24 21:59:39', '2020-03-25 07:59:18', 0, 1),
(168, '2020-03-25 07:59:19', '2020-03-25 07:59:59', 1, NULL, '2020-03-25 07:59:19', '2020-03-25 07:59:59', 0, 1),
(169, '2020-03-25 07:59:59', '2020-03-25 10:36:06', 1, NULL, '2020-03-25 07:59:59', '2020-03-25 10:36:06', 0, 1),
(170, '2020-03-25 10:36:06', '2020-03-25 10:43:43', 1, NULL, '2020-03-25 10:36:06', '2020-03-25 10:43:43', 0, 1),
(171, '2020-03-25 10:40:32', '2020-03-26 12:11:15', NULL, NULL, '2020-03-25 10:40:32', '2020-03-26 12:11:15', 0, 1),
(172, '2020-03-25 10:43:43', '2020-03-25 13:29:12', 1, NULL, '2020-03-25 10:43:43', '2020-03-25 13:29:12', 0, 1),
(173, '2020-03-25 13:29:12', '2020-03-26 11:57:33', 1, NULL, '2020-03-25 13:29:12', '2020-03-26 11:57:33', 0, 1),
(174, '2020-03-26 11:57:34', '2020-03-26 12:40:36', 1, NULL, '2020-03-26 11:57:34', '2020-03-26 12:40:36', 0, 1),
(175, '2020-03-26 12:11:15', '2020-03-26 14:54:09', NULL, NULL, '2020-03-26 12:11:15', '2020-03-26 14:54:09', 0, 1),
(176, '2020-03-26 12:40:36', '2020-03-28 09:22:51', 1, NULL, '2020-03-26 12:40:36', '2020-03-28 09:22:51', 0, 1),
(177, '2020-03-26 14:54:09', '2020-03-26 15:13:37', NULL, NULL, '2020-03-26 14:54:09', '2020-03-26 15:13:37', 0, 1),
(178, '2020-03-26 15:14:02', '2020-03-27 16:42:15', NULL, 1, '2020-03-26 15:14:02', '2020-03-27 16:42:16', 0, 1),
(179, '2020-03-27 16:42:16', '2020-03-27 19:28:32', NULL, 1, '2020-03-27 16:42:16', '2020-03-27 19:28:32', 0, 1),
(180, '2020-03-27 19:28:32', NULL, NULL, 1, '2020-03-27 19:28:32', '2020-03-27 19:28:32', 0, 1),
(181, '2020-03-27 20:03:27', '2020-03-28 09:21:24', NULL, NULL, '2020-03-27 20:03:27', '2020-03-28 09:21:24', 0, 1),
(182, '2020-03-28 09:21:24', '2020-03-28 09:32:40', NULL, NULL, '2020-03-28 09:21:24', '2020-03-28 09:32:40', 0, 1),
(183, '2020-03-28 09:22:51', '2020-03-28 17:20:01', 1, NULL, '2020-03-28 09:22:51', '2020-03-28 17:20:01', 0, 1),
(184, '2020-03-28 09:32:40', '2020-03-28 09:36:15', NULL, NULL, '2020-03-28 09:32:40', '2020-03-28 09:36:15', 0, 1),
(185, '2020-03-28 09:36:16', '2020-03-28 16:29:45', NULL, NULL, '2020-03-28 09:36:16', '2020-03-28 16:29:45', 0, 1),
(186, '2020-03-28 16:29:45', NULL, NULL, NULL, '2020-03-28 16:29:45', '2020-03-28 16:29:45', 0, 1),
(187, '2020-03-28 17:20:01', '2020-03-28 20:43:01', 1, NULL, '2020-03-28 17:20:01', '2020-03-28 20:43:01', 0, 1),
(188, '2020-03-28 20:43:01', '2020-03-29 19:54:28', 1, NULL, '2020-03-28 20:43:01', '2020-03-29 19:54:28', 0, 1),
(189, '2020-03-29 10:22:16', '2020-03-29 10:25:47', 5, NULL, '2020-03-29 10:22:16', '2020-03-29 10:25:47', 0, 1),
(190, '2020-03-29 10:33:26', '2020-03-29 10:33:48', 5, NULL, '2020-03-29 10:33:26', '2020-03-29 10:33:48', 0, 1),
(191, '2020-03-29 12:32:27', '2020-03-29 12:41:57', 5, NULL, '2020-03-29 12:32:27', '2020-03-29 12:41:57', 0, 1),
(192, '2020-03-29 12:43:37', '2020-03-29 12:44:50', 5, NULL, '2020-03-29 12:43:37', '2020-03-29 12:44:50', 0, 1),
(193, '2020-03-29 12:44:50', '2020-03-29 12:52:57', 5, NULL, '2020-03-29 12:44:50', '2020-03-29 12:52:57', 0, 1),
(194, '2020-03-29 12:53:09', '2020-03-29 12:54:56', 5, NULL, '2020-03-29 12:53:09', '2020-03-29 12:54:56', 0, 1),
(195, '2020-03-29 12:55:14', '2020-03-29 13:01:05', 5, NULL, '2020-03-29 12:55:14', '2020-03-29 13:01:05', 0, 1),
(196, '2020-03-29 13:01:21', '2020-03-29 13:03:38', 5, NULL, '2020-03-29 13:01:21', '2020-03-29 13:03:38', 0, 1),
(197, '2020-03-29 13:03:38', '2020-03-29 13:08:29', 5, NULL, '2020-03-29 13:03:38', '2020-03-29 13:08:29', 0, 1),
(198, '2020-03-29 13:08:51', '2020-03-29 13:09:24', 5, NULL, '2020-03-29 13:08:51', '2020-03-29 13:09:24', 0, 1),
(199, '2020-03-29 13:09:39', '2020-03-29 13:12:51', 5, NULL, '2020-03-29 13:09:39', '2020-03-29 13:12:51', 0, 1),
(200, '2020-03-29 13:12:51', NULL, 5, NULL, '2020-03-29 13:12:51', '2020-03-29 13:12:51', 0, 1),
(201, '2020-03-29 19:54:28', '2020-03-29 22:43:48', 1, NULL, '2020-03-29 19:54:28', '2020-03-29 22:43:48', 0, 1),
(202, '2020-03-29 22:43:48', '2020-03-30 20:32:53', 1, NULL, '2020-03-29 22:43:48', '2020-03-30 20:32:53', 0, 1),
(203, '2020-03-30 20:32:53', '2020-03-31 08:54:32', 1, NULL, '2020-03-30 20:32:53', '2020-03-31 08:54:32', 0, 1),
(204, '2020-03-31 08:54:32', '2020-04-01 16:33:45', 1, NULL, '2020-03-31 08:54:32', '2020-04-01 16:33:45', 0, 1),
(205, '2020-04-01 16:33:46', '2020-04-01 17:17:50', 1, NULL, '2020-04-01 16:33:46', '2020-04-01 17:17:50', 0, 1),
(206, '2020-04-01 17:17:50', '2020-04-01 20:42:39', 1, NULL, '2020-04-01 17:17:50', '2020-04-01 20:42:39', 0, 1),
(207, '2020-04-01 20:42:39', '2020-04-02 06:14:34', 1, NULL, '2020-04-01 20:42:39', '2020-04-02 06:14:34', 0, 1),
(208, '2020-04-02 06:14:35', '2020-04-02 07:40:12', 1, NULL, '2020-04-02 06:14:35', '2020-04-02 07:40:12', 0, 1),
(209, '2020-04-02 07:40:12', '2020-04-02 10:27:19', 1, NULL, '2020-04-02 07:40:12', '2020-04-02 10:27:19', 0, 1),
(210, '2020-04-02 10:27:19', '2020-04-02 10:54:36', 1, NULL, '2020-04-02 10:27:19', '2020-04-02 10:54:36', 0, 1),
(211, '2020-04-02 10:54:36', '2020-04-02 12:33:13', 1, NULL, '2020-04-02 10:54:36', '2020-04-02 12:33:13', 0, 1),
(212, '2020-04-02 12:33:13', '2020-04-02 20:49:47', 1, NULL, '2020-04-02 12:33:13', '2020-04-02 20:49:47', 0, 1),
(213, '2020-04-02 20:49:47', '2020-04-03 08:00:47', 1, NULL, '2020-04-02 20:49:47', '2020-04-03 08:00:47', 0, 1),
(214, '2020-04-03 08:00:48', '2020-04-03 09:32:38', 1, NULL, '2020-04-03 08:00:48', '2020-04-03 09:32:38', 0, 1),
(215, '2020-04-03 09:32:38', '2020-04-03 13:58:05', 1, NULL, '2020-04-03 09:32:38', '2020-04-03 13:58:05', 0, 1),
(216, '2020-04-03 13:58:05', '2020-04-03 19:48:08', 1, NULL, '2020-04-03 13:58:05', '2020-04-03 19:48:08', 0, 1),
(217, '2020-04-03 19:48:08', '2020-04-03 23:29:38', 1, NULL, '2020-04-03 19:48:08', '2020-04-03 23:29:38', 0, 1),
(218, '2020-04-03 23:29:38', '2020-04-04 09:16:54', 1, NULL, '2020-04-03 23:29:38', '2020-04-04 09:16:54', 0, 1),
(219, '2020-04-04 09:16:54', '2020-04-04 10:54:35', 1, NULL, '2020-04-04 09:16:54', '2020-04-04 10:54:35', 0, 1),
(220, '2020-04-04 10:54:35', '2020-04-04 21:19:51', 1, NULL, '2020-04-04 10:54:35', '2020-04-04 21:19:51', 0, 1),
(221, '2020-04-04 21:19:51', '2020-04-05 09:34:25', 1, NULL, '2020-04-04 21:19:51', '2020-04-05 09:34:25', 0, 1),
(222, '2020-04-05 09:34:26', '2020-04-06 08:24:30', 1, NULL, '2020-04-05 09:34:26', '2020-04-06 08:24:30', 0, 1),
(223, '2020-04-06 08:24:30', '2020-04-06 10:31:29', 1, NULL, '2020-04-06 08:24:30', '2020-04-06 10:31:29', 0, 1),
(224, '2020-04-06 10:31:29', '2020-04-06 12:25:51', 1, NULL, '2020-04-06 10:31:29', '2020-04-06 12:25:51', 0, 1),
(225, '2020-04-06 12:25:51', '2020-04-06 14:12:19', 1, NULL, '2020-04-06 12:25:51', '2020-04-06 14:12:19', 0, 1),
(226, '2020-04-06 14:09:27', NULL, NULL, NULL, '2020-04-06 14:09:27', '2020-04-06 14:09:27', 0, 1),
(227, '2020-04-06 14:12:19', '2020-04-06 19:28:08', 1, NULL, '2020-04-06 14:12:19', '2020-04-06 19:28:08', 0, 1),
(228, '2020-04-06 19:28:08', '2020-04-07 08:37:24', 1, NULL, '2020-04-06 19:28:08', '2020-04-07 08:37:24', 0, 1),
(229, '2020-04-07 08:37:25', '2020-04-07 12:23:57', 1, NULL, '2020-04-07 08:37:25', '2020-04-07 12:23:57', 0, 1),
(230, '2020-04-07 12:23:57', '2020-04-07 19:36:29', 1, NULL, '2020-04-07 12:23:57', '2020-04-07 19:36:29', 0, 1),
(231, '2020-04-07 19:36:29', '2020-04-08 14:18:45', 1, NULL, '2020-04-07 19:36:29', '2020-04-08 14:18:47', 0, 1),
(232, '2020-04-08 14:18:49', '2020-04-08 19:34:01', 1, NULL, '2020-04-08 14:18:49', '2020-04-08 19:34:01', 0, 1),
(233, '2020-04-08 19:34:02', '2020-04-09 08:16:44', 1, NULL, '2020-04-08 19:34:02', '2020-04-09 08:16:44', 0, 1),
(234, '2020-04-09 08:16:44', '2020-04-09 19:44:26', 1, NULL, '2020-04-09 08:16:44', '2020-04-09 19:44:26', 0, 1),
(235, '2020-04-09 19:44:26', '2020-04-10 14:07:33', 1, NULL, '2020-04-09 19:44:26', '2020-04-10 14:07:33', 0, 1),
(236, '2020-04-10 14:07:33', '2020-04-10 19:16:29', 1, NULL, '2020-04-10 14:07:33', '2020-04-10 19:16:29', 0, 1),
(237, '2020-04-10 19:16:29', '2020-04-10 20:31:21', 1, NULL, '2020-04-10 19:16:29', '2020-04-10 20:31:21', 0, 1),
(238, '2020-04-10 20:31:22', '2020-04-11 08:34:15', 1, NULL, '2020-04-10 20:31:22', '2020-04-11 08:34:15', 0, 1),
(239, '2020-04-11 08:34:15', '2020-04-11 15:54:05', 1, NULL, '2020-04-11 08:34:15', '2020-04-11 15:54:05', 0, 1),
(240, '2020-04-11 15:54:05', '2020-04-11 18:01:55', 1, NULL, '2020-04-11 15:54:05', '2020-04-11 18:01:55', 0, 1),
(241, '2020-04-11 18:01:56', '2020-04-12 09:12:28', 1, NULL, '2020-04-11 18:01:56', '2020-04-12 09:12:28', 0, 1),
(242, '2020-04-12 09:12:28', '2020-04-12 19:26:46', 1, NULL, '2020-04-12 09:12:28', '2020-04-12 19:26:46', 0, 1),
(243, '2020-04-12 19:26:46', '2020-04-13 08:19:26', 1, NULL, '2020-04-12 19:26:46', '2020-04-13 08:19:26', 0, 1),
(244, '2020-04-13 08:19:26', '2020-04-13 14:18:28', 1, NULL, '2020-04-13 08:19:26', '2020-04-13 14:18:28', 0, 1),
(245, '2020-04-13 14:18:28', '2020-04-13 21:14:32', 1, NULL, '2020-04-13 14:18:28', '2020-04-13 21:14:32', 0, 1),
(246, '2020-04-13 21:14:32', '2020-04-13 21:35:45', 1, NULL, '2020-04-13 21:14:32', '2020-04-13 21:35:45', 0, 1),
(247, '2020-04-13 21:35:45', '2020-04-13 21:38:02', 1, NULL, '2020-04-13 21:35:45', '2020-04-13 21:38:02', 0, 1),
(248, '2020-04-13 21:38:02', '2020-04-14 11:38:20', 1, NULL, '2020-04-13 21:38:02', '2020-04-14 11:38:20', 0, 1),
(249, '2020-04-14 11:38:20', '2020-04-14 16:30:00', 1, NULL, '2020-04-14 11:38:20', '2020-04-14 16:30:00', 0, 1),
(250, '2020-04-14 16:30:00', '2020-04-14 21:02:32', 1, NULL, '2020-04-14 16:30:00', '2020-04-14 21:02:32', 0, 1),
(251, '2020-04-14 21:02:32', '2020-04-15 10:04:42', 1, NULL, '2020-04-14 21:02:32', '2020-04-15 10:04:42', 0, 1),
(252, '2020-04-15 10:04:42', '2020-04-15 10:10:32', 1, NULL, '2020-04-15 10:04:42', '2020-04-15 10:10:32', 0, 1),
(253, '2020-04-15 10:10:32', '2020-04-16 03:14:51', 1, NULL, '2020-04-15 10:10:32', '2020-04-16 03:14:51', 0, 1),
(254, '2020-04-16 03:14:52', '2020-04-16 07:15:26', 1, NULL, '2020-04-16 03:14:52', '2020-04-16 07:15:26', 0, 1),
(255, '2020-04-16 07:15:26', '2020-04-16 14:08:35', 1, NULL, '2020-04-16 07:15:26', '2020-04-16 14:08:35', 0, 1),
(256, '2020-04-16 14:08:35', '2020-04-16 16:40:42', 1, NULL, '2020-04-16 14:08:35', '2020-04-16 16:40:42', 0, 1),
(257, '2020-04-16 16:40:42', NULL, 1, NULL, '2020-04-16 16:40:42', '2020-04-16 16:40:42', 0, 1);

-- --------------------------------------------------------

--
-- Structure de la table `demandeentretien`
--

CREATE TABLE `demandeentretien` (
  `id` int(11) NOT NULL,
  `typeentretienvehicule_id` int(11) NOT NULL,
  `reference` varchar(10) DEFAULT NULL,
  `vehicule_id` int(11) NOT NULL,
  `carplan_id` int(11) DEFAULT NULL,
  `comment` text NOT NULL,
  `image` varchar(200) DEFAULT NULL,
  `etat_id` int(11) NOT NULL,
  `date_approuve` datetime DEFAULT NULL,
  `employe_id` int(11) DEFAULT NULL,
  `created` datetime DEFAULT NULL,
  `modified` datetime DEFAULT NULL,
  `protected` int(11) NOT NULL DEFAULT '0',
  `valide` int(11) NOT NULL DEFAULT '1'
) ENGINE=InnoDB DEFAULT CHARSET=utf8;

--
-- Déchargement des données de la table `demandeentretien`
--

INSERT INTO `demandeentretien` (`id`, `typeentretienvehicule_id`, `reference`, `vehicule_id`, `carplan_id`, `comment`, `image`, `etat_id`, `date_approuve`, `employe_id`, `created`, `modified`, `protected`, `valide`) VALUES
(1, 2, 'SQFQF5', 3, 2, 'Je veux faire laver ma voiture site a la mission effectuée la semaine dans le nord du pays', '', 0, '2020-02-07 12:18:14', NULL, '2020-02-02 20:33:51', '2020-02-07 12:18:14', 0, 1),
(2, 2, '58FDF9', 3, 1, 'Je veux faire laver ma voiture site a la mission effectuée la semaine dans le nord du pays', '', 1, '2020-02-07 00:14:50', NULL, '2020-02-02 20:35:55', '2020-02-07 00:14:50', 0, 1),
(3, 2, 'JNGJ56', 3, 3, 'Je veux faire laver ma voiture site a la mission effectuée la semaine dans le nord du pays', '4135449a.jpg', -1, '2020-02-07 08:57:21', NULL, '2020-02-02 20:41:54', '2020-02-07 08:57:21', 0, 1),
(4, 2, 'DFBDFF', 3, 1, 'Je veux faire laver ma voiture site a la mission effectuée la semaine dans le nord du pays', '464246b6.jpg', 1, '2020-04-16 10:23:54', NULL, '2020-02-02 20:43:15', '2020-04-16 10:23:54', 0, 1),
(5, 2, '5589DF', 3, 2, 'Je veux faire laver ma voiture site a la mission effectuée la semaine dans le nord du pays', '4e009f63.jpg', 0, '2020-04-16 10:13:37', NULL, '2020-02-02 20:45:19', '2020-04-16 10:13:37', 0, 1);

-- --------------------------------------------------------

--
-- Structure de la table `employe`
--

CREATE TABLE `employe` (
  `id` int(11) NOT NULL,
  `name` varchar(50) NOT NULL,
  `adresse` varchar(150) DEFAULT NULL,
  `email` varchar(255) DEFAULT NULL,
  `contact` varchar(200) DEFAULT NULL,
  `login` varchar(50) NOT NULL,
  `password` text NOT NULL,
  `image` varchar(50) NOT NULL,
  `is_new` int(11) NOT NULL DEFAULT '0',
  `is_allowed` int(11) NOT NULL DEFAULT '1',
  `visibility` int(11) NOT NULL DEFAULT '0',
  `created` datetime DEFAULT NULL,
  `modified` datetime DEFAULT NULL,
  `protected` int(11) NOT NULL DEFAULT '0',
  `valide` int(11) NOT NULL DEFAULT '1'
) ENGINE=InnoDB DEFAULT CHARSET=utf8;

--
-- Déchargement des données de la table `employe`
--

INSERT INTO `employe` (`id`, `name`, `adresse`, `email`, `contact`, `login`, `password`, `image`, `is_new`, `is_allowed`, `visibility`, `created`, `modified`, `protected`, `valide`) VALUES
(1, 'GPA ', 'Marcory Quartier anoumanbo', 'infos@artci.ci', '22775896', 'root', '5e9795e3f3ab55e7790a6283507c085db0d764fc', 'default.png', 0, 1, 1, NULL, '2019-10-17 17:51:13', 1, 1),
(5, 'Aristide', 'Port-Bouet Rue de la baltique', 'glpiadmin@artci.lan', '59 57 33 07', 'ari', '5e9795e3f3ab55e7790a6283507c085db0d764fc', 'default.png', 0, 1, 1, '2019-10-17 17:49:16', '2020-03-29 12:43:37', 0, 1),
(6, 'Onadié', 'Bassam', 'onadin@yahoo.fr', '01793000', 'cajio', 'a2ebc171b61c938161a52826012fcd75d964b11b', 'default.png', 0, 1, 1, '2019-10-17 17:51:33', '2019-11-05 14:40:57', 0, 1),
(7, 'Groualliard', NULL, NULL, '47 58 93 21', 'ee69ae4', '132006c933f81f4e42166461e03429ab757bf1a3', 'default.png', 1, 1, 1, '2020-02-14 23:53:18', '2020-02-14 23:53:18', 0, 1),
(8, 'Groualliard', NULL, NULL, '47 58 93 21', '15dc9d7', '41fcefff511fe260323ae444f14497dc7081ce9c', 'default.png', 1, 1, 1, '2020-02-14 23:53:57', '2020-02-14 23:53:57', 0, 0);

-- --------------------------------------------------------

--
-- Structure de la table `energie`
--

CREATE TABLE `energie` (
  `id` int(11) NOT NULL,
  `name` varchar(50) NOT NULL,
  `created` datetime DEFAULT NULL,
  `modified` datetime DEFAULT NULL,
  `protected` int(11) NOT NULL DEFAULT '0',
  `valide` int(11) NOT NULL DEFAULT '1'
) ENGINE=InnoDB DEFAULT CHARSET=utf8;

--
-- Déchargement des données de la table `energie`
--

INSERT INTO `energie` (`id`, `name`, `created`, `modified`, `protected`, `valide`) VALUES
(1, 'Diesel', NULL, NULL, 1, 1),
(2, 'Essence / Super', NULL, '2019-10-18 12:19:54', 1, 1),
(3, 'Gazoil', NULL, NULL, 1, 1),
(4, 'Electricité', NULL, NULL, 1, 1),
(5, 'Gaz', NULL, '2019-10-18 12:20:05', 1, 1),
(6, 'GPL / GNV', NULL, NULL, 1, 1);

-- --------------------------------------------------------

--
-- Structure de la table `entretienmachine`
--

CREATE TABLE `entretienmachine` (
  `id` int(11) NOT NULL,
  `reference` varchar(10) DEFAULT NULL,
  `name` varchar(200) NOT NULL,
  `machine_id` int(11) NOT NULL,
  `started` datetime DEFAULT NULL,
  `finished` datetime DEFAULT NULL,
  `prestataire_id` int(11) DEFAULT NULL,
  `price` int(11) DEFAULT NULL,
  `etat_id` int(11) NOT NULL,
  `date_approuve` datetime DEFAULT NULL,
  `employe_id` int(11) NOT NULL,
  `comment` text,
  `created` datetime DEFAULT NULL,
  `modified` datetime DEFAULT NULL,
  `protected` int(11) NOT NULL DEFAULT '0',
  `valide` int(11) NOT NULL DEFAULT '1'
) ENGINE=InnoDB DEFAULT CHARSET=utf8;

--
-- Déchargement des données de la table `entretienmachine`
--

INSERT INTO `entretienmachine` (`id`, `reference`, `name`, `machine_id`, `started`, `finished`, `prestataire_id`, `price`, `etat_id`, `date_approuve`, `employe_id`, `comment`, `created`, `modified`, `protected`, `valide`) VALUES
(1, 'SDFS5DF', 'Lavage Auto suite à la demande d\'entretien ', 3, '2020-02-08 00:00:00', '2020-02-13 00:00:00', 1, 152000, 2, '2020-02-10 15:00:48', 0, 'Je veux faire laver ma voiture site a la mission effectuée la semaine dans le nord du pays', '2020-02-07 00:05:59', '2020-02-10 15:00:48', 0, 1),
(2, 'SDFS6565', 'Lavage Auto suite à la demande d\'entretien ', 3, '2020-02-08 00:00:00', '2020-02-11 00:00:00', 1, 152000, 0, NULL, 0, 'Je veux faire laver ma voiture site a la mission effectuée la semaine dans le nord du pays', '2020-02-07 00:10:20', '2020-02-07 00:10:20', 0, 1),
(3, 'VBBVNVCK5', 'Lavage Auto suite à la demande d\'entretien ', 3, '2020-02-07 00:00:00', '2020-02-08 00:00:00', 1, 200000, 1, NULL, 0, 'Je veux faire laver ma voiture site a la mission effectuée la semaine dans le nord du pays', '2020-02-07 00:15:05', '2020-02-07 00:15:05', 0, 1),
(4, 'L?NBK54', 'Lavage Auto suite à la demande d\'entretien ', 3, '2020-02-07 00:00:00', '2020-02-08 00:00:00', 1, 152000, -1, '2020-02-10 19:44:51', 0, 'Je veux faire laver ma voiture site a la mission effectuée la semaine dans le nord du pays', '2020-02-07 08:56:05', '2020-02-10 19:44:51', 0, 1),
(5, 'BHFG87DD', 'Entretein suite au sinitre #dsfs7785 // ', 3, '2020-02-28 00:00:00', '2020-02-29 00:00:00', 1, 100000, 1, NULL, 0, 'orme ipsum Lorem ipsum dolor sit amet, consectetuer adipiscing elit. Aenean commodo ligula eget dolor. Aenean massa. Cum sociis natoque penatibus et magnis dis parturient montes, nascetur ridiculus mus.', '2020-02-07 12:27:52', '2020-02-07 12:27:52', 0, 1),
(6, 'BKVO45VB', 'Entretein suite au sinitre #dsfsd985 // Vol', 1, '2020-02-14 00:00:00', '2020-02-28 00:00:00', 1, 45000, 0, NULL, 0, 'Lorem ipsum dolor sit amet, consectetuer adipiscing elit. Aenean commodo ligula eget dolor. Aenean massa. Cum sociis natoque penatibus et magnis dis parturient montes, nascetur ridiculus mus.', '2020-02-07 12:29:13', '2020-02-07 12:29:13', 0, 1),
(7, '645454T', 'Entretein suite au sinitre #25612sdf // Vol', 1, '2020-02-21 00:00:00', '2020-02-29 00:00:00', 1, 52000, 1, NULL, 0, 'Lorem ipsum dolor sit amet, consectetuer adipiscing elit. Aenean commodo ligula eget dolor. Aenean massa. Cum sociis natoque penatibus et magnis dis parturient montes, nascetur ridiculus mus.', '2020-02-07 12:38:50', '2020-02-07 12:38:50', 0, 1),
(8, 'ABF08D', 'entretien dû au sinistre', 3, '2020-03-20 00:00:00', '2020-03-28 00:00:00', 1, 35000, 0, NULL, 0, '', '2020-03-20 18:26:07', '2020-03-20 18:26:07', 0, 1),
(9, NULL, 'Lavage Auto', 3, '2020-04-16 00:00:00', '2020-04-23 00:00:00', 1, 145000, 1, '2020-04-16 10:13:37', 0, 'Je veux faire laver ma voiture site a la mission effectuée la semaine dans le nord du pays', '2020-04-16 10:13:38', '2020-04-16 10:13:38', 0, 1),
(10, NULL, 'Lavage Auto', 3, '2020-04-16 00:00:00', '2020-04-19 00:00:00', 1, 145000, 1, '2020-04-16 10:15:54', 0, 'Je veux faire laver ma voiture site a la mission effectuée la semaine dans le nord du pays', '2020-04-16 10:15:54', '2020-04-16 10:15:54', 0, 1),
(11, NULL, 'Lavage Auto', 3, '2020-04-16 00:00:00', '2020-04-19 00:00:00', 1, 145000, 1, '2020-04-16 10:23:01', 0, 'Je veux faire laver ma voiture site a la mission effectuée la semaine dans le nord du pays', '2020-04-16 10:23:01', '2020-04-16 10:23:01', 0, 1),
(12, NULL, 'Lavage Auto', 3, '2020-04-16 00:00:00', '2020-04-19 00:00:00', 1, 145000, 1, '2020-04-16 10:23:54', 0, 'Je veux faire laver ma voiture site a la mission effectuée la semaine dans le nord du pays', '2020-04-16 10:23:55', '2020-04-16 10:23:55', 0, 1);

-- --------------------------------------------------------

--
-- Structure de la table `entretienvehicule`
--

CREATE TABLE `entretienvehicule` (
  `id` int(11) NOT NULL,
  `reference` varchar(10) DEFAULT NULL,
  `name` varchar(200) NOT NULL,
  `typeentretienvehicule_id` int(11) NOT NULL,
  `vehicule_id` int(11) NOT NULL,
  `started` datetime DEFAULT NULL,
  `finished` datetime DEFAULT NULL,
  `prestataire_id` int(11) DEFAULT NULL,
  `price` int(11) DEFAULT NULL,
  `etat_id` int(11) NOT NULL,
  `date_approuve` datetime DEFAULT NULL,
  `comment` text,
  `employe_id` int(11) NOT NULL,
  `created` datetime DEFAULT NULL,
  `modified` datetime DEFAULT NULL,
  `protected` int(11) NOT NULL DEFAULT '0',
  `valide` int(11) NOT NULL DEFAULT '1'
) ENGINE=InnoDB DEFAULT CHARSET=utf8;

--
-- Déchargement des données de la table `entretienvehicule`
--

INSERT INTO `entretienvehicule` (`id`, `reference`, `name`, `typeentretienvehicule_id`, `vehicule_id`, `started`, `finished`, `prestataire_id`, `price`, `etat_id`, `date_approuve`, `comment`, `employe_id`, `created`, `modified`, `protected`, `valide`) VALUES
(1, 'SDFS5DF', 'Lavage Auto suite à la demande d\'entretien ', 2, 3, '2020-02-08 00:00:00', '2020-02-13 00:00:00', 1, 152000, 2, '2020-02-10 15:00:48', 'Je veux faire laver ma voiture site a la mission effectuée la semaine dans le nord du pays', 0, '2020-02-07 00:05:59', '2020-02-10 15:00:48', 0, 1),
(2, 'SDFS6565', 'Lavage Auto suite à la demande d\'entretien ', 2, 3, '2020-02-08 00:00:00', '2020-02-11 00:00:00', 1, 152000, 0, NULL, 'Je veux faire laver ma voiture site a la mission effectuée la semaine dans le nord du pays', 0, '2020-02-07 00:10:20', '2020-02-07 00:10:20', 0, 1),
(3, 'VBBVNVCK5', 'Lavage Auto suite à la demande d\'entretien ', 2, 3, '2020-02-07 00:00:00', '2020-02-08 00:00:00', 1, 200000, 1, NULL, 'Je veux faire laver ma voiture site a la mission effectuée la semaine dans le nord du pays', 0, '2020-02-07 00:15:05', '2020-02-07 00:15:05', 0, 1),
(4, 'L?NBK54', 'Lavage Auto suite à la demande d\'entretien ', 2, 3, '2020-02-07 00:00:00', '2020-02-08 00:00:00', 1, 152000, -1, '2020-02-10 19:44:51', 'Je veux faire laver ma voiture site a la mission effectuée la semaine dans le nord du pays', 0, '2020-02-07 08:56:05', '2020-02-10 19:44:51', 0, 1),
(5, 'BHFG87DD', 'Entretein suite au sinitre #dsfs7785 // ', 1, 3, '2020-02-28 00:00:00', '2020-02-29 00:00:00', 1, 100000, 1, NULL, 'orme ipsum Lorem ipsum dolor sit amet, consectetuer adipiscing elit. Aenean commodo ligula eget dolor. Aenean massa. Cum sociis natoque penatibus et magnis dis parturient montes, nascetur ridiculus mus.', 0, '2020-02-07 12:27:52', '2020-02-07 12:27:52', 0, 1),
(6, 'BKVO45VB', 'Entretein suite au sinitre #dsfsd985 // Vol', 1, 1, '2020-02-14 00:00:00', '2020-02-28 00:00:00', 1, 45000, 0, NULL, 'Lorem ipsum dolor sit amet, consectetuer adipiscing elit. Aenean commodo ligula eget dolor. Aenean massa. Cum sociis natoque penatibus et magnis dis parturient montes, nascetur ridiculus mus.', 0, '2020-02-07 12:29:13', '2020-02-07 12:29:13', 0, 1),
(7, '645454T', 'Entretein suite au sinitre #25612sdf // Vol', 1, 1, '2020-02-21 00:00:00', '2020-02-29 00:00:00', 1, 52000, 1, NULL, 'Lorem ipsum dolor sit amet, consectetuer adipiscing elit. Aenean commodo ligula eget dolor. Aenean massa. Cum sociis natoque penatibus et magnis dis parturient montes, nascetur ridiculus mus.', 0, '2020-02-07 12:38:50', '2020-02-07 12:38:50', 0, 1),
(8, 'ABF08D', 'entretien dû au sinistre', 1, 3, '2020-03-20 00:00:00', '2020-03-28 00:00:00', 1, 35000, 0, NULL, '', 0, '2020-03-20 18:26:07', '2020-03-20 18:26:07', 0, 1),
(9, NULL, 'Lavage Auto', 2, 3, '2020-04-16 00:00:00', '2020-04-23 00:00:00', 1, 145000, 1, '2020-04-16 10:13:37', 'Je veux faire laver ma voiture site a la mission effectuée la semaine dans le nord du pays', 0, '2020-04-16 10:13:38', '2020-04-16 10:13:38', 0, 1),
(10, NULL, 'Lavage Auto', 2, 3, '2020-04-16 00:00:00', '2020-04-19 00:00:00', 1, 145000, 1, '2020-04-16 10:15:54', 'Je veux faire laver ma voiture site a la mission effectuée la semaine dans le nord du pays', 0, '2020-04-16 10:15:54', '2020-04-16 10:15:54', 0, 1),
(11, NULL, 'Lavage Auto', 2, 3, '2020-04-16 00:00:00', '2020-04-19 00:00:00', 1, 145000, 1, '2020-04-16 10:23:01', 'Je veux faire laver ma voiture site a la mission effectuée la semaine dans le nord du pays', 0, '2020-04-16 10:23:01', '2020-04-16 10:23:01', 0, 1),
(12, NULL, 'Lavage Auto', 2, 3, '2020-04-16 00:00:00', '2020-04-19 00:00:00', 1, 145000, 1, '2020-04-16 10:23:54', 'Je veux faire laver ma voiture site a la mission effectuée la semaine dans le nord du pays', 0, '2020-04-16 10:23:55', '2020-04-16 10:23:55', 0, 1);

-- --------------------------------------------------------

--
-- Structure de la table `etat`
--

CREATE TABLE `etat` (
  `id` int(11) NOT NULL,
  `name` varchar(200) NOT NULL,
  `class` varchar(50) NOT NULL,
  `protected` int(11) NOT NULL DEFAULT '1',
  `valide` int(11) NOT NULL DEFAULT '1'
) ENGINE=InnoDB DEFAULT CHARSET=utf8;

--
-- Déchargement des données de la table `etat`
--

INSERT INTO `etat` (`id`, `name`, `class`, `protected`, `valide`) VALUES
(-2, 'Expiré', 'danger', 1, 1),
(-1, 'annulé', 'danger', 1, 1),
(0, 'en cours', 'info', 1, 1),
(1, 'approuvé', 'success', 1, 1),
(2, 'terminé', 'success', 1, 1);

-- --------------------------------------------------------

--
-- Structure de la table `etatchauffeur`
--

CREATE TABLE `etatchauffeur` (
  `id` int(11) NOT NULL,
  `name` varchar(200) NOT NULL,
  `class` varchar(50) NOT NULL,
  `protected` int(11) NOT NULL DEFAULT '1',
  `valide` int(11) NOT NULL DEFAULT '1'
) ENGINE=InnoDB DEFAULT CHARSET=utf8;

--
-- Déchargement des données de la table `etatchauffeur`
--

INSERT INTO `etatchauffeur` (`id`, `name`, `class`, `protected`, `valide`) VALUES
(-1, 'Indisponible', 'danger', 1, 1),
(0, 'libre, dans le parc', 'success', 1, 1),
(1, 'En mission', 'warning', 1, 1);

-- --------------------------------------------------------

--
-- Structure de la table `etatmanoeuvre`
--

CREATE TABLE `etatmanoeuvre` (
  `id` int(11) NOT NULL,
  `name` varchar(200) NOT NULL,
  `class` varchar(50) NOT NULL,
  `protected` int(11) NOT NULL DEFAULT '1',
  `valide` int(11) NOT NULL DEFAULT '1'
) ENGINE=InnoDB DEFAULT CHARSET=utf8;

--
-- Déchargement des données de la table `etatmanoeuvre`
--

INSERT INTO `etatmanoeuvre` (`id`, `name`, `class`, `protected`, `valide`) VALUES
(-1, 'Indisponible', 'danger', 1, 1),
(0, 'libre, dans le parc', 'success', 1, 1),
(1, 'En mission', 'warning', 1, 1);

-- --------------------------------------------------------

--
-- Structure de la table `etatvehicule`
--

CREATE TABLE `etatvehicule` (
  `id` int(11) NOT NULL,
  `name` varchar(200) NOT NULL,
  `class` varchar(50) NOT NULL,
  `protected` int(11) NOT NULL DEFAULT '1',
  `valide` int(11) NOT NULL DEFAULT '1'
) ENGINE=InnoDB DEFAULT CHARSET=utf8;

--
-- Déchargement des données de la table `etatvehicule`
--

INSERT INTO `etatvehicule` (`id`, `name`, `class`, `protected`, `valide`) VALUES
(-2, 'Déclassé', 'danger', 1, 1),
(-1, 'Indisponible', 'danger', 1, 1),
(0, 'RAS', 'success', 1, 1),
(1, 'En entretien', 'warning', 1, 1),
(2, 'En mission', 'primary', 1, 1),
(3, 'Affecté temporairement', 'info', 1, 1),
(4, 'Véhicule prété', 'default', 1, 1),
(5, 'Sinistré', '', 1, 1);

-- --------------------------------------------------------

--
-- Structure de la table `exigenceproduction`
--

CREATE TABLE `exigenceproduction` (
  `id` int(11) NOT NULL,
  `produit_id` int(20) NOT NULL,
  `quantite` int(11) NOT NULL,
  `created` datetime DEFAULT NULL,
  `modified` datetime DEFAULT NULL,
  `protected` int(11) NOT NULL DEFAULT '0',
  `valide` int(11) NOT NULL DEFAULT '1'
) ENGINE=InnoDB DEFAULT CHARSET=utf8;

--
-- Déchargement des données de la table `exigenceproduction`
--

INSERT INTO `exigenceproduction` (`id`, `produit_id`, `quantite`, `created`, `modified`, `protected`, `valide`) VALUES
(8, 3, 50, '2020-04-09 08:24:46', '2020-04-13 14:41:28', 0, 1),
(9, 4, 1, '2020-04-09 12:37:04', '2020-04-09 12:37:55', 0, 1),
(10, 1, 300, '2020-04-09 12:38:26', '2020-04-13 14:40:12', 0, 1),
(11, 1, 1, '2020-04-09 12:41:11', '2020-04-09 12:41:55', 0, 1),
(12, 2, 1, '2020-04-09 12:42:27', '2020-04-09 12:42:59', 0, 1),
(13, 2, 1, '2020-04-09 12:44:34', '2020-04-09 12:44:35', 0, 1),
(14, 1, 1, '2020-04-09 12:52:42', '2020-04-09 12:53:21', 0, 1),
(15, 1, 1, '2020-04-09 13:07:37', '2020-04-09 13:10:20', 0, 1),
(16, 3, 1, '2020-04-10 14:07:33', '2020-04-10 22:04:26', 0, 1),
(17, 0, 0, '2020-04-11 08:34:15', '2020-04-11 08:34:15', 0, 1);

-- --------------------------------------------------------

--
-- Structure de la table `groupecommande`
--

CREATE TABLE `groupecommande` (
  `id` int(11) NOT NULL,
  `client_id` int(20) NOT NULL,
  `etat_id` int(11) NOT NULL,
  `created` datetime DEFAULT NULL,
  `modified` datetime DEFAULT NULL,
  `protected` int(11) NOT NULL DEFAULT '0',
  `valide` int(11) NOT NULL DEFAULT '1'
) ENGINE=InnoDB DEFAULT CHARSET=utf8;

--
-- Déchargement des données de la table `groupecommande`
--

INSERT INTO `groupecommande` (`id`, `client_id`, `etat_id`, `created`, `modified`, `protected`, `valide`) VALUES
(1, 4, 1, '2020-04-06 15:16:34', '2020-04-07 19:43:06', 0, 1),
(2, 4, 1, '2020-04-06 15:40:16', '2020-04-07 19:43:06', 0, 1),
(3, 4, 0, '2020-04-06 15:40:22', '2020-04-06 15:40:22', 0, 1),
(4, 4, 1, '2020-04-06 22:30:19', '2020-04-07 19:43:06', 0, 1),
(5, 4, 0, '2020-04-06 22:30:25', '2020-04-06 22:30:25', 0, 1),
(6, 4, 0, '2020-04-06 22:32:22', '2020-04-06 22:32:22', 0, 1);

-- --------------------------------------------------------

--
-- Structure de la table `groupemanoeuvre`
--

CREATE TABLE `groupemanoeuvre` (
  `id` int(11) NOT NULL,
  `name` varchar(200) NOT NULL,
  `created` datetime DEFAULT NULL,
  `modified` datetime DEFAULT NULL,
  `protected` int(11) NOT NULL DEFAULT '0',
  `valide` int(11) NOT NULL DEFAULT '1'
) ENGINE=InnoDB DEFAULT CHARSET=utf8;

--
-- Déchargement des données de la table `groupemanoeuvre`
--

INSERT INTO `groupemanoeuvre` (`id`, `name`, `created`, `modified`, `protected`, `valide`) VALUES
(1, 'Garage', NULL, '2019-09-21 04:45:51', 1, 1),
(2, 'Magasin de pièces détachées', NULL, '2019-09-21 04:46:16', 1, 1),
(3, 'Lavage Automobile', '2019-09-21 04:48:43', '2019-09-23 12:55:59', 1, 1),
(4, 'Parc Automobile', '2019-09-21 05:40:11', '2019-09-21 05:40:11', 1, 1);

-- --------------------------------------------------------

--
-- Structure de la table `groupevehicule`
--

CREATE TABLE `groupevehicule` (
  `id` int(11) NOT NULL,
  `name` varchar(200) NOT NULL,
  `created` datetime DEFAULT NULL,
  `modified` datetime DEFAULT NULL,
  `protected` int(11) NOT NULL DEFAULT '0',
  `valide` int(11) NOT NULL DEFAULT '1'
) ENGINE=InnoDB DEFAULT CHARSET=utf8;

--
-- Déchargement des données de la table `groupevehicule`
--

INSERT INTO `groupevehicule` (`id`, `name`, `created`, `modified`, `protected`, `valide`) VALUES
(1, 'Véhicules de Pool', NULL, '2019-10-01 15:36:02', 1, 1),
(2, 'Cars de ramassage', NULL, '2019-09-23 14:05:30', 1, 1),
(3, 'Véhicules de missions', '2019-09-23 13:18:55', '2019-09-23 13:18:55', 1, 1),
(4, 'Véhicule du ministère', '2019-10-01 15:36:38', '2019-10-01 15:36:38', 0, 1),
(5, 'PLCC', '2019-10-01 15:36:55', '2019-10-01 15:36:55', 0, 1),
(6, 'Standard', '2019-10-01 15:38:12', '2019-10-01 15:38:12', 0, 1),
(7, 'Conseil de régulation', '2019-10-24 14:25:18', '2019-10-24 14:25:18', 0, 1),
(8, 'DG', '2019-10-28 10:46:18', '2019-10-28 10:46:18', 0, 1);

-- --------------------------------------------------------

--
-- Structure de la table `history`
--

CREATE TABLE `history` (
  `id` int(11) NOT NULL,
  `sentense` text NOT NULL,
  `type_save` varchar(50) NOT NULL,
  `record` varchar(200) NOT NULL,
  `employe_id` int(11) DEFAULT NULL,
  `carplan_id` int(11) DEFAULT NULL,
  `prestataire_id` int(11) DEFAULT NULL,
  `created` datetime DEFAULT NULL,
  `modified` datetime DEFAULT NULL,
  `protected` int(11) NOT NULL DEFAULT '1',
  `valide` int(11) NOT NULL DEFAULT '1',
  `record_key` int(11) NOT NULL
) ENGINE=MyISAM DEFAULT CHARSET=utf8;

--
-- Déchargement des données de la table `history`
--

INSERT INTO `history` (`id`, `sentense`, `type_save`, `record`, `employe_id`, `carplan_id`, `prestataire_id`, `created`, `modified`, `protected`, `valide`, `record_key`) VALUES
(1, 'Déconnexion du gestionnaireGPA  Admin System', 'update', 'connexion', 5, NULL, NULL, '2020-01-28 12:40:08', '2020-01-28 12:40:08', 0, 1, 52),
(2, 'Nouvelle connexion', 'insert', 'connexion', 5, NULL, NULL, '2020-01-28 12:40:08', '2020-01-28 12:40:08', 0, 1, 53),
(3, 'Nouvelle connexion', 'insert', 'connexion', 5, NULL, NULL, '2020-01-28 12:49:26', '2020-01-28 12:49:26', 0, 1, 54),
(4, 'Modification des informations de la connexion de GPA  Admin System du  28 January 2020 à 12:49', 'update', 'connexion', 5, NULL, NULL, '2020-01-28 12:56:42', '2020-01-28 12:56:42', 0, 1, 54),
(5, 'Nouvelle connexion', 'insert', 'connexion', 5, NULL, NULL, '2020-01-28 12:56:42', '2020-01-28 12:56:42', 0, 1, 55),
(6, 'Modification des infos du véhicule N°1 immatriculé 4024 HK 01.', 'update', 'vehicule', 5, NULL, NULL, '2020-01-28 14:03:08', '2020-01-28 14:03:08', 0, 1, 1),
(7, 'Modification des infos du véhicule N°2 immatriculé 103 HR 01.', 'update', 'vehicule', 5, NULL, NULL, '2020-01-28 14:03:09', '2020-01-28 14:03:09', 0, 1, 2),
(8, 'Modification des infos du véhicule N°3 immatriculé 3399 HS 01.', 'update', 'vehicule', 5, NULL, NULL, '2020-01-28 14:03:09', '2020-01-28 14:03:09', 0, 1, 3),
(9, 'Modification des infos du véhicule N°4 immatriculé 380 GK 01.', 'update', 'vehicule', 5, NULL, NULL, '2020-01-28 14:03:10', '2020-01-28 14:03:10', 0, 1, 4),
(10, 'Modification des infos du véhicule N°5 immatriculé 4487 GG 01.', 'update', 'vehicule', 5, NULL, NULL, '2020-01-28 14:03:10', '2020-01-28 14:03:10', 0, 1, 5),
(11, 'Modification des infos du véhicule N°6 immatriculé 9635 GV 01.', 'update', 'vehicule', 5, NULL, NULL, '2020-01-28 14:03:11', '2020-01-28 14:03:11', 0, 1, 6),
(12, 'Modification des infos du véhicule N°7 immatriculé 2411 FP 01.', 'update', 'vehicule', 5, NULL, NULL, '2020-01-28 14:03:11', '2020-01-28 14:03:11', 0, 1, 7),
(13, 'Modification des infos du véhicule N°1 immatriculé 4024 HK 01.', 'update', 'vehicule', 5, NULL, NULL, '2020-01-28 14:04:20', '2020-01-28 14:04:20', 0, 1, 1),
(14, 'Modification des infos du véhicule N°1 immatriculé 4024 HK 01.', 'update', 'vehicule', 5, NULL, NULL, '2020-01-28 14:04:21', '2020-01-28 14:04:21', 0, 1, 1),
(15, 'Modification des infos du véhicule N°2 immatriculé 103 HR 01.', 'update', 'vehicule', 5, NULL, NULL, '2020-01-28 14:04:21', '2020-01-28 14:04:21', 0, 1, 2),
(16, 'Modification des infos du véhicule N°3 immatriculé 3399 HS 01.', 'update', 'vehicule', 5, NULL, NULL, '2020-01-28 14:04:21', '2020-01-28 14:04:21', 0, 1, 3),
(17, 'Modification des infos du véhicule N°4 immatriculé 380 GK 01.', 'update', 'vehicule', 5, NULL, NULL, '2020-01-28 14:04:22', '2020-01-28 14:04:22', 0, 1, 4),
(18, 'Modification des infos du véhicule N°5 immatriculé 4487 GG 01.', 'update', 'vehicule', 5, NULL, NULL, '2020-01-28 14:04:22', '2020-01-28 14:04:22', 0, 1, 5),
(19, 'Modification des infos du véhicule N°6 immatriculé 9635 GV 01.', 'update', 'vehicule', 5, NULL, NULL, '2020-01-28 14:04:22', '2020-01-28 14:04:22', 0, 1, 6),
(20, 'Modification des infos du véhicule N°7 immatriculé 2411 FP 01.', 'update', 'vehicule', 5, NULL, NULL, '2020-01-28 14:04:23', '2020-01-28 14:04:23', 0, 1, 7),
(21, 'Modification des infos du véhicule N°1 immatriculé 4024 HK 01.', 'update', 'vehicule', 5, NULL, NULL, '2020-01-28 14:35:43', '2020-01-28 14:35:43', 0, 1, 1),
(22, 'Modification des infos du véhicule N°2 immatriculé 103 HR 01.', 'update', 'vehicule', 5, NULL, NULL, '2020-01-28 14:35:43', '2020-01-28 14:35:43', 0, 1, 2),
(23, 'Modification des infos du véhicule N°3 immatriculé 3399 HS 01.', 'update', 'vehicule', 5, NULL, NULL, '2020-01-28 14:35:43', '2020-01-28 14:35:43', 0, 1, 3),
(24, 'Modification des infos du véhicule N°4 immatriculé 380 GK 01.', 'update', 'vehicule', 5, NULL, NULL, '2020-01-28 14:35:44', '2020-01-28 14:35:44', 0, 1, 4),
(25, 'Modification des infos du véhicule N°5 immatriculé 4487 GG 01.', 'update', 'vehicule', 5, NULL, NULL, '2020-01-28 14:35:44', '2020-01-28 14:35:44', 0, 1, 5),
(26, 'Modification des infos du véhicule N°6 immatriculé 9635 GV 01.', 'update', 'vehicule', 5, NULL, NULL, '2020-01-28 14:35:44', '2020-01-28 14:35:44', 0, 1, 6),
(27, 'Modification des infos du véhicule N°7 immatriculé 2411 FP 01.', 'update', 'vehicule', 5, NULL, NULL, '2020-01-28 14:35:45', '2020-01-28 14:35:45', 0, 1, 7),
(28, 'Modification des infos du véhicule N°1 immatriculé 4024 HK 01.', 'update', 'vehicule', 5, NULL, NULL, '2020-01-28 14:49:27', '2020-01-28 14:49:27', 0, 1, 1),
(29, 'Modification des infos du véhicule N°2 immatriculé 103 HR 01.', 'update', 'vehicule', 5, NULL, NULL, '2020-01-28 14:49:28', '2020-01-28 14:49:28', 0, 1, 2),
(30, 'Modification des infos du véhicule N°3 immatriculé 3399 HS 01.', 'update', 'vehicule', 5, NULL, NULL, '2020-01-28 14:49:28', '2020-01-28 14:49:28', 0, 1, 3),
(31, 'Modification des infos du véhicule N°4 immatriculé 380 GK 01.', 'update', 'vehicule', 5, NULL, NULL, '2020-01-28 14:49:28', '2020-01-28 14:49:28', 0, 1, 4),
(32, 'Modification des infos du véhicule N°5 immatriculé 4487 GG 01.', 'update', 'vehicule', 5, NULL, NULL, '2020-01-28 14:49:29', '2020-01-28 14:49:29', 0, 1, 5),
(33, 'Modification des infos du véhicule N°6 immatriculé 9635 GV 01.', 'update', 'vehicule', 5, NULL, NULL, '2020-01-28 14:49:29', '2020-01-28 14:49:29', 0, 1, 6),
(34, 'Modification des infos du véhicule N°7 immatriculé 2411 FP 01.', 'update', 'vehicule', 5, NULL, NULL, '2020-01-28 14:49:29', '2020-01-28 14:49:29', 0, 1, 7),
(35, 'Modification des infos du véhicule N°3 immatriculé 3399 HS 01.', 'update', 'vehicule', 5, NULL, NULL, '2020-01-28 14:50:53', '2020-01-28 14:50:53', 0, 1, 3),
(36, 'Modification des infos du véhicule N°3 immatriculé 3399 HS 01.', 'update', 'vehicule', 5, NULL, NULL, '2020-01-28 14:52:33', '2020-01-28 14:52:33', 0, 1, 3),
(37, 'Modification des infos du véhicule N°3 immatriculé 3399 HS 01.', 'update', 'vehicule', 5, NULL, NULL, '2020-01-28 14:55:08', '2020-01-28 14:55:08', 0, 1, 3),
(38, 'Modification des infos du véhicule N°3 immatriculé 3399 HS 01.', 'update', 'vehicule', 5, NULL, NULL, '2020-01-28 14:55:36', '2020-01-28 14:55:36', 0, 1, 3),
(39, 'Modification des infos du véhicule N°3 immatriculé 3399 HS 01.', 'update', 'vehicule', 5, NULL, NULL, '2020-01-28 14:57:18', '2020-01-28 14:57:18', 0, 1, 3),
(40, 'Modification des infos du véhicule N°3 immatriculé 3399 HS 01.', 'update', 'vehicule', 5, NULL, NULL, '2020-01-28 15:00:50', '2020-01-28 15:00:50', 0, 1, 3),
(41, 'Modification des infos du véhicule N°3 immatriculé 3399 HS 01.', 'update', 'vehicule', 5, NULL, NULL, '2020-01-28 15:01:41', '2020-01-28 15:01:41', 0, 1, 3),
(42, 'Modification des infos du véhicule N°3 immatriculé 3399 HS 01.', 'update', 'vehicule', 5, NULL, NULL, '2020-01-28 15:02:03', '2020-01-28 15:02:03', 0, 1, 3),
(43, 'Modification des infos du véhicule N°3 immatriculé 3399 HS 01.', 'update', 'vehicule', 5, NULL, NULL, '2020-01-28 15:02:30', '2020-01-28 15:02:30', 0, 1, 3),
(44, 'Modification des infos du véhicule N°3 immatriculé 3399 HS 01.', 'update', 'vehicule', 5, NULL, NULL, '2020-01-28 15:03:20', '2020-01-28 15:03:20', 0, 1, 3),
(45, 'Modification des infos du véhicule N°3 immatriculé 3399 HS 01.', 'update', 'vehicule', 5, NULL, NULL, '2020-01-28 15:03:26', '2020-01-28 15:03:26', 0, 1, 3),
(46, 'Modification des infos du véhicule N°3 immatriculé 3399 HS 01.', 'update', 'vehicule', 5, NULL, NULL, '2020-01-28 15:05:08', '2020-01-28 15:05:08', 0, 1, 3),
(47, 'Modification des infos du véhicule N°3 immatriculé 3399 HS 01.', 'update', 'vehicule', 5, NULL, NULL, '2020-01-28 15:05:37', '2020-01-28 15:05:37', 0, 1, 3),
(48, 'Modification des infos du véhicule N°3 immatriculé 3399 HS 01.', 'update', 'vehicule', 5, NULL, NULL, '2020-01-28 15:06:18', '2020-01-28 15:06:18', 0, 1, 3),
(49, 'Modification des infos du véhicule N°3 immatriculé 3399 HS 01.', 'update', 'vehicule', 5, NULL, NULL, '2020-01-28 15:18:22', '2020-01-28 15:18:22', 0, 1, 3),
(50, 'Modification des infos du véhicule N°3 immatriculé 3399 HS 01.', 'update', 'vehicule', 5, NULL, NULL, '2020-01-28 15:19:59', '2020-01-28 15:19:59', 0, 1, 3),
(51, 'Modification des infos du véhicule N°3 immatriculé 3399 HS 01.', 'update', 'vehicule', 5, NULL, NULL, '2020-01-28 15:20:48', '2020-01-28 15:20:48', 0, 1, 3),
(52, 'Modification des infos du véhicule N°3 immatriculé 3399 HS 01.', 'update', 'vehicule', 5, NULL, NULL, '2020-01-28 15:21:17', '2020-01-28 15:21:17', 0, 1, 3),
(53, 'Modification des infos du véhicule N°3 immatriculé 3399 HS 01.', 'update', 'vehicule', 5, NULL, NULL, '2020-01-28 15:22:23', '2020-01-28 15:22:23', 0, 1, 3),
(54, 'Modification des infos du véhicule N°3 immatriculé 3399 HS 01.', 'update', 'vehicule', 5, NULL, NULL, '2020-01-28 15:22:37', '2020-01-28 15:22:37', 0, 1, 3),
(55, 'Modification des infos du véhicule N°3 immatriculé 3399 HS 01.', 'update', 'vehicule', 5, NULL, NULL, '2020-01-28 15:22:43', '2020-01-28 15:22:43', 0, 1, 3),
(56, 'Modification des infos du véhicule N°1 immatriculé 4024 HK 01.', 'update', 'vehicule', 5, NULL, NULL, '2020-01-28 15:22:50', '2020-01-28 15:22:50', 0, 1, 1),
(57, 'Modification des infos du véhicule N°2 immatriculé 103 HR 01.', 'update', 'vehicule', 5, NULL, NULL, '2020-01-28 15:22:50', '2020-01-28 15:22:50', 0, 1, 2),
(58, 'Modification des infos du véhicule N°3 immatriculé 3399 HS 01.', 'update', 'vehicule', 5, NULL, NULL, '2020-01-28 15:22:51', '2020-01-28 15:22:51', 0, 1, 3),
(59, 'Modification des infos du véhicule N°4 immatriculé 380 GK 01.', 'update', 'vehicule', 5, NULL, NULL, '2020-01-28 15:22:51', '2020-01-28 15:22:51', 0, 1, 4),
(60, 'Modification des infos du véhicule N°5 immatriculé 4487 GG 01.', 'update', 'vehicule', 5, NULL, NULL, '2020-01-28 15:22:51', '2020-01-28 15:22:51', 0, 1, 5),
(61, 'Modification des infos du véhicule N°6 immatriculé 9635 GV 01.', 'update', 'vehicule', 5, NULL, NULL, '2020-01-28 15:22:51', '2020-01-28 15:22:51', 0, 1, 6),
(62, 'Modification des infos du véhicule N°7 immatriculé 2411 FP 01.', 'update', 'vehicule', 5, NULL, NULL, '2020-01-28 15:22:52', '2020-01-28 15:22:52', 0, 1, 7),
(63, 'Modification des infos du véhicule N°1 immatriculé 4024 HK 01.', 'update', 'vehicule', 5, NULL, NULL, '2020-01-28 15:24:46', '2020-01-28 15:24:46', 0, 1, 1),
(64, 'Modification des infos du véhicule N°2 immatriculé 103 HR 01.', 'update', 'vehicule', 5, NULL, NULL, '2020-01-28 15:24:46', '2020-01-28 15:24:46', 0, 1, 2),
(65, 'Modification des infos du véhicule N°3 immatriculé 3399 HS 01.', 'update', 'vehicule', 5, NULL, NULL, '2020-01-28 15:24:47', '2020-01-28 15:24:47', 0, 1, 3),
(66, 'Modification des infos du véhicule N°4 immatriculé 380 GK 01.', 'update', 'vehicule', 5, NULL, NULL, '2020-01-28 15:24:47', '2020-01-28 15:24:47', 0, 1, 4),
(67, 'Modification des infos du véhicule N°5 immatriculé 4487 GG 01.', 'update', 'vehicule', 5, NULL, NULL, '2020-01-28 15:24:47', '2020-01-28 15:24:47', 0, 1, 5),
(68, 'Modification des infos du véhicule N°6 immatriculé 9635 GV 01.', 'update', 'vehicule', 5, NULL, NULL, '2020-01-28 15:24:48', '2020-01-28 15:24:48', 0, 1, 6),
(69, 'Modification des infos du véhicule N°7 immatriculé 2411 FP 01.', 'update', 'vehicule', 5, NULL, NULL, '2020-01-28 15:24:48', '2020-01-28 15:24:48', 0, 1, 7),
(70, 'Modification des infos du véhicule N°1 immatriculé 4024 HK 01.', 'update', 'vehicule', 5, NULL, NULL, '2020-01-28 15:26:18', '2020-01-28 15:26:18', 0, 1, 1),
(71, 'Modification des infos du véhicule N°2 immatriculé 103 HR 01.', 'update', 'vehicule', 5, NULL, NULL, '2020-01-28 15:26:19', '2020-01-28 15:26:19', 0, 1, 2),
(72, 'Modification des infos du véhicule N°3 immatriculé 3399 HS 01.', 'update', 'vehicule', 5, NULL, NULL, '2020-01-28 15:26:19', '2020-01-28 15:26:19', 0, 1, 3),
(73, 'Modification des infos du véhicule N°4 immatriculé 380 GK 01.', 'update', 'vehicule', 5, NULL, NULL, '2020-01-28 15:26:20', '2020-01-28 15:26:20', 0, 1, 4),
(74, 'Modification des infos du véhicule N°5 immatriculé 4487 GG 01.', 'update', 'vehicule', 5, NULL, NULL, '2020-01-28 15:26:20', '2020-01-28 15:26:20', 0, 1, 5),
(75, 'Modification des infos du véhicule N°6 immatriculé 9635 GV 01.', 'update', 'vehicule', 5, NULL, NULL, '2020-01-28 15:26:20', '2020-01-28 15:26:20', 0, 1, 6),
(76, 'Modification des infos du véhicule N°7 immatriculé 2411 FP 01.', 'update', 'vehicule', 5, NULL, NULL, '2020-01-28 15:26:21', '2020-01-28 15:26:21', 0, 1, 7),
(77, 'Modification des infos du véhicule N°1 immatriculé 4024 HK 01.', 'update', 'vehicule', 5, NULL, NULL, '2020-01-28 15:30:46', '2020-01-28 15:30:46', 0, 1, 1),
(78, 'Modification des infos du véhicule N°2 immatriculé 103 HR 01.', 'update', 'vehicule', 5, NULL, NULL, '2020-01-28 15:30:46', '2020-01-28 15:30:46', 0, 1, 2),
(79, 'Modification des infos du véhicule N°3 immatriculé 3399 HS 01.', 'update', 'vehicule', 5, NULL, NULL, '2020-01-28 15:30:47', '2020-01-28 15:30:47', 0, 1, 3),
(80, 'Modification des infos du véhicule N°4 immatriculé 380 GK 01.', 'update', 'vehicule', 5, NULL, NULL, '2020-01-28 15:30:47', '2020-01-28 15:30:47', 0, 1, 4),
(81, 'Modification des infos du véhicule N°5 immatriculé 4487 GG 01.', 'update', 'vehicule', 5, NULL, NULL, '2020-01-28 15:30:47', '2020-01-28 15:30:47', 0, 1, 5),
(82, 'Modification des infos du véhicule N°6 immatriculé 9635 GV 01.', 'update', 'vehicule', 5, NULL, NULL, '2020-01-28 15:30:48', '2020-01-28 15:30:48', 0, 1, 6),
(83, 'Modification des infos du véhicule N°7 immatriculé 2411 FP 01.', 'update', 'vehicule', 5, NULL, NULL, '2020-01-28 15:30:48', '2020-01-28 15:30:48', 0, 1, 7),
(84, 'Modification des infos du véhicule N°1 immatriculé 4024 HK 01.', 'update', 'vehicule', 5, NULL, NULL, '2020-01-28 15:30:56', '2020-01-28 15:30:56', 0, 1, 1),
(85, 'Modification des infos du véhicule N°2 immatriculé 103 HR 01.', 'update', 'vehicule', 5, NULL, NULL, '2020-01-28 15:30:57', '2020-01-28 15:30:57', 0, 1, 2),
(86, 'Modification des infos du véhicule N°3 immatriculé 3399 HS 01.', 'update', 'vehicule', 5, NULL, NULL, '2020-01-28 15:30:57', '2020-01-28 15:30:57', 0, 1, 3),
(87, 'Modification des infos du véhicule N°4 immatriculé 380 GK 01.', 'update', 'vehicule', 5, NULL, NULL, '2020-01-28 15:30:57', '2020-01-28 15:30:57', 0, 1, 4),
(88, 'Modification des infos du véhicule N°5 immatriculé 4487 GG 01.', 'update', 'vehicule', 5, NULL, NULL, '2020-01-28 15:30:58', '2020-01-28 15:30:58', 0, 1, 5),
(89, 'Modification des infos du véhicule N°6 immatriculé 9635 GV 01.', 'update', 'vehicule', 5, NULL, NULL, '2020-01-28 15:30:58', '2020-01-28 15:30:58', 0, 1, 6),
(90, 'Modification des infos du véhicule N°7 immatriculé 2411 FP 01.', 'update', 'vehicule', 5, NULL, NULL, '2020-01-28 15:30:58', '2020-01-28 15:30:58', 0, 1, 7),
(91, 'Modification des infos du véhicule N°1 immatriculé 4024 HK 01.', 'update', 'vehicule', 5, NULL, NULL, '2020-01-28 15:32:00', '2020-01-28 15:32:00', 0, 1, 1),
(92, 'Modification des infos du véhicule N°2 immatriculé 103 HR 01.', 'update', 'vehicule', 5, NULL, NULL, '2020-01-28 15:32:01', '2020-01-28 15:32:01', 0, 1, 2),
(93, 'Modification des infos du véhicule N°3 immatriculé 3399 HS 01.', 'update', 'vehicule', 5, NULL, NULL, '2020-01-28 15:32:01', '2020-01-28 15:32:01', 0, 1, 3),
(94, 'Modification des infos du véhicule N°4 immatriculé 380 GK 01.', 'update', 'vehicule', 5, NULL, NULL, '2020-01-28 15:32:01', '2020-01-28 15:32:01', 0, 1, 4),
(95, 'Modification des infos du véhicule N°5 immatriculé 4487 GG 01.', 'update', 'vehicule', 5, NULL, NULL, '2020-01-28 15:32:02', '2020-01-28 15:32:02', 0, 1, 5),
(96, 'Modification des infos du véhicule N°6 immatriculé 9635 GV 01.', 'update', 'vehicule', 5, NULL, NULL, '2020-01-28 15:32:02', '2020-01-28 15:32:02', 0, 1, 6),
(97, 'Modification des infos du véhicule N°7 immatriculé 2411 FP 01.', 'update', 'vehicule', 5, NULL, NULL, '2020-01-28 15:32:02', '2020-01-28 15:32:02', 0, 1, 7),
(98, 'Modification des infos du véhicule N°1 immatriculé 4024 HK 01.', 'update', 'vehicule', 5, NULL, NULL, '2020-01-28 15:32:13', '2020-01-28 15:32:13', 0, 1, 1),
(99, 'Modification des infos du véhicule N°2 immatriculé 103 HR 01.', 'update', 'vehicule', 5, NULL, NULL, '2020-01-28 15:32:14', '2020-01-28 15:32:14', 0, 1, 2),
(100, 'Modification des infos du véhicule N°3 immatriculé 3399 HS 01.', 'update', 'vehicule', 5, NULL, NULL, '2020-01-28 15:32:14', '2020-01-28 15:32:14', 0, 1, 3),
(101, 'Modification des infos du véhicule N°4 immatriculé 380 GK 01.', 'update', 'vehicule', 5, NULL, NULL, '2020-01-28 15:32:14', '2020-01-28 15:32:14', 0, 1, 4),
(102, 'Modification des infos du véhicule N°5 immatriculé 4487 GG 01.', 'update', 'vehicule', 5, NULL, NULL, '2020-01-28 15:32:15', '2020-01-28 15:32:15', 0, 1, 5),
(103, 'Modification des infos du véhicule N°6 immatriculé 9635 GV 01.', 'update', 'vehicule', 5, NULL, NULL, '2020-01-28 15:32:15', '2020-01-28 15:32:15', 0, 1, 6),
(104, 'Modification des infos du véhicule N°7 immatriculé 2411 FP 01.', 'update', 'vehicule', 5, NULL, NULL, '2020-01-28 15:32:15', '2020-01-28 15:32:15', 0, 1, 7),
(105, 'Modification des infos du véhicule N°1 immatriculé 4024 HK 01.', 'update', 'vehicule', 5, NULL, NULL, '2020-01-28 15:34:03', '2020-01-28 15:34:03', 0, 1, 1),
(106, 'Modification des infos du véhicule N°2 immatriculé 103 HR 01.', 'update', 'vehicule', 5, NULL, NULL, '2020-01-28 15:34:03', '2020-01-28 15:34:03', 0, 1, 2),
(107, 'Modification des infos du véhicule N°3 immatriculé 3399 HS 01.', 'update', 'vehicule', 5, NULL, NULL, '2020-01-28 15:34:04', '2020-01-28 15:34:04', 0, 1, 3),
(108, 'Modification des infos du véhicule N°4 immatriculé 380 GK 01.', 'update', 'vehicule', 5, NULL, NULL, '2020-01-28 15:34:04', '2020-01-28 15:34:04', 0, 1, 4),
(109, 'Modification des infos du véhicule N°5 immatriculé 4487 GG 01.', 'update', 'vehicule', 5, NULL, NULL, '2020-01-28 15:34:04', '2020-01-28 15:34:04', 0, 1, 5),
(110, 'Modification des infos du véhicule N°6 immatriculé 9635 GV 01.', 'update', 'vehicule', 5, NULL, NULL, '2020-01-28 15:34:05', '2020-01-28 15:34:05', 0, 1, 6),
(111, 'Modification des infos du véhicule N°7 immatriculé 2411 FP 01.', 'update', 'vehicule', 5, NULL, NULL, '2020-01-28 15:34:05', '2020-01-28 15:34:05', 0, 1, 7),
(112, 'Modification des infos du véhicule N°1 immatriculé 4024 HK 01.', 'update', 'vehicule', 5, NULL, NULL, '2020-01-28 15:44:48', '2020-01-28 15:44:48', 0, 1, 1),
(113, 'Modification des infos du véhicule N°2 immatriculé 103 HR 01.', 'update', 'vehicule', 5, NULL, NULL, '2020-01-28 15:44:49', '2020-01-28 15:44:49', 0, 1, 2),
(114, 'Modification des infos du véhicule N°3 immatriculé 3399 HS 01.', 'update', 'vehicule', 5, NULL, NULL, '2020-01-28 15:44:50', '2020-01-28 15:44:50', 0, 1, 3),
(115, 'Modification des infos du véhicule N°4 immatriculé 380 GK 01.', 'update', 'vehicule', 5, NULL, NULL, '2020-01-28 15:44:50', '2020-01-28 15:44:50', 0, 1, 4),
(116, 'Modification des infos du véhicule N°5 immatriculé 4487 GG 01.', 'update', 'vehicule', 5, NULL, NULL, '2020-01-28 15:44:51', '2020-01-28 15:44:51', 0, 1, 5),
(117, 'Modification des infos du véhicule N°6 immatriculé 9635 GV 01.', 'update', 'vehicule', 5, NULL, NULL, '2020-01-28 15:44:51', '2020-01-28 15:44:51', 0, 1, 6),
(118, 'Modification des infos du véhicule N°7 immatriculé 2411 FP 01.', 'update', 'vehicule', 5, NULL, NULL, '2020-01-28 15:44:51', '2020-01-28 15:44:51', 0, 1, 7),
(119, 'Modification des infos du véhicule N°1 immatriculé 4024 HK 01.', 'update', 'vehicule', 5, NULL, NULL, '2020-01-28 15:45:42', '2020-01-28 15:45:42', 0, 1, 1),
(120, 'Modification des infos du véhicule N°2 immatriculé 103 HR 01.', 'update', 'vehicule', 5, NULL, NULL, '2020-01-28 15:45:42', '2020-01-28 15:45:42', 0, 1, 2),
(121, 'Modification des infos du véhicule N°3 immatriculé 3399 HS 01.', 'update', 'vehicule', 5, NULL, NULL, '2020-01-28 15:45:43', '2020-01-28 15:45:43', 0, 1, 3),
(122, 'Modification des infos du véhicule N°4 immatriculé 380 GK 01.', 'update', 'vehicule', 5, NULL, NULL, '2020-01-28 15:45:43', '2020-01-28 15:45:43', 0, 1, 4),
(123, 'Modification des infos du véhicule N°5 immatriculé 4487 GG 01.', 'update', 'vehicule', 5, NULL, NULL, '2020-01-28 15:45:44', '2020-01-28 15:45:44', 0, 1, 5),
(124, 'Modification des infos du véhicule N°6 immatriculé 9635 GV 01.', 'update', 'vehicule', 5, NULL, NULL, '2020-01-28 15:45:44', '2020-01-28 15:45:44', 0, 1, 6),
(125, 'Modification des infos du véhicule N°7 immatriculé 2411 FP 01.', 'update', 'vehicule', 5, NULL, NULL, '2020-01-28 15:45:45', '2020-01-28 15:45:45', 0, 1, 7),
(126, 'Modification des infos du véhicule N°1 immatriculé 4024 HK 01.', 'update', 'vehicule', 5, NULL, NULL, '2020-01-28 15:47:15', '2020-01-28 15:47:15', 0, 1, 1),
(127, 'Modification des infos du véhicule N°2 immatriculé 103 HR 01.', 'update', 'vehicule', 5, NULL, NULL, '2020-01-28 15:47:17', '2020-01-28 15:47:17', 0, 1, 2),
(128, 'Modification des infos du véhicule N°3 immatriculé 3399 HS 01.', 'update', 'vehicule', 5, NULL, NULL, '2020-01-28 15:47:20', '2020-01-28 15:47:20', 0, 1, 3),
(129, 'Modification des infos du véhicule N°4 immatriculé 380 GK 01.', 'update', 'vehicule', 5, NULL, NULL, '2020-01-28 15:47:21', '2020-01-28 15:47:21', 0, 1, 4),
(130, 'Modification des infos du véhicule N°5 immatriculé 4487 GG 01.', 'update', 'vehicule', 5, NULL, NULL, '2020-01-28 15:47:22', '2020-01-28 15:47:22', 0, 1, 5),
(131, 'Modification des infos du véhicule N°6 immatriculé 9635 GV 01.', 'update', 'vehicule', 5, NULL, NULL, '2020-01-28 15:47:22', '2020-01-28 15:47:22', 0, 1, 6),
(132, 'Modification des infos du véhicule N°7 immatriculé 2411 FP 01.', 'update', 'vehicule', 5, NULL, NULL, '2020-01-28 15:47:23', '2020-01-28 15:47:23', 0, 1, 7),
(133, 'Modification des infos du véhicule N°1 immatriculé 4024 HK 01.', 'update', 'vehicule', 5, NULL, NULL, '2020-01-28 15:51:14', '2020-01-28 15:51:14', 0, 1, 1),
(134, 'Modification des infos du véhicule N°2 immatriculé 103 HR 01.', 'update', 'vehicule', 5, NULL, NULL, '2020-01-28 15:51:15', '2020-01-28 15:51:15', 0, 1, 2),
(135, 'Modification des infos du véhicule N°3 immatriculé 3399 HS 01.', 'update', 'vehicule', 5, NULL, NULL, '2020-01-28 15:51:15', '2020-01-28 15:51:15', 0, 1, 3),
(136, 'Modification des infos du véhicule N°4 immatriculé 380 GK 01.', 'update', 'vehicule', 5, NULL, NULL, '2020-01-28 15:51:16', '2020-01-28 15:51:16', 0, 1, 4),
(137, 'Modification des infos du véhicule N°5 immatriculé 4487 GG 01.', 'update', 'vehicule', 5, NULL, NULL, '2020-01-28 15:51:16', '2020-01-28 15:51:16', 0, 1, 5),
(138, 'Modification des infos du véhicule N°6 immatriculé 9635 GV 01.', 'update', 'vehicule', 5, NULL, NULL, '2020-01-28 15:51:16', '2020-01-28 15:51:16', 0, 1, 6),
(139, 'Modification des infos du véhicule N°7 immatriculé 2411 FP 01.', 'update', 'vehicule', 5, NULL, NULL, '2020-01-28 15:51:17', '2020-01-28 15:51:17', 0, 1, 7),
(140, 'Modification des infos du véhicule N°1 immatriculé 4024 HK 01.', 'update', 'vehicule', 5, NULL, NULL, '2020-01-28 15:53:22', '2020-01-28 15:53:22', 0, 1, 1),
(141, 'Modification des infos du véhicule N°2 immatriculé 103 HR 01.', 'update', 'vehicule', 5, NULL, NULL, '2020-01-28 15:53:22', '2020-01-28 15:53:22', 0, 1, 2),
(142, 'Modification des infos du véhicule N°3 immatriculé 3399 HS 01.', 'update', 'vehicule', 5, NULL, NULL, '2020-01-28 15:53:23', '2020-01-28 15:53:23', 0, 1, 3),
(143, 'Modification des infos du véhicule N°4 immatriculé 380 GK 01.', 'update', 'vehicule', 5, NULL, NULL, '2020-01-28 15:53:23', '2020-01-28 15:53:23', 0, 1, 4),
(144, 'Modification des infos du véhicule N°5 immatriculé 4487 GG 01.', 'update', 'vehicule', 5, NULL, NULL, '2020-01-28 15:53:24', '2020-01-28 15:53:24', 0, 1, 5),
(145, 'Modification des infos du véhicule N°6 immatriculé 9635 GV 01.', 'update', 'vehicule', 5, NULL, NULL, '2020-01-28 15:53:24', '2020-01-28 15:53:24', 0, 1, 6),
(146, 'Modification des infos du véhicule N°7 immatriculé 2411 FP 01.', 'update', 'vehicule', 5, NULL, NULL, '2020-01-28 15:53:24', '2020-01-28 15:53:24', 0, 1, 7),
(147, 'Modification des infos du véhicule N°1 immatriculé 4024 HK 01.', 'update', 'vehicule', 5, NULL, NULL, '2020-01-28 15:55:24', '2020-01-28 15:55:24', 0, 1, 1),
(148, 'Modification des infos du véhicule N°1 immatriculé 4024 HK 01.', 'update', 'vehicule', 5, NULL, NULL, '2020-01-28 15:55:24', '2020-01-28 15:55:24', 0, 1, 1),
(149, 'Modification des infos du véhicule N°1 immatriculé 4024 HK 01.', 'update', 'vehicule', 5, NULL, NULL, '2020-01-28 15:55:29', '2020-01-28 15:55:29', 0, 1, 1),
(150, 'Modification des infos du véhicule N°2 immatriculé 103 HR 01.', 'update', 'vehicule', 5, NULL, NULL, '2020-01-28 15:55:29', '2020-01-28 15:55:29', 0, 1, 2),
(151, 'Modification des infos du véhicule N°3 immatriculé 3399 HS 01.', 'update', 'vehicule', 5, NULL, NULL, '2020-01-28 15:55:29', '2020-01-28 15:55:29', 0, 1, 3),
(152, 'Modification des infos du véhicule N°4 immatriculé 380 GK 01.', 'update', 'vehicule', 5, NULL, NULL, '2020-01-28 15:55:30', '2020-01-28 15:55:30', 0, 1, 4),
(153, 'Modification des infos du véhicule N°5 immatriculé 4487 GG 01.', 'update', 'vehicule', 5, NULL, NULL, '2020-01-28 15:55:30', '2020-01-28 15:55:30', 0, 1, 5),
(154, 'Modification des infos du véhicule N°6 immatriculé 9635 GV 01.', 'update', 'vehicule', 5, NULL, NULL, '2020-01-28 15:55:31', '2020-01-28 15:55:31', 0, 1, 6),
(155, 'Modification des infos du véhicule N°7 immatriculé 2411 FP 01.', 'update', 'vehicule', 5, NULL, NULL, '2020-01-28 15:55:31', '2020-01-28 15:55:31', 0, 1, 7),
(156, 'Modification des infos du véhicule N°1 immatriculé 4024 HK 01.', 'update', 'vehicule', 5, NULL, NULL, '2020-01-28 15:59:21', '2020-01-28 15:59:21', 0, 1, 1),
(157, 'Modification des infos du véhicule N°2 immatriculé 103 HR 01.', 'update', 'vehicule', 5, NULL, NULL, '2020-01-28 15:59:22', '2020-01-28 15:59:22', 0, 1, 2),
(158, 'Modification des infos du véhicule N°3 immatriculé 3399 HS 01.', 'update', 'vehicule', 5, NULL, NULL, '2020-01-28 15:59:22', '2020-01-28 15:59:22', 0, 1, 3),
(159, 'Modification des infos du véhicule N°4 immatriculé 380 GK 01.', 'update', 'vehicule', 5, NULL, NULL, '2020-01-28 15:59:23', '2020-01-28 15:59:23', 0, 1, 4),
(160, 'Modification des infos du véhicule N°5 immatriculé 4487 GG 01.', 'update', 'vehicule', 5, NULL, NULL, '2020-01-28 15:59:23', '2020-01-28 15:59:23', 0, 1, 5),
(161, 'Modification des infos du véhicule N°6 immatriculé 9635 GV 01.', 'update', 'vehicule', 5, NULL, NULL, '2020-01-28 15:59:23', '2020-01-28 15:59:23', 0, 1, 6),
(162, 'Modification des infos du véhicule N°7 immatriculé 2411 FP 01.', 'update', 'vehicule', 5, NULL, NULL, '2020-01-28 15:59:24', '2020-01-28 15:59:24', 0, 1, 7),
(163, 'Modification des infos du véhicule N°1 immatriculé 4024 HK 01.', 'update', 'vehicule', 5, NULL, NULL, '2020-01-28 16:00:35', '2020-01-28 16:00:35', 0, 1, 1),
(164, 'Modification des infos du véhicule N°2 immatriculé 103 HR 01.', 'update', 'vehicule', 5, NULL, NULL, '2020-01-28 16:00:35', '2020-01-28 16:00:35', 0, 1, 2),
(165, 'Modification des infos du véhicule N°3 immatriculé 3399 HS 01.', 'update', 'vehicule', 5, NULL, NULL, '2020-01-28 16:00:36', '2020-01-28 16:00:36', 0, 1, 3),
(166, 'Modification des infos du véhicule N°4 immatriculé 380 GK 01.', 'update', 'vehicule', 5, NULL, NULL, '2020-01-28 16:00:36', '2020-01-28 16:00:36', 0, 1, 4),
(167, 'Modification des infos du véhicule N°5 immatriculé 4487 GG 01.', 'update', 'vehicule', 5, NULL, NULL, '2020-01-28 16:00:37', '2020-01-28 16:00:37', 0, 1, 5),
(168, 'Modification des infos du véhicule N°6 immatriculé 9635 GV 01.', 'update', 'vehicule', 5, NULL, NULL, '2020-01-28 16:00:37', '2020-01-28 16:00:37', 0, 1, 6),
(169, 'Modification des infos du véhicule N°7 immatriculé 2411 FP 01.', 'update', 'vehicule', 5, NULL, NULL, '2020-01-28 16:00:38', '2020-01-28 16:00:38', 0, 1, 7),
(170, 'Modification des infos du véhicule N°1 immatriculé 4024 HK 01.', 'update', 'vehicule', 5, NULL, NULL, '2020-01-28 16:02:26', '2020-01-28 16:02:26', 0, 1, 1),
(171, 'Modification des infos du véhicule N°2 immatriculé 103 HR 01.', 'update', 'vehicule', 5, NULL, NULL, '2020-01-28 16:02:27', '2020-01-28 16:02:27', 0, 1, 2),
(172, 'Modification des infos du véhicule N°3 immatriculé 3399 HS 01.', 'update', 'vehicule', 5, NULL, NULL, '2020-01-28 16:02:27', '2020-01-28 16:02:27', 0, 1, 3),
(173, 'Modification des infos du véhicule N°4 immatriculé 380 GK 01.', 'update', 'vehicule', 5, NULL, NULL, '2020-01-28 16:02:27', '2020-01-28 16:02:27', 0, 1, 4),
(174, 'Modification des infos du véhicule N°5 immatriculé 4487 GG 01.', 'update', 'vehicule', 5, NULL, NULL, '2020-01-28 16:02:28', '2020-01-28 16:02:28', 0, 1, 5),
(175, 'Modification des infos du véhicule N°6 immatriculé 9635 GV 01.', 'update', 'vehicule', 5, NULL, NULL, '2020-01-28 16:02:28', '2020-01-28 16:02:28', 0, 1, 6),
(176, 'Modification des infos du véhicule N°7 immatriculé 2411 FP 01.', 'update', 'vehicule', 5, NULL, NULL, '2020-01-28 16:02:28', '2020-01-28 16:02:28', 0, 1, 7),
(177, 'Modification des infos du véhicule N°1 immatriculé 4024 HK 01.', 'update', 'vehicule', 5, NULL, NULL, '2020-01-28 16:03:50', '2020-01-28 16:03:50', 0, 1, 1),
(178, 'Modification des infos du véhicule N°2 immatriculé 103 HR 01.', 'update', 'vehicule', 5, NULL, NULL, '2020-01-28 16:03:50', '2020-01-28 16:03:50', 0, 1, 2),
(179, 'Modification des infos du véhicule N°3 immatriculé 3399 HS 01.', 'update', 'vehicule', 5, NULL, NULL, '2020-01-28 16:03:51', '2020-01-28 16:03:51', 0, 1, 3),
(180, 'Modification des infos du véhicule N°4 immatriculé 380 GK 01.', 'update', 'vehicule', 5, NULL, NULL, '2020-01-28 16:03:51', '2020-01-28 16:03:51', 0, 1, 4),
(181, 'Modification des infos du véhicule N°5 immatriculé 4487 GG 01.', 'update', 'vehicule', 5, NULL, NULL, '2020-01-28 16:03:51', '2020-01-28 16:03:51', 0, 1, 5),
(182, 'Modification des infos du véhicule N°6 immatriculé 9635 GV 01.', 'update', 'vehicule', 5, NULL, NULL, '2020-01-28 16:03:51', '2020-01-28 16:03:51', 0, 1, 6),
(183, 'Modification des infos du véhicule N°7 immatriculé 2411 FP 01.', 'update', 'vehicule', 5, NULL, NULL, '2020-01-28 16:03:52', '2020-01-28 16:03:52', 0, 1, 7),
(184, 'Modification des infos du véhicule N°3 immatriculé 3399 HS 01.', 'update', 'vehicule', 5, NULL, NULL, '2020-01-28 16:03:52', '2020-01-28 16:03:52', 0, 1, 3),
(185, 'Modification des infos du véhicule N°1 immatriculé 4024 HK 01.', 'update', 'vehicule', 5, NULL, NULL, '2020-01-28 16:05:23', '2020-01-28 16:05:23', 0, 1, 1),
(186, 'Modification des infos du véhicule N°5 immatriculé 4487 GG 01.', 'update', 'vehicule', 5, NULL, NULL, '2020-01-28 16:05:23', '2020-01-28 16:05:23', 0, 1, 5),
(187, 'Modification des infos du véhicule N°3 immatriculé 3399 HS 01.', 'update', 'vehicule', 5, NULL, NULL, '2020-01-28 16:05:23', '2020-01-28 16:05:23', 0, 1, 3),
(188, 'Modification des infos du véhicule N°4 immatriculé 380 GK 01.', 'update', 'vehicule', 5, NULL, NULL, '2020-01-28 16:05:24', '2020-01-28 16:05:24', 0, 1, 4),
(189, 'Modification des infos du véhicule N°2 immatriculé 103 HR 01.', 'update', 'vehicule', 5, NULL, NULL, '2020-01-28 16:05:24', '2020-01-28 16:05:24', 0, 1, 2),
(190, 'Modification des infos du véhicule N°7 immatriculé 2411 FP 01.', 'update', 'vehicule', 5, NULL, NULL, '2020-01-28 16:05:24', '2020-01-28 16:05:24', 0, 1, 7),
(191, 'Modification des infos du véhicule N°6 immatriculé 9635 GV 01.', 'update', 'vehicule', 5, NULL, NULL, '2020-01-28 16:05:25', '2020-01-28 16:05:25', 0, 1, 6),
(192, 'Modification des infos du véhicule N°1 immatriculé 4024 HK 01.', 'update', 'vehicule', 5, NULL, NULL, '2020-01-28 16:05:36', '2020-01-28 16:05:36', 0, 1, 1),
(193, 'Modification des infos du véhicule N°5 immatriculé 4487 GG 01.', 'update', 'vehicule', 5, NULL, NULL, '2020-01-28 16:05:36', '2020-01-28 16:05:36', 0, 1, 5),
(194, 'Modification des infos du véhicule N°3 immatriculé 3399 HS 01.', 'update', 'vehicule', 5, NULL, NULL, '2020-01-28 16:05:37', '2020-01-28 16:05:37', 0, 1, 3),
(195, 'Modification des infos du véhicule N°4 immatriculé 380 GK 01.', 'update', 'vehicule', 5, NULL, NULL, '2020-01-28 16:05:37', '2020-01-28 16:05:37', 0, 1, 4),
(196, 'Modification des infos du véhicule N°2 immatriculé 103 HR 01.', 'update', 'vehicule', 5, NULL, NULL, '2020-01-28 16:05:37', '2020-01-28 16:05:37', 0, 1, 2),
(197, 'Modification des infos du véhicule N°7 immatriculé 2411 FP 01.', 'update', 'vehicule', 5, NULL, NULL, '2020-01-28 16:05:38', '2020-01-28 16:05:38', 0, 1, 7),
(198, 'Modification des infos du véhicule N°6 immatriculé 9635 GV 01.', 'update', 'vehicule', 5, NULL, NULL, '2020-01-28 16:05:38', '2020-01-28 16:05:38', 0, 1, 6),
(199, 'Modification des infos du véhicule N°1 immatriculé 4024 HK 01.', 'update', 'vehicule', 5, NULL, NULL, '2020-01-28 16:06:28', '2020-01-28 16:06:28', 0, 1, 1),
(200, 'Modification des infos du véhicule N°5 immatriculé 4487 GG 01.', 'update', 'vehicule', 5, NULL, NULL, '2020-01-28 16:06:29', '2020-01-28 16:06:29', 0, 1, 5),
(201, 'Modification des infos du véhicule N°3 immatriculé 3399 HS 01.', 'update', 'vehicule', 5, NULL, NULL, '2020-01-28 16:06:29', '2020-01-28 16:06:29', 0, 1, 3),
(202, 'Modification des infos du véhicule N°4 immatriculé 380 GK 01.', 'update', 'vehicule', 5, NULL, NULL, '2020-01-28 16:06:30', '2020-01-28 16:06:30', 0, 1, 4),
(203, 'Modification des infos du véhicule N°2 immatriculé 103 HR 01.', 'update', 'vehicule', 5, NULL, NULL, '2020-01-28 16:06:30', '2020-01-28 16:06:30', 0, 1, 2),
(204, 'Modification des infos du véhicule N°7 immatriculé 2411 FP 01.', 'update', 'vehicule', 5, NULL, NULL, '2020-01-28 16:06:30', '2020-01-28 16:06:30', 0, 1, 7),
(205, 'Modification des infos du véhicule N°6 immatriculé 9635 GV 01.', 'update', 'vehicule', 5, NULL, NULL, '2020-01-28 16:06:31', '2020-01-28 16:06:31', 0, 1, 6),
(206, 'Modification des infos du véhicule N°1 immatriculé 4024 HK 01.', 'update', 'vehicule', 5, NULL, NULL, '2020-01-28 16:06:40', '2020-01-28 16:06:40', 0, 1, 1),
(207, 'Modification des infos du véhicule N°2 immatriculé 103 HR 01.', 'update', 'vehicule', 5, NULL, NULL, '2020-01-28 16:06:41', '2020-01-28 16:06:41', 0, 1, 2),
(208, 'Modification des infos du véhicule N°3 immatriculé 3399 HS 01.', 'update', 'vehicule', 5, NULL, NULL, '2020-01-28 16:06:41', '2020-01-28 16:06:41', 0, 1, 3),
(209, 'Modification des infos du véhicule N°5 immatriculé 4487 GG 01.', 'update', 'vehicule', 5, NULL, NULL, '2020-01-28 16:06:41', '2020-01-28 16:06:41', 0, 1, 5),
(210, 'Modification des infos du véhicule N°6 immatriculé 9635 GV 01.', 'update', 'vehicule', 5, NULL, NULL, '2020-01-28 16:06:42', '2020-01-28 16:06:42', 0, 1, 6),
(211, 'Modification des infos du véhicule N°4 immatriculé 380 GK 01.', 'update', 'vehicule', 5, NULL, NULL, '2020-01-28 16:06:42', '2020-01-28 16:06:42', 0, 1, 4),
(212, 'Modification des infos du véhicule N°7 immatriculé 2411 FP 01.', 'update', 'vehicule', 5, NULL, NULL, '2020-01-28 16:06:42', '2020-01-28 16:06:42', 0, 1, 7),
(213, 'Modification des infos du véhicule N°1 immatriculé 4024 HK 01.', 'update', 'vehicule', 5, NULL, NULL, '2020-01-28 16:09:36', '2020-01-28 16:09:36', 0, 1, 1),
(214, 'Modification des infos du véhicule N°2 immatriculé 103 HR 01.', 'update', 'vehicule', 5, NULL, NULL, '2020-01-28 16:09:37', '2020-01-28 16:09:37', 0, 1, 2),
(215, 'Modification des infos du véhicule N°3 immatriculé 3399 HS 01.', 'update', 'vehicule', 5, NULL, NULL, '2020-01-28 16:09:37', '2020-01-28 16:09:37', 0, 1, 3),
(216, 'Modification des infos du véhicule N°5 immatriculé 4487 GG 01.', 'update', 'vehicule', 5, NULL, NULL, '2020-01-28 16:09:38', '2020-01-28 16:09:38', 0, 1, 5),
(217, 'Modification des infos du véhicule N°6 immatriculé 9635 GV 01.', 'update', 'vehicule', 5, NULL, NULL, '2020-01-28 16:09:38', '2020-01-28 16:09:38', 0, 1, 6),
(218, 'Modification des infos du véhicule N°4 immatriculé 380 GK 01.', 'update', 'vehicule', 5, NULL, NULL, '2020-01-28 16:09:38', '2020-01-28 16:09:38', 0, 1, 4),
(219, 'Modification des infos du véhicule N°7 immatriculé 2411 FP 01.', 'update', 'vehicule', 5, NULL, NULL, '2020-01-28 16:09:38', '2020-01-28 16:09:38', 0, 1, 7),
(220, 'Modification des infos du véhicule N°1 immatriculé 4024 HK 01.', 'update', 'vehicule', 5, NULL, NULL, '2020-01-28 16:09:45', '2020-01-28 16:09:45', 0, 1, 1),
(221, 'Modification des infos du véhicule N°2 immatriculé 103 HR 01.', 'update', 'vehicule', 5, NULL, NULL, '2020-01-28 16:09:46', '2020-01-28 16:09:46', 0, 1, 2),
(222, 'Modification des infos du véhicule N°3 immatriculé 3399 HS 01.', 'update', 'vehicule', 5, NULL, NULL, '2020-01-28 16:09:46', '2020-01-28 16:09:46', 0, 1, 3),
(223, 'Modification des infos du véhicule N°4 immatriculé 380 GK 01.', 'update', 'vehicule', 5, NULL, NULL, '2020-01-28 16:09:47', '2020-01-28 16:09:47', 0, 1, 4),
(224, 'Modification des infos du véhicule N°5 immatriculé 4487 GG 01.', 'update', 'vehicule', 5, NULL, NULL, '2020-01-28 16:09:47', '2020-01-28 16:09:47', 0, 1, 5),
(225, 'Modification des infos du véhicule N°6 immatriculé 9635 GV 01.', 'update', 'vehicule', 5, NULL, NULL, '2020-01-28 16:09:47', '2020-01-28 16:09:47', 0, 1, 6),
(226, 'Modification des infos du véhicule N°7 immatriculé 2411 FP 01.', 'update', 'vehicule', 5, NULL, NULL, '2020-01-28 16:09:47', '2020-01-28 16:09:47', 0, 1, 7),
(227, 'Modification des infos du véhicule N°1 immatriculé 4024 HK 01.', 'update', 'vehicule', 5, NULL, NULL, '2020-01-28 16:09:56', '2020-01-28 16:09:56', 0, 1, 1),
(228, 'Modification des infos du véhicule N°5 immatriculé 4487 GG 01.', 'update', 'vehicule', 5, NULL, NULL, '2020-01-28 16:09:56', '2020-01-28 16:09:56', 0, 1, 5),
(229, 'Modification des infos du véhicule N°3 immatriculé 3399 HS 01.', 'update', 'vehicule', 5, NULL, NULL, '2020-01-28 16:09:57', '2020-01-28 16:09:57', 0, 1, 3),
(230, 'Modification des infos du véhicule N°4 immatriculé 380 GK 01.', 'update', 'vehicule', 5, NULL, NULL, '2020-01-28 16:09:57', '2020-01-28 16:09:57', 0, 1, 4),
(231, 'Modification des infos du véhicule N°2 immatriculé 103 HR 01.', 'update', 'vehicule', 5, NULL, NULL, '2020-01-28 16:09:57', '2020-01-28 16:09:57', 0, 1, 2),
(232, 'Modification des infos du véhicule N°7 immatriculé 2411 FP 01.', 'update', 'vehicule', 5, NULL, NULL, '2020-01-28 16:09:58', '2020-01-28 16:09:58', 0, 1, 7),
(233, 'Modification des infos du véhicule N°6 immatriculé 9635 GV 01.', 'update', 'vehicule', 5, NULL, NULL, '2020-01-28 16:09:58', '2020-01-28 16:09:58', 0, 1, 6),
(234, 'Modification des infos du véhicule N°6 immatriculé 9635 GV 01.', 'update', 'vehicule', 5, NULL, NULL, '2020-01-28 16:10:23', '2020-01-28 16:10:23', 0, 1, 6),
(235, 'Modification des infos du véhicule N°1 immatriculé 4024 HK 01.', 'update', 'vehicule', 5, NULL, NULL, '2020-01-28 16:10:39', '2020-01-28 16:10:39', 0, 1, 1),
(236, 'Modification des infos du véhicule N°2 immatriculé 103 HR 01.', 'update', 'vehicule', 5, NULL, NULL, '2020-01-28 16:10:39', '2020-01-28 16:10:39', 0, 1, 2),
(237, 'Modification des infos du véhicule N°3 immatriculé 3399 HS 01.', 'update', 'vehicule', 5, NULL, NULL, '2020-01-28 16:10:40', '2020-01-28 16:10:40', 0, 1, 3),
(238, 'Modification des infos du véhicule N°4 immatriculé 380 GK 01.', 'update', 'vehicule', 5, NULL, NULL, '2020-01-28 16:10:40', '2020-01-28 16:10:40', 0, 1, 4),
(239, 'Modification des infos du véhicule N°5 immatriculé 4487 GG 01.', 'update', 'vehicule', 5, NULL, NULL, '2020-01-28 16:10:40', '2020-01-28 16:10:40', 0, 1, 5),
(240, 'Modification des infos du véhicule N°6 immatriculé 9635 GV 01.', 'update', 'vehicule', 5, NULL, NULL, '2020-01-28 16:10:41', '2020-01-28 16:10:41', 0, 1, 6),
(241, 'Modification des infos du véhicule N°7 immatriculé 2411 FP 01.', 'update', 'vehicule', 5, NULL, NULL, '2020-01-28 16:10:41', '2020-01-28 16:10:41', 0, 1, 7),
(242, 'Modification des infos du véhicule N°1 immatriculé 4024 HK 01.', 'update', 'vehicule', 5, NULL, NULL, '2020-01-28 16:32:47', '2020-01-28 16:32:47', 0, 1, 1),
(243, 'Modification des infos du véhicule N°2 immatriculé 103 HR 01.', 'update', 'vehicule', 5, NULL, NULL, '2020-01-28 16:32:48', '2020-01-28 16:32:48', 0, 1, 2),
(244, 'Modification des infos du véhicule N°3 immatriculé 3399 HS 01.', 'update', 'vehicule', 5, NULL, NULL, '2020-01-28 16:32:48', '2020-01-28 16:32:48', 0, 1, 3),
(245, 'Modification des infos du véhicule N°5 immatriculé 4487 GG 01.', 'update', 'vehicule', 5, NULL, NULL, '2020-01-28 16:32:48', '2020-01-28 16:32:48', 0, 1, 5),
(246, 'Modification des infos du véhicule N°6 immatriculé 9635 GV 01.', 'update', 'vehicule', 5, NULL, NULL, '2020-01-28 16:32:48', '2020-01-28 16:32:48', 0, 1, 6),
(247, 'Modification des infos du véhicule N°4 immatriculé 380 GK 01.', 'update', 'vehicule', 5, NULL, NULL, '2020-01-28 16:32:49', '2020-01-28 16:32:49', 0, 1, 4),
(248, 'Modification des infos du véhicule N°7 immatriculé 2411 FP 01.', 'update', 'vehicule', 5, NULL, NULL, '2020-01-28 16:32:49', '2020-01-28 16:32:49', 0, 1, 7),
(249, 'Modification des infos du véhicule N°1 immatriculé 4024 HK 01.', 'update', 'vehicule', 5, NULL, NULL, '2020-01-28 16:34:28', '2020-01-28 16:34:28', 0, 1, 1),
(250, 'Modification des infos du véhicule N°2 immatriculé 103 HR 01.', 'update', 'vehicule', 5, NULL, NULL, '2020-01-28 16:34:28', '2020-01-28 16:34:28', 0, 1, 2),
(251, 'Modification des infos du véhicule N°3 immatriculé 3399 HS 01.', 'update', 'vehicule', 5, NULL, NULL, '2020-01-28 16:34:28', '2020-01-28 16:34:28', 0, 1, 3),
(252, 'Modification des infos du véhicule N°5 immatriculé 4487 GG 01.', 'update', 'vehicule', 5, NULL, NULL, '2020-01-28 16:34:29', '2020-01-28 16:34:29', 0, 1, 5),
(253, 'Modification des infos du véhicule N°6 immatriculé 9635 GV 01.', 'update', 'vehicule', 5, NULL, NULL, '2020-01-28 16:34:29', '2020-01-28 16:34:29', 0, 1, 6),
(254, 'Modification des infos du véhicule N°4 immatriculé 380 GK 01.', 'update', 'vehicule', 5, NULL, NULL, '2020-01-28 16:34:29', '2020-01-28 16:34:29', 0, 1, 4),
(255, 'Modification des infos du véhicule N°7 immatriculé 2411 FP 01.', 'update', 'vehicule', 5, NULL, NULL, '2020-01-28 16:34:30', '2020-01-28 16:34:30', 0, 1, 7),
(256, 'Modification des infos du véhicule N°1 immatriculé 4024 HK 01.', 'update', 'vehicule', 5, NULL, NULL, '2020-01-28 16:34:55', '2020-01-28 16:34:55', 0, 1, 1),
(257, 'Modification des infos du véhicule N°2 immatriculé 103 HR 01.', 'update', 'vehicule', 5, NULL, NULL, '2020-01-28 16:34:55', '2020-01-28 16:34:55', 0, 1, 2),
(258, 'Modification des infos du véhicule N°3 immatriculé 3399 HS 01.', 'update', 'vehicule', 5, NULL, NULL, '2020-01-28 16:34:55', '2020-01-28 16:34:55', 0, 1, 3),
(259, 'Modification des infos du véhicule N°5 immatriculé 4487 GG 01.', 'update', 'vehicule', 5, NULL, NULL, '2020-01-28 16:34:56', '2020-01-28 16:34:56', 0, 1, 5),
(260, 'Modification des infos du véhicule N°6 immatriculé 9635 GV 01.', 'update', 'vehicule', 5, NULL, NULL, '2020-01-28 16:34:56', '2020-01-28 16:34:56', 0, 1, 6),
(261, 'Modification des infos du véhicule N°4 immatriculé 380 GK 01.', 'update', 'vehicule', 5, NULL, NULL, '2020-01-28 16:34:56', '2020-01-28 16:34:56', 0, 1, 4),
(262, 'Modification des infos du véhicule N°7 immatriculé 2411 FP 01.', 'update', 'vehicule', 5, NULL, NULL, '2020-01-28 16:34:57', '2020-01-28 16:34:57', 0, 1, 7),
(263, 'Modification des infos du véhicule N°1 immatriculé 4024 HK 01.', 'update', 'vehicule', 5, NULL, NULL, '2020-01-28 16:35:14', '2020-01-28 16:35:14', 0, 1, 1),
(264, 'Modification des infos du véhicule N°2 immatriculé 103 HR 01.', 'update', 'vehicule', 5, NULL, NULL, '2020-01-28 16:35:14', '2020-01-28 16:35:14', 0, 1, 2),
(265, 'Modification des infos du véhicule N°3 immatriculé 3399 HS 01.', 'update', 'vehicule', 5, NULL, NULL, '2020-01-28 16:35:14', '2020-01-28 16:35:14', 0, 1, 3),
(266, 'Modification des infos du véhicule N°5 immatriculé 4487 GG 01.', 'update', 'vehicule', 5, NULL, NULL, '2020-01-28 16:35:15', '2020-01-28 16:35:15', 0, 1, 5),
(267, 'Modification des infos du véhicule N°6 immatriculé 9635 GV 01.', 'update', 'vehicule', 5, NULL, NULL, '2020-01-28 16:35:15', '2020-01-28 16:35:15', 0, 1, 6),
(268, 'Modification des infos du véhicule N°4 immatriculé 380 GK 01.', 'update', 'vehicule', 5, NULL, NULL, '2020-01-28 16:35:15', '2020-01-28 16:35:15', 0, 1, 4),
(269, 'Modification des infos du véhicule N°7 immatriculé 2411 FP 01.', 'update', 'vehicule', 5, NULL, NULL, '2020-01-28 16:35:16', '2020-01-28 16:35:16', 0, 1, 7),
(270, 'Modification des infos du véhicule N°1 immatriculé 4024 HK 01.', 'update', 'vehicule', 5, NULL, NULL, '2020-01-28 16:36:03', '2020-01-28 16:36:03', 0, 1, 1),
(271, 'Modification des infos du véhicule N°2 immatriculé 103 HR 01.', 'update', 'vehicule', 5, NULL, NULL, '2020-01-28 16:36:03', '2020-01-28 16:36:03', 0, 1, 2),
(272, 'Modification des infos du véhicule N°3 immatriculé 3399 HS 01.', 'update', 'vehicule', 5, NULL, NULL, '2020-01-28 16:36:03', '2020-01-28 16:36:03', 0, 1, 3),
(273, 'Modification des infos du véhicule N°5 immatriculé 4487 GG 01.', 'update', 'vehicule', 5, NULL, NULL, '2020-01-28 16:36:04', '2020-01-28 16:36:04', 0, 1, 5),
(274, 'Modification des infos du véhicule N°6 immatriculé 9635 GV 01.', 'update', 'vehicule', 5, NULL, NULL, '2020-01-28 16:36:04', '2020-01-28 16:36:04', 0, 1, 6),
(275, 'Modification des infos du véhicule N°4 immatriculé 380 GK 01.', 'update', 'vehicule', 5, NULL, NULL, '2020-01-28 16:36:04', '2020-01-28 16:36:04', 0, 1, 4),
(276, 'Modification des infos du véhicule N°7 immatriculé 2411 FP 01.', 'update', 'vehicule', 5, NULL, NULL, '2020-01-28 16:36:05', '2020-01-28 16:36:05', 0, 1, 7),
(277, 'Modification des infos du véhicule N°1 immatriculé 4024 HK 01.', 'update', 'vehicule', 5, NULL, NULL, '2020-01-28 16:36:34', '2020-01-28 16:36:34', 0, 1, 1),
(278, 'Modification des infos du véhicule N°2 immatriculé 103 HR 01.', 'update', 'vehicule', 5, NULL, NULL, '2020-01-28 16:36:34', '2020-01-28 16:36:34', 0, 1, 2),
(279, 'Modification des infos du véhicule N°3 immatriculé 3399 HS 01.', 'update', 'vehicule', 5, NULL, NULL, '2020-01-28 16:36:34', '2020-01-28 16:36:34', 0, 1, 3),
(280, 'Modification des infos du véhicule N°5 immatriculé 4487 GG 01.', 'update', 'vehicule', 5, NULL, NULL, '2020-01-28 16:36:35', '2020-01-28 16:36:35', 0, 1, 5),
(281, 'Modification des infos du véhicule N°6 immatriculé 9635 GV 01.', 'update', 'vehicule', 5, NULL, NULL, '2020-01-28 16:36:35', '2020-01-28 16:36:35', 0, 1, 6),
(282, 'Modification des infos du véhicule N°4 immatriculé 380 GK 01.', 'update', 'vehicule', 5, NULL, NULL, '2020-01-28 16:36:35', '2020-01-28 16:36:35', 0, 1, 4),
(283, 'Modification des infos du véhicule N°7 immatriculé 2411 FP 01.', 'update', 'vehicule', 5, NULL, NULL, '2020-01-28 16:36:36', '2020-01-28 16:36:36', 0, 1, 7),
(284, 'Modification des infos du véhicule N°1 immatriculé 4024 HK 01.', 'update', 'vehicule', 5, NULL, NULL, '2020-01-28 16:51:05', '2020-01-28 16:51:05', 0, 1, 1),
(285, 'Modification des infos du véhicule N°2 immatriculé 103 HR 01.', 'update', 'vehicule', 5, NULL, NULL, '2020-01-28 16:51:05', '2020-01-28 16:51:05', 0, 1, 2),
(286, 'Modification des infos du véhicule N°3 immatriculé 3399 HS 01.', 'update', 'vehicule', 5, NULL, NULL, '2020-01-28 16:51:06', '2020-01-28 16:51:06', 0, 1, 3),
(287, 'Modification des infos du véhicule N°5 immatriculé 4487 GG 01.', 'update', 'vehicule', 5, NULL, NULL, '2020-01-28 16:51:06', '2020-01-28 16:51:06', 0, 1, 5),
(288, 'Modification des infos du véhicule N°6 immatriculé 9635 GV 01.', 'update', 'vehicule', 5, NULL, NULL, '2020-01-28 16:51:07', '2020-01-28 16:51:07', 0, 1, 6),
(289, 'Modification des infos du véhicule N°4 immatriculé 380 GK 01.', 'update', 'vehicule', 5, NULL, NULL, '2020-01-28 16:51:07', '2020-01-28 16:51:07', 0, 1, 4),
(290, 'Modification des infos du véhicule N°7 immatriculé 2411 FP 01.', 'update', 'vehicule', 5, NULL, NULL, '2020-01-28 16:51:07', '2020-01-28 16:51:07', 0, 1, 7),
(291, 'Modification des infos du véhicule N°1 immatriculé 4024 HK 01.', 'update', 'vehicule', 5, NULL, NULL, '2020-01-28 16:54:59', '2020-01-28 16:54:59', 0, 1, 1),
(292, 'Modification des infos du véhicule N°2 immatriculé 103 HR 01.', 'update', 'vehicule', 5, NULL, NULL, '2020-01-28 16:55:00', '2020-01-28 16:55:00', 0, 1, 2),
(293, 'Modification des infos du véhicule N°3 immatriculé 3399 HS 01.', 'update', 'vehicule', 5, NULL, NULL, '2020-01-28 16:55:00', '2020-01-28 16:55:00', 0, 1, 3),
(294, 'Modification des infos du véhicule N°5 immatriculé 4487 GG 01.', 'update', 'vehicule', 5, NULL, NULL, '2020-01-28 16:55:01', '2020-01-28 16:55:01', 0, 1, 5),
(295, 'Modification des infos du véhicule N°6 immatriculé 9635 GV 01.', 'update', 'vehicule', 5, NULL, NULL, '2020-01-28 16:55:01', '2020-01-28 16:55:01', 0, 1, 6),
(296, 'Modification des infos du véhicule N°4 immatriculé 380 GK 01.', 'update', 'vehicule', 5, NULL, NULL, '2020-01-28 16:55:01', '2020-01-28 16:55:01', 0, 1, 4),
(297, 'Modification des infos du véhicule N°7 immatriculé 2411 FP 01.', 'update', 'vehicule', 5, NULL, NULL, '2020-01-28 16:55:02', '2020-01-28 16:55:02', 0, 1, 7),
(298, 'Modification des infos du véhicule N°1 immatriculé 4024 HK 01.', 'update', 'vehicule', 5, NULL, NULL, '2020-01-28 17:00:49', '2020-01-28 17:00:49', 0, 1, 1),
(299, 'Modification des infos du véhicule N°2 immatriculé 103 HR 01.', 'update', 'vehicule', 5, NULL, NULL, '2020-01-28 17:00:50', '2020-01-28 17:00:50', 0, 1, 2),
(300, 'Modification des infos du véhicule N°3 immatriculé 3399 HS 01.', 'update', 'vehicule', 5, NULL, NULL, '2020-01-28 17:00:50', '2020-01-28 17:00:50', 0, 1, 3);

-- --------------------------------------------------------

--
-- Structure de la table `ligneapprovisionnement`
--

CREATE TABLE `ligneapprovisionnement` (
  `id` int(11) NOT NULL,
  `approvisionnement_id` int(11) NOT NULL,
  `ressource_id` int(11) NOT NULL,
  `quantite` int(11) NOT NULL,
  `quantite_recu` int(11) NOT NULL,
  `price` int(11) NOT NULL,
  `created` datetime DEFAULT NULL,
  `modified` datetime DEFAULT NULL,
  `protected` int(11) NOT NULL DEFAULT '0',
  `valide` int(11) NOT NULL DEFAULT '1'
) ENGINE=InnoDB DEFAULT CHARSET=utf8;

--
-- Déchargement des données de la table `ligneapprovisionnement`
--

INSERT INTO `ligneapprovisionnement` (`id`, `approvisionnement_id`, `ressource_id`, `quantite`, `quantite_recu`, `price`, `created`, `modified`, `protected`, `valide`) VALUES
(32, 8, 1, 10, 0, 0, '2020-04-09 09:37:49', '2020-04-09 11:40:09', 0, 1),
(33, 8, 2, 20, 0, 0, '2020-04-09 09:37:49', '2020-04-09 11:40:09', 0, 1),
(34, 8, 3, 3, 0, 0, '2020-04-09 09:37:49', '2020-04-09 11:40:09', 0, 1),
(35, 8, 4, 4, 0, 0, '2020-04-09 09:37:50', '2020-04-09 11:40:10', 0, 1),
(36, 9, 1, 0, 0, 0, '2020-04-09 12:37:54', '2020-04-09 12:37:54', 0, 1),
(37, 9, 2, 0, 0, 0, '2020-04-09 12:37:54', '2020-04-09 12:37:54', 0, 1),
(38, 9, 3, 15, 0, 0, '2020-04-09 12:37:54', '2020-04-09 12:37:54', 0, 1),
(39, 9, 4, 7, 0, 0, '2020-04-09 12:37:54', '2020-04-09 12:37:54', 0, 1),
(44, 10, 1, 0, 0, 0, '2020-04-09 12:40:45', '2020-04-09 12:40:45', 0, 1),
(45, 10, 2, 0, 0, 0, '2020-04-09 12:40:45', '2020-04-09 12:40:45', 0, 1),
(46, 10, 3, 5, 0, 0, '2020-04-09 12:40:45', '2020-04-09 12:40:45', 0, 1),
(47, 10, 4, 0, 0, 0, '2020-04-09 12:40:45', '2020-04-09 12:40:45', 0, 1),
(52, 11, 1, 25, 0, 0, '2020-04-09 12:41:54', '2020-04-09 12:41:54', 0, 1),
(53, 11, 2, 0, 0, 0, '2020-04-09 12:41:55', '2020-04-09 12:41:55', 0, 1),
(54, 11, 3, 0, 0, 0, '2020-04-09 12:41:55', '2020-04-09 12:41:55', 0, 1),
(55, 11, 4, 3, 0, 0, '2020-04-09 12:41:55', '2020-04-09 12:41:55', 0, 1),
(60, 12, 1, 0, 0, 0, '2020-04-09 12:42:58', '2020-04-09 12:42:58', 0, 1),
(61, 12, 2, 0, 0, 0, '2020-04-09 12:42:58', '2020-04-09 12:42:58', 0, 1),
(62, 12, 3, 8, 0, 0, '2020-04-09 12:42:59', '2020-04-09 12:42:59', 0, 1),
(63, 12, 4, 9, 0, 0, '2020-04-09 12:42:59', '2020-04-09 12:42:59', 0, 1),
(68, 13, 1, 8, 0, 0, '2020-04-09 12:44:34', '2020-04-09 12:44:34', 0, 1),
(69, 13, 2, 2, 0, 0, '2020-04-09 12:44:35', '2020-04-09 12:44:35', 0, 1),
(70, 13, 3, 3, 0, 0, '2020-04-09 12:44:35', '2020-04-09 12:44:35', 0, 1),
(72, 13, 4, 45, 0, 0, '2020-04-09 12:44:35', '2020-04-09 12:44:35', 0, 1),
(76, 14, 1, 0, 0, 0, '2020-04-09 12:53:20', '2020-04-09 12:53:20', 0, 1),
(77, 14, 2, 0, 0, 0, '2020-04-09 12:53:20', '2020-04-09 12:53:20', 0, 1),
(78, 14, 3, 0, 0, 0, '2020-04-09 12:53:21', '2020-04-09 12:53:21', 0, 1),
(79, 14, 4, 0, 0, 0, '2020-04-09 12:53:21', '2020-04-09 12:53:21', 0, 1),
(84, 15, 1, 4, 0, 0, '2020-04-09 13:07:37', '2020-04-09 13:10:19', 0, 1),
(85, 15, 2, 5, 0, 0, '2020-04-09 13:07:37', '2020-04-09 13:10:20', 0, 1),
(86, 15, 3, 6, 0, 0, '2020-04-09 13:07:37', '2020-04-09 13:10:20', 0, 1),
(87, 15, 4, 7, 0, 0, '2020-04-09 13:07:37', '2020-04-09 13:10:20', 0, 1),
(88, 2, 3, 10, 0, 148000, '2020-04-14 18:48:23', '2020-04-14 18:48:23', 0, 1),
(89, 2, 4, 11, 0, 178200, '2020-04-14 18:48:23', '2020-04-14 18:48:23', 0, 1);

-- --------------------------------------------------------

--
-- Structure de la table `lignecommande`
--

CREATE TABLE `lignecommande` (
  `id` int(11) NOT NULL,
  `commande_id` int(11) NOT NULL,
  `produit_id` int(11) NOT NULL,
  `quantite` int(11) NOT NULL,
  `price` int(11) NOT NULL,
  `created` datetime DEFAULT NULL,
  `modified` datetime DEFAULT NULL,
  `protected` int(11) NOT NULL DEFAULT '0',
  `valide` int(11) NOT NULL DEFAULT '1'
) ENGINE=InnoDB DEFAULT CHARSET=utf8;

--
-- Déchargement des données de la table `lignecommande`
--

INSERT INTO `lignecommande` (`id`, `commande_id`, `produit_id`, `quantite`, `price`, `created`, `modified`, `protected`, `valide`) VALUES
(1, 1, 4, 857, 857000, '2020-04-06 15:16:35', '2020-04-06 15:16:35', 0, 1),
(2, 1, 3, 1453, 1453000, '2020-04-06 15:16:35', '2020-04-06 15:16:35', 0, 1),
(3, 1, 1, 100, 100000, '2020-04-06 15:16:35', '2020-04-06 15:16:35', 0, 1),
(4, 2, 4, 100, 100000, '2020-04-06 15:40:22', '2020-04-06 15:40:22', 0, 1),
(5, 2, 3, 1000, 1000000, '2020-04-06 15:40:23', '2020-04-06 15:40:23', 0, 1),
(6, 2, 2, 15, 15000, '2020-04-06 15:40:23', '2020-04-06 15:40:23', 0, 1),
(7, 2, 1, 15, 15000, '2020-04-06 15:40:23', '2020-04-06 15:40:23', 0, 1),
(8, 3, 4, 10, 10000, '2020-04-06 15:43:13', '2020-04-06 15:43:13', 0, 1),
(9, 3, 3, 10, 10000, '2020-04-06 15:43:13', '2020-04-06 15:43:13', 0, 1),
(10, 3, 2, 10, 10000, '2020-04-06 15:43:14', '2020-04-06 15:43:14', 0, 1),
(11, 3, 1, 10, 10000, '2020-04-06 15:43:14', '2020-04-06 15:43:14', 0, 1),
(12, 4, 4, 10, 10000, '2020-04-06 15:44:36', '2020-04-06 15:44:36', 0, 1),
(13, 4, 3, 10, 10000, '2020-04-06 15:44:36', '2020-04-06 15:44:36', 0, 1),
(14, 4, 2, 10, 10000, '2020-04-06 15:44:36', '2020-04-06 15:44:36', 0, 1),
(15, 4, 1, 10, 10000, '2020-04-06 15:44:36', '2020-04-06 15:44:36', 0, 1),
(16, 5, 3, 10, 10000, '2020-04-06 15:53:02', '2020-04-06 15:53:02', 0, 1),
(17, 5, 4, 10, 10000, '2020-04-06 15:53:02', '2020-04-06 15:53:02', 0, 1),
(18, 6, 3, 30, 30000, '2020-04-06 22:30:25', '2020-04-06 22:30:25', 0, 1),
(19, 6, 2, 10, 10000, '2020-04-06 22:30:26', '2020-04-06 22:30:26', 0, 1),
(20, 7, 3, 30, 30000, '2020-04-06 22:32:22', '2020-04-06 22:32:22', 0, 1),
(21, 7, 2, 10, 10000, '2020-04-06 22:32:23', '2020-04-06 22:32:23', 0, 1);

-- --------------------------------------------------------

--
-- Structure de la table `ligneconsommationjour`
--

CREATE TABLE `ligneconsommationjour` (
  `id` int(11) NOT NULL,
  `productionjour_id` int(11) NOT NULL,
  `ressource_id` int(11) NOT NULL,
  `consommation` int(11) NOT NULL,
  `created` datetime DEFAULT NULL,
  `modified` datetime DEFAULT NULL,
  `protected` int(11) NOT NULL DEFAULT '0',
  `valide` int(11) NOT NULL DEFAULT '1'
) ENGINE=InnoDB DEFAULT CHARSET=utf8;

--
-- Déchargement des données de la table `ligneconsommationjour`
--

INSERT INTO `ligneconsommationjour` (`id`, `productionjour_id`, `ressource_id`, `consommation`, `created`, `modified`, `protected`, `valide`) VALUES
(32, 8, 1, 10, '2020-04-09 09:37:49', '2020-04-09 11:40:09', 0, 1),
(33, 8, 2, 20, '2020-04-09 09:37:49', '2020-04-09 11:40:09', 0, 1),
(34, 8, 3, 3, '2020-04-09 09:37:49', '2020-04-09 11:40:09', 0, 1),
(35, 8, 4, 4, '2020-04-09 09:37:50', '2020-04-09 11:40:10', 0, 1),
(36, 9, 1, 0, '2020-04-09 12:37:54', '2020-04-09 12:37:54', 0, 1),
(37, 9, 2, 0, '2020-04-09 12:37:54', '2020-04-09 12:37:54', 0, 1),
(38, 9, 3, 15, '2020-04-09 12:37:54', '2020-04-09 12:37:54', 0, 1),
(39, 9, 4, 7, '2020-04-09 12:37:54', '2020-04-09 12:37:54', 0, 1),
(44, 10, 1, 0, '2020-04-09 12:40:45', '2020-04-09 12:40:45', 0, 1),
(45, 10, 2, 0, '2020-04-09 12:40:45', '2020-04-09 12:40:45', 0, 1),
(46, 10, 3, 5, '2020-04-09 12:40:45', '2020-04-09 12:40:45', 0, 1),
(47, 10, 4, 0, '2020-04-09 12:40:45', '2020-04-09 12:40:45', 0, 1),
(52, 11, 1, 25, '2020-04-09 12:41:54', '2020-04-09 12:41:54', 0, 1),
(53, 11, 2, 0, '2020-04-09 12:41:55', '2020-04-09 12:41:55', 0, 1),
(54, 11, 3, 0, '2020-04-09 12:41:55', '2020-04-09 12:41:55', 0, 1),
(55, 11, 4, 3, '2020-04-09 12:41:55', '2020-04-09 12:41:55', 0, 1),
(60, 12, 1, 0, '2020-04-09 12:42:58', '2020-04-09 12:42:58', 0, 1),
(61, 12, 2, 0, '2020-04-09 12:42:58', '2020-04-09 12:42:58', 0, 1),
(62, 12, 3, 8, '2020-04-09 12:42:59', '2020-04-09 12:42:59', 0, 1),
(63, 12, 4, 9, '2020-04-09 12:42:59', '2020-04-09 12:42:59', 0, 1),
(68, 13, 1, 8, '2020-04-09 12:44:34', '2020-04-09 12:44:34', 0, 1),
(69, 13, 2, 2, '2020-04-09 12:44:35', '2020-04-09 12:44:35', 0, 1),
(70, 13, 3, 3, '2020-04-09 12:44:35', '2020-04-09 12:44:35', 0, 1),
(72, 13, 4, 45, '2020-04-09 12:44:35', '2020-04-09 12:44:35', 0, 1),
(76, 14, 1, 0, '2020-04-09 12:53:20', '2020-04-09 12:53:20', 0, 1),
(77, 14, 2, 0, '2020-04-09 12:53:20', '2020-04-09 12:53:20', 0, 1),
(78, 14, 3, 0, '2020-04-09 12:53:21', '2020-04-09 12:53:21', 0, 1),
(79, 14, 4, 0, '2020-04-09 12:53:21', '2020-04-09 12:53:21', 0, 1),
(84, 15, 1, 4, '2020-04-09 13:07:37', '2020-04-09 13:10:19', 0, 1),
(85, 15, 2, 5, '2020-04-09 13:07:37', '2020-04-09 13:10:20', 0, 1),
(86, 15, 3, 6, '2020-04-09 13:07:37', '2020-04-09 13:10:20', 0, 1),
(87, 15, 4, 7, '2020-04-09 13:07:37', '2020-04-09 13:10:20', 0, 1),
(88, 16, 1, 2, '2020-04-10 14:07:34', '2020-04-10 22:04:25', 0, 1),
(89, 16, 2, 25, '2020-04-10 14:07:34', '2020-04-10 22:04:26', 0, 1),
(90, 16, 3, 3, '2020-04-10 14:07:35', '2020-04-10 22:04:26', 0, 1),
(91, 16, 4, 19, '2020-04-10 14:07:35', '2020-04-10 22:04:26', 0, 1),
(92, 17, 1, 0, '2020-04-11 08:34:16', '2020-04-11 08:34:16', 0, 1),
(93, 17, 2, 0, '2020-04-11 08:34:16', '2020-04-11 08:34:16', 0, 1),
(94, 17, 3, 0, '2020-04-11 08:34:16', '2020-04-11 08:34:16', 0, 1),
(95, 17, 4, 0, '2020-04-11 08:34:16', '2020-04-11 08:34:16', 0, 1),
(96, 18, 1, 0, '2020-04-12 09:12:29', '2020-04-12 09:12:29', 0, 1),
(97, 18, 2, 0, '2020-04-12 09:12:30', '2020-04-12 09:12:30', 0, 1),
(98, 18, 3, 0, '2020-04-12 09:12:30', '2020-04-12 09:12:30', 0, 1),
(99, 18, 4, 0, '2020-04-12 09:12:30', '2020-04-12 09:12:30', 0, 1),
(100, 19, 1, 0, '2020-04-13 08:19:28', '2020-04-13 08:19:28', 0, 1),
(101, 19, 2, 0, '2020-04-13 08:19:28', '2020-04-13 08:19:28', 0, 1),
(102, 19, 3, 0, '2020-04-13 08:19:28', '2020-04-13 08:19:28', 0, 1),
(103, 19, 4, 0, '2020-04-13 08:19:28', '2020-04-13 08:19:28', 0, 1),
(104, 20, 1, 0, '2020-04-14 11:38:22', '2020-04-14 11:38:22', 0, 1),
(105, 20, 2, 0, '2020-04-14 11:38:22', '2020-04-14 11:38:22', 0, 1),
(106, 20, 3, 0, '2020-04-14 11:38:22', '2020-04-14 11:38:22', 0, 1),
(107, 20, 4, 0, '2020-04-14 11:38:22', '2020-04-14 11:38:22', 0, 1),
(108, 21, 1, 0, '2020-04-15 10:04:43', '2020-04-15 10:04:43', 0, 1),
(109, 21, 2, 0, '2020-04-15 10:04:43', '2020-04-15 10:04:43', 0, 1),
(110, 21, 3, 0, '2020-04-15 10:04:43', '2020-04-15 10:04:43', 0, 1),
(111, 21, 4, 0, '2020-04-15 10:04:43', '2020-04-15 10:04:43', 0, 1),
(112, 22, 1, 0, '2020-04-16 03:14:53', '2020-04-16 03:14:53', 0, 1),
(113, 22, 2, 0, '2020-04-16 03:14:53', '2020-04-16 03:14:53', 0, 1),
(114, 22, 3, 0, '2020-04-16 03:14:53', '2020-04-16 03:14:53', 0, 1),
(115, 22, 4, 0, '2020-04-16 03:14:53', '2020-04-16 03:14:53', 0, 1);

-- --------------------------------------------------------

--
-- Structure de la table `ligneexigenceproduction`
--

CREATE TABLE `ligneexigenceproduction` (
  `id` int(11) NOT NULL,
  `exigenceproduction_id` int(11) NOT NULL,
  `ressource_id` int(11) NOT NULL,
  `quantite` int(11) NOT NULL,
  `created` datetime DEFAULT NULL,
  `modified` datetime DEFAULT NULL,
  `protected` int(11) NOT NULL DEFAULT '0',
  `valide` int(11) NOT NULL DEFAULT '1'
) ENGINE=InnoDB DEFAULT CHARSET=utf8;

--
-- Déchargement des données de la table `ligneexigenceproduction`
--

INSERT INTO `ligneexigenceproduction` (`id`, `exigenceproduction_id`, `ressource_id`, `quantite`, `created`, `modified`, `protected`, `valide`) VALUES
(32, 8, 1, 2, '2020-04-09 09:37:49', '2020-04-13 14:41:29', 0, 1),
(33, 8, 2, 22, '2020-04-09 09:37:49', '2020-04-13 14:41:28', 0, 1),
(34, 8, 3, 4, '2020-04-09 09:37:49', '2020-04-13 14:41:29', 0, 1),
(35, 8, 4, 70, '2020-04-09 09:37:50', '2020-04-13 14:41:29', 0, 1),
(36, 9, 1, 458, '2020-04-09 12:37:54', '2020-04-09 12:37:54', 0, 1),
(37, 9, 2, 125, '2020-04-09 12:37:54', '2020-04-09 12:37:54', 0, 1),
(38, 9, 3, 780, '2020-04-09 12:37:54', '2020-04-09 12:37:54', 0, 1),
(39, 9, 4, 0, '2020-04-09 12:37:54', '2020-04-09 12:37:54', 0, 1),
(44, 10, 1, 1, '2020-04-09 12:40:45', '2020-04-13 14:40:12', 0, 1),
(45, 10, 2, 10, '2020-04-09 12:40:45', '2020-04-13 14:40:12', 0, 1),
(46, 10, 3, 2, '2020-04-09 12:40:45', '2020-04-13 14:40:12', 0, 1),
(47, 10, 4, 20, '2020-04-09 12:40:45', '2020-04-13 14:40:12', 0, 1),
(52, 11, 1, 350, '2020-04-09 12:41:54', '2020-04-09 12:41:54', 0, 1),
(53, 11, 2, 2580, '2020-04-09 12:41:55', '2020-04-09 12:41:55', 0, 1),
(54, 11, 3, 500, '2020-04-09 12:41:55', '2020-04-09 12:41:55', 0, 1),
(55, 11, 4, 15, '2020-04-09 12:41:55', '2020-04-09 12:41:55', 0, 1),
(60, 12, 1, 1000, '2020-04-09 12:42:58', '2020-04-09 12:42:58', 0, 1),
(61, 12, 2, 900, '2020-04-09 12:42:58', '2020-04-09 12:42:58', 0, 1),
(62, 12, 3, 2500, '2020-04-09 12:42:59', '2020-04-09 12:42:59', 0, 1),
(63, 12, 4, 300, '2020-04-09 12:42:59', '2020-04-09 12:42:59', 0, 1),
(68, 13, 1, 350, '2020-04-09 12:44:34', '2020-04-09 12:44:34', 0, 1),
(69, 13, 2, 356, '2020-04-09 12:44:35', '2020-04-09 12:44:35', 0, 1),
(70, 13, 3, 0, '2020-04-09 12:44:35', '2020-04-09 12:44:35', 0, 1),
(72, 13, 4, 0, '2020-04-09 12:44:35', '2020-04-09 12:44:35', 0, 1),
(76, 14, 1, 365, '2020-04-09 12:53:20', '2020-04-09 12:53:20', 0, 1),
(77, 14, 2, 1000, '2020-04-09 12:53:20', '2020-04-09 12:53:20', 0, 1),
(78, 14, 3, 1000, '2020-04-09 12:53:21', '2020-04-09 12:53:21', 0, 1),
(79, 14, 4, 35, '2020-04-09 12:53:21', '2020-04-09 12:53:21', 0, 1),
(84, 15, 1, 4582, '2020-04-09 13:07:37', '2020-04-09 13:10:19', 0, 1),
(85, 15, 2, 145, '2020-04-09 13:07:37', '2020-04-09 13:10:20', 0, 1),
(86, 15, 3, 0, '2020-04-09 13:07:37', '2020-04-09 13:10:20', 0, 1),
(87, 15, 4, 896, '2020-04-09 13:07:37', '2020-04-09 13:10:20', 0, 1),
(88, 16, 1, 850, '2020-04-10 14:07:34', '2020-04-10 22:04:25', 0, 1),
(89, 16, 2, 1320, '2020-04-10 14:07:34', '2020-04-10 22:04:25', 0, 1),
(90, 16, 3, 1000, '2020-04-10 14:07:34', '2020-04-10 22:04:25', 0, 1),
(91, 16, 4, 200, '2020-04-10 14:07:34', '2020-04-10 22:04:25', 0, 1),
(92, 17, 1, 0, '2020-04-11 08:34:15', '2020-04-11 08:34:15', 0, 1),
(93, 17, 2, 0, '2020-04-11 08:34:15', '2020-04-11 08:34:15', 0, 1),
(94, 17, 3, 0, '2020-04-11 08:34:16', '2020-04-11 08:34:16', 0, 1),
(95, 17, 4, 0, '2020-04-11 08:34:16', '2020-04-11 08:34:16', 0, 1);

-- --------------------------------------------------------

--
-- Structure de la table `lignegroupecommande`
--

CREATE TABLE `lignegroupecommande` (
  `id` int(11) NOT NULL,
  `groupecommande_id` int(11) NOT NULL,
  `produit_id` int(11) NOT NULL,
  `quantite` int(11) NOT NULL,
  `created` datetime DEFAULT NULL,
  `modified` datetime DEFAULT NULL,
  `protected` int(11) NOT NULL DEFAULT '0',
  `valide` int(11) NOT NULL DEFAULT '1'
) ENGINE=InnoDB DEFAULT CHARSET=utf8;

--
-- Déchargement des données de la table `lignegroupecommande`
--

INSERT INTO `lignegroupecommande` (`id`, `groupecommande_id`, `produit_id`, `quantite`, `created`, `modified`, `protected`, `valide`) VALUES
(1, 1, 4, 0, '2020-04-06 15:16:35', '2020-04-07 13:57:29', 0, 1),
(2, 1, 3, 0, '2020-04-06 15:16:35', '2020-04-07 13:57:29', 0, 1),
(3, 1, 1, 0, '2020-04-06 15:16:35', '2020-04-07 13:56:32', 0, 1),
(4, 3, 4, 0, '2020-04-06 15:40:22', '2020-04-07 13:17:04', 0, 1),
(5, 3, 3, 900, '2020-04-06 15:40:23', '2020-04-07 13:17:05', 0, 1),
(6, 3, 2, 5, '2020-04-06 15:40:23', '2020-04-07 13:17:05', 0, 1),
(7, 3, 1, 5, '2020-04-06 15:40:23', '2020-04-07 13:17:06', 0, 1),
(8, 1, 2, 0, '2020-04-06 15:43:14', '2020-04-07 13:56:32', 0, 1),
(9, 5, 3, 30, '2020-04-06 22:30:26', '2020-04-06 22:30:26', 0, 1),
(10, 5, 2, 10, '2020-04-06 22:30:26', '2020-04-06 22:30:26', 0, 1),
(11, 6, 3, 30, '2020-04-06 22:32:22', '2020-04-06 22:32:22', 0, 1),
(12, 6, 2, 10, '2020-04-06 22:32:23', '2020-04-06 22:32:23', 0, 1);

-- --------------------------------------------------------

--
-- Structure de la table `lignelivraison`
--

CREATE TABLE `lignelivraison` (
  `id` int(11) NOT NULL,
  `livraison_id` int(11) NOT NULL,
  `produit_id` int(11) NOT NULL,
  `quantite` int(11) NOT NULL,
  `quantite_livree` int(11) NOT NULL,
  `reste` int(11) NOT NULL,
  `created` datetime DEFAULT NULL,
  `modified` datetime DEFAULT NULL,
  `protected` int(11) NOT NULL DEFAULT '0',
  `valide` int(11) NOT NULL DEFAULT '1'
) ENGINE=InnoDB DEFAULT CHARSET=utf8;

--
-- Déchargement des données de la table `lignelivraison`
--

INSERT INTO `lignelivraison` (`id`, `livraison_id`, `produit_id`, `quantite`, `quantite_livree`, `reste`, `created`, `modified`, `protected`, `valide`) VALUES
(1, 1, 4, 857, 0, 0, '2020-04-06 15:16:35', '2020-04-06 15:16:35', 0, 1),
(2, 1, 3, 1453, 0, 0, '2020-04-06 15:16:35', '2020-04-06 15:16:35', 0, 1),
(3, 1, 1, 100, 0, 0, '2020-04-06 15:16:35', '2020-04-06 15:16:35', 0, 1),
(4, 2, 4, 100, 0, 0, '2020-04-06 15:40:22', '2020-04-06 15:40:22', 0, 1),
(5, 2, 3, 1000, 0, 0, '2020-04-06 15:40:23', '2020-04-06 15:40:23', 0, 1),
(6, 2, 2, 15, 0, 0, '2020-04-06 15:40:23', '2020-04-06 15:40:23', 0, 1),
(7, 2, 1, 15, 0, 0, '2020-04-06 15:40:23', '2020-04-06 15:40:23', 0, 1),
(8, 3, 4, 10, 0, 0, '2020-04-06 15:43:13', '2020-04-06 15:43:13', 0, 1),
(9, 3, 3, 10, 0, 0, '2020-04-06 15:43:13', '2020-04-06 15:43:13', 0, 1),
(10, 3, 2, 10, 0, 0, '2020-04-06 15:43:14', '2020-04-06 15:43:14', 0, 1),
(11, 3, 1, 10, 0, 0, '2020-04-06 15:43:14', '2020-04-06 15:43:14', 0, 1),
(12, 4, 4, 10, 0, 0, '2020-04-06 15:44:36', '2020-04-06 15:44:36', 0, 1),
(13, 4, 3, 10, 0, 0, '2020-04-06 15:44:36', '2020-04-06 15:44:36', 0, 1),
(14, 4, 2, 10, 0, 0, '2020-04-06 15:44:36', '2020-04-06 15:44:36', 0, 1),
(15, 4, 1, 10, 0, 0, '2020-04-06 15:44:36', '2020-04-06 15:44:36', 0, 1),
(16, 5, 3, 10, 0, 0, '2020-04-06 15:53:02', '2020-04-06 15:53:02', 0, 1),
(17, 5, 4, 10, 0, 0, '2020-04-06 15:53:02', '2020-04-06 15:53:02', 0, 1),
(18, 7, 4, 100, 0, 0, '2020-04-07 13:17:04', '2020-04-07 13:17:04', 0, 1),
(19, 7, 3, 100, 0, 0, '2020-04-07 13:17:04', '2020-04-07 13:17:04', 0, 1),
(20, 7, 2, 10, 0, 0, '2020-04-07 13:17:05', '2020-04-07 13:17:05', 0, 1),
(21, 7, 1, 10, 0, 0, '2020-04-07 13:17:05', '2020-04-07 13:17:05', 0, 1),
(22, 8, 4, 500, 500, -113, '2020-04-07 13:55:33', '2020-04-14 16:27:30', 0, 1),
(23, 8, 3, 83, 83, 1317, '2020-04-07 13:55:34', '2020-04-14 16:27:32', 0, 1),
(24, 8, 1, 100, 100, -80, '2020-04-07 13:55:34', '2020-04-14 16:27:34', 0, 1),
(25, 8, 2, 10, 10, 0, '2020-04-07 13:55:35', '2020-04-14 16:27:36', 0, 1),
(26, 9, 4, 300, 0, 0, '2020-04-07 13:56:31', '2020-04-07 13:56:31', 0, 1),
(27, 9, 3, 1000, 0, 0, '2020-04-07 13:56:31', '2020-04-07 13:56:31', 0, 1),
(28, 9, 1, 20, 0, 0, '2020-04-07 13:56:32', '2020-04-07 13:56:32', 0, 1),
(29, 9, 2, 10, 0, 0, '2020-04-07 13:56:32', '2020-04-07 13:56:32', 0, 1),
(30, 10, 4, 87, 0, 0, '2020-04-07 13:57:28', '2020-04-07 13:57:28', 0, 1),
(31, 10, 3, 400, 0, 0, '2020-04-07 13:57:29', '2020-04-07 13:57:29', 0, 1);

-- --------------------------------------------------------

--
-- Structure de la table `lignepayejour`
--

CREATE TABLE `lignepayejour` (
  `id` int(11) NOT NULL,
  `productionjour_id` int(11) NOT NULL,
  `manoeuvre_id` int(11) NOT NULL,
  `montant` int(11) NOT NULL,
  `created` datetime DEFAULT NULL,
  `modified` datetime DEFAULT NULL,
  `protected` int(11) NOT NULL DEFAULT '0',
  `valide` int(11) NOT NULL DEFAULT '1'
) ENGINE=InnoDB DEFAULT CHARSET=utf8;

--
-- Déchargement des données de la table `lignepayejour`
--

INSERT INTO `lignepayejour` (`id`, `productionjour_id`, `manoeuvre_id`, `montant`, `created`, `modified`, `protected`, `valide`) VALUES
(32, 8, 1, 10, '2020-04-09 09:37:49', '2020-04-09 11:40:09', 0, 1),
(33, 8, 2, 20, '2020-04-09 09:37:49', '2020-04-09 11:40:09', 0, 1),
(34, 8, 3, 3, '2020-04-09 09:37:49', '2020-04-09 11:40:09', 0, 1),
(35, 8, 4, 4, '2020-04-09 09:37:50', '2020-04-09 11:40:10', 0, 1),
(36, 9, 1, 0, '2020-04-09 12:37:54', '2020-04-09 12:37:54', 0, 1),
(37, 9, 2, 0, '2020-04-09 12:37:54', '2020-04-09 12:37:54', 0, 1),
(38, 9, 3, 15, '2020-04-09 12:37:54', '2020-04-09 12:37:54', 0, 1),
(39, 9, 4, 7, '2020-04-09 12:37:54', '2020-04-09 12:37:54', 0, 1),
(44, 10, 1, 0, '2020-04-09 12:40:45', '2020-04-09 12:40:45', 0, 1),
(45, 10, 2, 0, '2020-04-09 12:40:45', '2020-04-09 12:40:45', 0, 1),
(46, 10, 3, 5, '2020-04-09 12:40:45', '2020-04-09 12:40:45', 0, 1),
(47, 10, 4, 0, '2020-04-09 12:40:45', '2020-04-09 12:40:45', 0, 1),
(52, 11, 1, 25, '2020-04-09 12:41:54', '2020-04-09 12:41:54', 0, 1),
(53, 11, 2, 0, '2020-04-09 12:41:55', '2020-04-09 12:41:55', 0, 1),
(54, 11, 3, 0, '2020-04-09 12:41:55', '2020-04-09 12:41:55', 0, 1),
(55, 11, 4, 3, '2020-04-09 12:41:55', '2020-04-09 12:41:55', 0, 1),
(60, 12, 1, 0, '2020-04-09 12:42:58', '2020-04-09 12:42:58', 0, 1),
(61, 12, 2, 0, '2020-04-09 12:42:58', '2020-04-09 12:42:58', 0, 1),
(62, 12, 3, 8, '2020-04-09 12:42:59', '2020-04-09 12:42:59', 0, 1),
(63, 12, 4, 9, '2020-04-09 12:42:59', '2020-04-09 12:42:59', 0, 1),
(68, 13, 1, 8, '2020-04-09 12:44:34', '2020-04-09 12:44:34', 0, 1),
(69, 13, 2, 2, '2020-04-09 12:44:35', '2020-04-09 12:44:35', 0, 1),
(70, 13, 3, 3, '2020-04-09 12:44:35', '2020-04-09 12:44:35', 0, 1),
(72, 13, 4, 45, '2020-04-09 12:44:35', '2020-04-09 12:44:35', 0, 1),
(76, 14, 1, 0, '2020-04-09 12:53:20', '2020-04-09 12:53:20', 0, 1),
(77, 14, 2, 0, '2020-04-09 12:53:20', '2020-04-09 12:53:20', 0, 1),
(78, 14, 3, 0, '2020-04-09 12:53:21', '2020-04-09 12:53:21', 0, 1),
(79, 14, 4, 0, '2020-04-09 12:53:21', '2020-04-09 12:53:21', 0, 1),
(84, 15, 1, 4, '2020-04-09 13:07:37', '2020-04-09 13:10:19', 0, 1),
(85, 15, 2, 5, '2020-04-09 13:07:37', '2020-04-09 13:10:20', 0, 1),
(86, 15, 3, 6, '2020-04-09 13:07:37', '2020-04-09 13:10:20', 0, 1),
(87, 15, 4, 7, '2020-04-09 13:07:37', '2020-04-09 13:10:20', 0, 1),
(88, 16, 1, 2, '2020-04-10 14:07:34', '2020-04-10 22:04:25', 0, 1),
(89, 16, 2, 25, '2020-04-10 14:07:34', '2020-04-10 22:04:26', 0, 1),
(90, 16, 3, 3, '2020-04-10 14:07:35', '2020-04-10 22:04:26', 0, 1),
(91, 16, 4, 19, '2020-04-10 14:07:35', '2020-04-10 22:04:26', 0, 1),
(92, 17, 1, 0, '2020-04-11 08:34:16', '2020-04-11 08:34:16', 0, 1),
(93, 17, 2, 0, '2020-04-11 08:34:16', '2020-04-11 08:34:16', 0, 1),
(94, 17, 3, 0, '2020-04-11 08:34:16', '2020-04-11 08:34:16', 0, 1),
(95, 17, 4, 0, '2020-04-11 08:34:16', '2020-04-11 08:34:16', 0, 1),
(96, 18, 1, 0, '2020-04-12 09:12:29', '2020-04-12 09:12:29', 0, 1),
(97, 18, 2, 0, '2020-04-12 09:12:30', '2020-04-12 09:12:30', 0, 1),
(98, 18, 3, 0, '2020-04-12 09:12:30', '2020-04-12 09:12:30', 0, 1),
(99, 18, 4, 0, '2020-04-12 09:12:30', '2020-04-12 09:12:30', 0, 1),
(100, 19, 1, 0, '2020-04-13 08:19:28', '2020-04-13 08:19:28', 0, 1),
(101, 19, 2, 0, '2020-04-13 08:19:28', '2020-04-13 08:19:28', 0, 1),
(102, 19, 3, 0, '2020-04-13 08:19:28', '2020-04-13 08:19:28', 0, 1),
(103, 19, 4, 0, '2020-04-13 08:19:28', '2020-04-13 08:19:28', 0, 1),
(104, 20, 1, 0, '2020-04-14 11:38:22', '2020-04-14 11:38:22', 0, 1),
(105, 20, 2, 0, '2020-04-14 11:38:22', '2020-04-14 11:38:22', 0, 1),
(106, 20, 3, 0, '2020-04-14 11:38:22', '2020-04-14 11:38:22', 0, 1),
(107, 20, 4, 0, '2020-04-14 11:38:22', '2020-04-14 11:38:22', 0, 1),
(108, 21, 1, 0, '2020-04-15 10:04:43', '2020-04-15 10:04:43', 0, 1),
(109, 21, 2, 0, '2020-04-15 10:04:43', '2020-04-15 10:04:43', 0, 1),
(110, 21, 3, 0, '2020-04-15 10:04:43', '2020-04-15 10:04:43', 0, 1),
(111, 21, 4, 0, '2020-04-15 10:04:43', '2020-04-15 10:04:43', 0, 1),
(112, 22, 1, 0, '2020-04-16 03:14:53', '2020-04-16 03:14:53', 0, 1),
(113, 22, 2, 0, '2020-04-16 03:14:53', '2020-04-16 03:14:53', 0, 1),
(114, 22, 3, 0, '2020-04-16 03:14:53', '2020-04-16 03:14:53', 0, 1),
(115, 22, 4, 0, '2020-04-16 03:14:53', '2020-04-16 03:14:53', 0, 1);

-- --------------------------------------------------------

--
-- Structure de la table `ligneproductionjour`
--

CREATE TABLE `ligneproductionjour` (
  `id` int(11) NOT NULL,
  `productionjour_id` int(11) NOT NULL,
  `produit_id` int(11) NOT NULL,
  `production` int(11) NOT NULL,
  `perte` int(11) NOT NULL,
  `created` datetime DEFAULT NULL,
  `modified` datetime DEFAULT NULL,
  `protected` int(11) NOT NULL DEFAULT '0',
  `valide` int(11) NOT NULL DEFAULT '1'
) ENGINE=InnoDB DEFAULT CHARSET=utf8;

--
-- Déchargement des données de la table `ligneproductionjour`
--

INSERT INTO `ligneproductionjour` (`id`, `productionjour_id`, `produit_id`, `production`, `perte`, `created`, `modified`, `protected`, `valide`) VALUES
(32, 8, 1, 4500, 10, '2020-04-09 09:37:49', '2020-04-09 11:40:09', 0, 1),
(33, 8, 2, 589, 20, '2020-04-09 09:37:49', '2020-04-09 11:40:09', 0, 1),
(34, 8, 3, 458, 3, '2020-04-09 09:37:49', '2020-04-09 11:40:09', 0, 1),
(35, 8, 4, 7000, 4, '2020-04-09 09:37:50', '2020-04-09 11:40:10', 0, 1),
(36, 9, 1, 458, 0, '2020-04-09 12:37:54', '2020-04-09 12:37:54', 0, 1),
(37, 9, 2, 125, 0, '2020-04-09 12:37:54', '2020-04-09 12:37:54', 0, 1),
(38, 9, 3, 780, 15, '2020-04-09 12:37:54', '2020-04-09 12:37:54', 0, 1),
(39, 9, 4, 0, 7, '2020-04-09 12:37:54', '2020-04-09 12:37:54', 0, 1),
(44, 10, 1, 200, 0, '2020-04-09 12:40:45', '2020-04-09 12:40:45', 0, 1),
(45, 10, 2, 300, 0, '2020-04-09 12:40:45', '2020-04-09 12:40:45', 0, 1),
(46, 10, 3, 400, 5, '2020-04-09 12:40:45', '2020-04-09 12:40:45', 0, 1),
(47, 10, 4, 500, 0, '2020-04-09 12:40:45', '2020-04-09 12:40:45', 0, 1),
(52, 11, 1, 350, 25, '2020-04-09 12:41:54', '2020-04-09 12:41:54', 0, 1),
(53, 11, 2, 2580, 0, '2020-04-09 12:41:55', '2020-04-09 12:41:55', 0, 1),
(54, 11, 3, 500, 0, '2020-04-09 12:41:55', '2020-04-09 12:41:55', 0, 1),
(55, 11, 4, 15, 3, '2020-04-09 12:41:55', '2020-04-09 12:41:55', 0, 1),
(60, 12, 1, 1000, 0, '2020-04-09 12:42:58', '2020-04-09 12:42:58', 0, 1),
(61, 12, 2, 900, 0, '2020-04-09 12:42:58', '2020-04-09 12:42:58', 0, 1),
(62, 12, 3, 2500, 8, '2020-04-09 12:42:59', '2020-04-09 12:42:59', 0, 1),
(63, 12, 4, 300, 9, '2020-04-09 12:42:59', '2020-04-09 12:42:59', 0, 1),
(68, 13, 1, 350, 8, '2020-04-09 12:44:34', '2020-04-09 12:44:34', 0, 1),
(69, 13, 2, 356, 2, '2020-04-09 12:44:35', '2020-04-09 12:44:35', 0, 1),
(70, 13, 3, 0, 3, '2020-04-09 12:44:35', '2020-04-09 12:44:35', 0, 1),
(72, 13, 4, 0, 45, '2020-04-09 12:44:35', '2020-04-09 12:44:35', 0, 1),
(76, 14, 1, 365, 0, '2020-04-09 12:53:20', '2020-04-09 12:53:20', 0, 1),
(77, 14, 2, 1000, 0, '2020-04-09 12:53:20', '2020-04-09 12:53:20', 0, 1),
(78, 14, 3, 1000, 0, '2020-04-09 12:53:21', '2020-04-09 12:53:21', 0, 1),
(79, 14, 4, 35, 0, '2020-04-09 12:53:21', '2020-04-09 12:53:21', 0, 1),
(84, 15, 1, 4582, 4, '2020-04-09 13:07:37', '2020-04-09 13:10:19', 0, 1),
(85, 15, 2, 145, 5, '2020-04-09 13:07:37', '2020-04-09 13:10:20', 0, 1),
(86, 15, 3, 0, 6, '2020-04-09 13:07:37', '2020-04-09 13:10:20', 0, 1),
(87, 15, 4, 896, 7, '2020-04-09 13:07:37', '2020-04-09 13:10:20', 0, 1),
(88, 16, 1, 850, 5, '2020-04-10 14:07:34', '2020-04-10 22:04:25', 0, 1),
(89, 16, 2, 1320, 1, '2020-04-10 14:07:34', '2020-04-10 22:04:25', 0, 1),
(90, 16, 3, 1000, 2, '2020-04-10 14:07:34', '2020-04-10 22:04:25', 0, 1),
(91, 16, 4, 200, 12, '2020-04-10 14:07:34', '2020-04-10 22:04:25', 0, 1),
(92, 17, 1, 0, 0, '2020-04-11 08:34:15', '2020-04-11 08:34:15', 0, 1),
(93, 17, 2, 0, 0, '2020-04-11 08:34:15', '2020-04-11 08:34:15', 0, 1),
(94, 17, 3, 0, 0, '2020-04-11 08:34:16', '2020-04-11 08:34:16', 0, 1),
(95, 17, 4, 0, 0, '2020-04-11 08:34:16', '2020-04-11 08:34:16', 0, 1),
(96, 18, 1, 0, 0, '2020-04-12 09:12:29', '2020-04-12 09:12:29', 0, 1),
(97, 18, 2, 0, 0, '2020-04-12 09:12:29', '2020-04-12 09:12:29', 0, 1),
(98, 18, 3, 0, 0, '2020-04-12 09:12:29', '2020-04-12 09:12:29', 0, 1),
(99, 18, 4, 0, 0, '2020-04-12 09:12:29', '2020-04-12 09:12:29', 0, 1),
(100, 19, 1, 0, 0, '2020-04-13 08:19:27', '2020-04-13 08:19:27', 0, 1),
(101, 19, 2, 0, 0, '2020-04-13 08:19:27', '2020-04-13 08:19:27', 0, 1),
(102, 19, 3, 0, 0, '2020-04-13 08:19:27', '2020-04-13 08:19:27', 0, 1),
(103, 19, 4, 0, 0, '2020-04-13 08:19:27', '2020-04-13 08:19:27', 0, 1),
(104, 20, 1, 0, 0, '2020-04-14 11:38:21', '2020-04-14 11:38:21', 0, 1),
(105, 20, 2, 0, 0, '2020-04-14 11:38:21', '2020-04-14 11:38:21', 0, 1),
(106, 20, 3, 0, 0, '2020-04-14 11:38:21', '2020-04-14 11:38:21', 0, 1),
(107, 20, 4, 0, 0, '2020-04-14 11:38:21', '2020-04-14 11:38:21', 0, 1),
(108, 21, 1, 0, 0, '2020-04-15 10:04:43', '2020-04-15 10:04:43', 0, 1),
(109, 21, 2, 0, 0, '2020-04-15 10:04:43', '2020-04-15 10:04:43', 0, 1),
(110, 21, 3, 0, 0, '2020-04-15 10:04:43', '2020-04-15 10:04:43', 0, 1),
(111, 21, 4, 0, 0, '2020-04-15 10:04:43', '2020-04-15 10:04:43', 0, 1),
(112, 22, 1, 0, 0, '2020-04-16 03:14:52', '2020-04-16 03:14:52', 0, 1),
(113, 22, 2, 0, 0, '2020-04-16 03:14:52', '2020-04-16 03:14:52', 0, 1),
(114, 22, 3, 0, 0, '2020-04-16 03:14:52', '2020-04-16 03:14:52', 0, 1),
(115, 22, 4, 0, 0, '2020-04-16 03:14:52', '2020-04-16 03:14:52', 0, 1);

-- --------------------------------------------------------

--
-- Structure de la table `livraison`
--

CREATE TABLE `livraison` (
  `id` int(11) NOT NULL,
  `reference` varchar(20) NOT NULL,
  `groupecommande_id` int(20) NOT NULL,
  `zonelivraison_id` int(11) NOT NULL,
  `lieu` varchar(200) NOT NULL,
  `vehicule_id` int(11) NOT NULL,
  `chauffeur_id` int(11) NOT NULL,
  `etat_id` int(11) NOT NULL,
  `employe_id` int(11) DEFAULT NULL,
  `datelivraison` date DEFAULT NULL,
  `comment` text,
  `nom_receptionniste` varchar(50) DEFAULT NULL,
  `contact_receptionniste` varchar(50) DEFAULT NULL,
  `created` datetime DEFAULT NULL,
  `modified` datetime DEFAULT NULL,
  `protected` int(11) NOT NULL DEFAULT '0',
  `valide` int(11) NOT NULL DEFAULT '1'
) ENGINE=InnoDB DEFAULT CHARSET=utf8;

--
-- Déchargement des données de la table `livraison`
--

INSERT INTO `livraison` (`id`, `reference`, `groupecommande_id`, `zonelivraison_id`, `lieu`, `vehicule_id`, `chauffeur_id`, `etat_id`, `employe_id`, `datelivraison`, `comment`, `nom_receptionniste`, `contact_receptionniste`, `created`, `modified`, `protected`, `valide`) VALUES
(6, 'BLI/07042020-CF793E', 3, 1, 'Cocody Angré extension', 1, 1, -1, 1, NULL, NULL, NULL, NULL, '2020-04-08 13:15:35', '2020-04-14 13:26:58', 0, 1),
(7, 'BLI/07042020-D4FC39', 3, 1, 'Cocody Angré extension', 1, 1, 2, 1, '2020-04-14', '', 'Koffi', '', '2020-04-03 13:17:03', '2020-04-14 14:14:56', 0, 1),
(8, 'BLI/07042020-65580D', 1, 1, 'Katiala, Ferké, Boudiali', 7, 2, 2, 1, '2020-04-14', 'iiomer jvbfj vjfd', 'Koffi', '01 020 362', '2020-04-04 13:55:33', '2020-04-14 16:27:28', 0, 1),
(9, 'BLI/07042020-68EE84', 1, 1, 'Katiala, Ferké, Boudiali', 8, 4, 0, 1, NULL, NULL, NULL, NULL, '2020-04-07 13:56:30', '2020-04-07 13:56:30', 0, 1),
(10, 'BLI/07042020-6C861B', 1, 1, 'Cocody Angré extension', 1, 1, 1, 1, NULL, NULL, NULL, NULL, '2020-04-09 13:57:28', '2020-04-07 13:57:28', 0, 1);

-- --------------------------------------------------------

--
-- Structure de la table `machine`
--

CREATE TABLE `machine` (
  `id` int(11) NOT NULL,
  `name` varchar(50) NOT NULL,
  `marque` varchar(50) NOT NULL,
  `modele` varchar(200) NOT NULL,
  `image` text,
  `etatvehicule_id` int(11) NOT NULL,
  `created` datetime DEFAULT NULL,
  `modified` datetime DEFAULT NULL,
  `protected` int(11) NOT NULL DEFAULT '0',
  `valide` int(11) NOT NULL DEFAULT '1'
) ENGINE=InnoDB DEFAULT CHARSET=utf8;

--
-- Déchargement des données de la table `machine`
--

INSERT INTO `machine` (`id`, `name`, `marque`, `modele`, `image`, `etatvehicule_id`, `created`, `modified`, `protected`, `valide`) VALUES
(1, '4024 HK 01', '10', 'X6', 'default.jpg', 0, '2019-10-24 10:51:09', '2020-04-11 21:34:40', 0, 1),
(2, '103 HR 01', '44', 'S-PACE', 'default.jpg', 0, '2019-10-24 10:55:07', '2020-04-11 21:34:41', 0, 1),
(3, '3399 HS 01', '32', 'EXPLORER', 'a394abda.png', 0, '2019-10-24 11:15:03', '2020-04-11 21:34:41', 0, 1),
(4, '380 GK 01', '32', 'FOCUS', 'default.jpg', 0, '2019-10-28 10:29:46', '2020-04-11 21:34:41', 0, 1),
(5, '4487 GG 01', '10', '528.I', 'default.jpg', 0, '2019-10-28 10:56:55', '2020-04-11 21:34:41', 0, 1),
(6, '9635 GV 01', '100', 'LAND-CRUISER', 'ab4a999c.png', 0, '2019-10-28 11:01:55', '2020-04-11 21:34:41', 0, 1),
(7, '2411 FP 01', '114', 'OUTLANDER', 'default.jpg', 0, '2019-10-28 11:18:50', '2020-04-11 21:34:41', 0, 1),
(8, '4024 HK 01', '1', 'yaris 205', 'default.jpg', 0, '2020-01-28 18:21:01', '2020-04-11 21:34:41', 0, 1),
(9, '662 FP 01v', '5', 'yaris 2055', 'default.jpg', 0, '2020-01-28 18:21:53', '2020-04-11 21:34:42', 0, 1),
(10, '662 FP 01', '8', 'yaris 205', 'default.jpg', 0, '2020-01-28 19:23:12', '2020-01-28 21:18:17', 0, 0),
(11, '4785 GT 01', '2', 'LAND CRUSER', 'default.jpg', 0, '2020-02-13 22:43:11', '2020-04-11 21:34:42', 0, 1);

-- --------------------------------------------------------

--
-- Structure de la table `manoeuvre`
--

CREATE TABLE `manoeuvre` (
  `id` int(11) NOT NULL,
  `name` varchar(50) NOT NULL,
  `groupemanoeuvre_id` int(2) NOT NULL,
  `adresse` varchar(150) DEFAULT NULL,
  `contact` varchar(200) DEFAULT NULL,
  `etatmanoeuvre_id` int(11) NOT NULL,
  `image` varchar(50) DEFAULT NULL,
  `created` datetime DEFAULT NULL,
  `modified` datetime DEFAULT NULL,
  `protected` int(11) NOT NULL DEFAULT '0',
  `valide` int(11) NOT NULL DEFAULT '1'
) ENGINE=InnoDB DEFAULT CHARSET=utf8;

--
-- Déchargement des données de la table `manoeuvre`
--

INSERT INTO `manoeuvre` (`id`, `name`, `groupemanoeuvre_id`, `adresse`, `contact`, `etatmanoeuvre_id`, `image`, `created`, `modified`, `protected`, `valide`) VALUES
(1, 'Aboulaye touré', 1, '22 rue des chantilles, korogho 24 Bd', '47 58 93 21', 0, '', '2020-02-07 20:54:42', '2020-04-01 17:22:07', 0, 1),
(2, 'Aya', 2, '22 rue des chantilles, korogho 24 Bd', '47 58 93 21', 0, '0212e9a4.png', '2020-02-07 20:55:02', '2020-04-01 17:22:08', 0, 1),
(3, 'Kouamé Yves', 1, '22 rue des chantilles, korogho 24 Bd', '47 58 93 21', 0, 'fffe5c6a.png', '2020-02-07 20:55:58', '2020-04-01 17:22:08', 0, 1),
(4, '21shamman06', 2, 'Port-Bouet Rue de la baltique', '47 58 93 21', 0, '5bab6315.png', '2020-02-08 08:47:28', '2020-04-01 17:22:08', 0, 1);

-- --------------------------------------------------------

--
-- Structure de la table `marque`
--

CREATE TABLE `marque` (
  `id` int(11) NOT NULL,
  `name` varchar(50) NOT NULL,
  `logo` varchar(50) DEFAULT NULL,
  `created` datetime DEFAULT NULL,
  `modified` datetime DEFAULT NULL,
  `protected` int(11) NOT NULL DEFAULT '0',
  `valide` int(11) NOT NULL DEFAULT '1'
) ENGINE=InnoDB DEFAULT CHARSET=utf8;

--
-- Déchargement des données de la table `marque`
--

INSERT INTO `marque` (`id`, `name`, `logo`, `created`, `modified`, `protected`, `valide`) VALUES
(1, 'ABARTH', '', NULL, '2019-10-28 14:12:43', 0, 1),
(2, 'ACURA', '', NULL, '2019-10-28 14:12:43', 0, 1),
(3, 'ALFA ROMEO', '', NULL, '2019-10-28 14:12:43', 0, 1),
(4, 'ALPINA', '', NULL, '2019-10-28 14:12:43', 0, 1),
(5, 'AMC', '', NULL, '2019-10-28 14:12:43', 0, 1),
(6, 'ASR', '', NULL, '2019-10-28 14:12:43', 0, 1),
(7, 'ASTON MARTIN', '', NULL, '2019-10-28 14:12:43', 0, 1),
(8, 'AUDI', '', NULL, '2019-10-28 14:12:43', 0, 1),
(9, 'BENTLEY', '', NULL, '2019-10-28 14:12:43', 0, 1),
(10, 'BMW', '', NULL, '2019-10-28 14:12:43', 0, 1),
(11, 'BRILLIANCE', '', NULL, '2019-10-28 14:12:43', 0, 1),
(12, 'BUGATTI', '', NULL, '2019-10-28 14:12:43', 0, 1),
(13, 'BUICK', '', NULL, '2019-10-28 14:12:43', 0, 1),
(14, 'CADILLAC', '', NULL, '2019-10-28 14:12:43', 0, 1),
(15, 'CHERY', '', NULL, '2019-10-28 14:12:43', 0, 1),
(16, 'CHEVROLET', '', NULL, '2019-10-28 14:12:43', 0, 1),
(17, 'CHRYSLER', '', NULL, '2019-10-28 14:12:43', 0, 1),
(18, 'CIZETA', '', NULL, '2019-10-28 14:12:43', 0, 1),
(19, 'CORVETTE', '', NULL, '2019-10-28 14:12:43', 0, 1),
(20, 'COVINI', '', NULL, '2019-10-28 14:12:43', 0, 1),
(21, 'DACIA', '', NULL, '2019-10-28 14:12:43', 0, 1),
(22, 'DAEWOO', '', NULL, '2019-10-28 14:12:43', 0, 1),
(23, 'DAIHATSU', '', NULL, '2019-10-28 14:12:43', 0, 1),
(24, 'DATSUN', '', NULL, '2019-10-28 14:12:43', 0, 1),
(25, 'DKW', '', NULL, '2019-10-28 14:12:43', 0, 1),
(26, 'DODGE', '', NULL, '2019-10-28 14:12:43', 0, 1),
(27, 'EAGLE', '', NULL, '2019-10-28 14:12:43', 0, 1),
(28, 'FARBIO', '', NULL, '2019-10-28 14:12:43', 0, 1),
(29, 'FERRARI', '', NULL, '2019-10-28 14:12:43', 0, 1),
(30, 'FIAT', '', NULL, '2019-10-28 14:12:43', 0, 1),
(31, 'FISKER', '', NULL, '2019-10-28 14:12:43', 0, 1),
(32, 'FORD', '', NULL, '2019-10-28 14:12:43', 0, 1),
(33, 'GEELY', '', NULL, '2019-10-28 14:12:43', 0, 1),
(34, 'GEO', '', NULL, '2019-10-28 14:12:43', 0, 1),
(35, 'GMC', '', NULL, '2019-10-28 14:12:43', 0, 1),
(36, 'GREAT WALL', '', NULL, '2019-10-28 14:12:43', 0, 1),
(37, 'HOLDEN', '', NULL, '2019-10-28 14:12:43', 0, 1),
(38, 'HONDA', '', NULL, '2019-10-28 14:12:43', 0, 1),
(39, 'HORCH', '', NULL, '2019-10-28 14:12:43', 0, 1),
(40, 'HUMMER', '', NULL, '2019-10-28 14:12:43', 0, 1),
(41, 'HYUNDAI', '', NULL, '2019-10-28 14:12:43', 0, 1),
(42, 'INFINITI', '', NULL, '2019-10-28 14:12:43', 0, 1),
(43, 'ISUZU', '', NULL, '2019-10-28 14:12:43', 0, 1),
(44, 'JAGUAR', '', NULL, '2019-10-28 14:12:43', 0, 1),
(45, 'JEEP', '', NULL, '2019-10-28 14:12:43', 0, 1),
(46, 'KIA', '', NULL, '2019-10-28 14:12:43', 0, 1),
(47, 'KOENIGSEGG', '', NULL, '2019-10-28 14:12:43', 0, 1),
(48, 'LADA', '', NULL, '2019-10-28 14:12:43', 0, 1),
(49, 'LAMBORGHINI', '', NULL, '2019-10-28 14:12:43', 0, 1),
(50, 'LANCIA', '', NULL, '2019-10-28 14:12:43', 0, 1),
(51, 'LAND ROVER', '', NULL, '2019-10-28 14:12:43', 0, 1),
(52, 'LEBLANC', '', NULL, '2019-10-28 14:12:43', 0, 1),
(53, 'LEXUS', '', NULL, '2019-10-28 14:12:43', 0, 1),
(54, 'LINCOLN', '', NULL, '2019-10-28 14:12:43', 0, 1),
(55, 'LOTUS', '', NULL, '2019-10-28 14:12:43', 0, 1),
(56, 'MAHINDRA', '', NULL, '2019-10-28 14:12:43', 0, 1),
(57, 'MARUTI', '', NULL, '2019-10-28 14:12:43', 0, 1),
(58, 'MASERATI', '', NULL, '2019-10-28 14:12:43', 0, 1),
(59, 'MAYBACH', '', NULL, '2019-10-28 14:12:43', 0, 1),
(60, 'MAZDA', '', NULL, '2019-10-28 14:12:43', 0, 1),
(61, 'MERCEDES-BENZ', '', NULL, '2019-10-28 14:12:43', 0, 1),
(62, 'MG', '', NULL, '2019-10-28 14:12:43', 0, 1),
(63, 'MINI', '', NULL, '2019-10-28 14:12:43', 0, 1),
(64, 'MITSUBISHI', '', NULL, '2019-10-28 14:12:44', 0, 1),
(65, 'MORGAN', '', NULL, '2019-10-28 14:12:44', 0, 1),
(66, 'MOSKVICH', '', NULL, '2019-10-28 14:12:44', 0, 1),
(67, 'NANJING', '', NULL, '2019-10-28 14:12:44', 0, 1),
(68, 'NAZA', '', NULL, '2019-10-28 14:12:44', 0, 1),
(69, 'NISSAN', '', NULL, '2019-10-28 14:12:44', 0, 1),
(70, 'NOBLE', '', NULL, '2019-10-28 14:12:44', 0, 1),
(71, 'OLDSMOBILE', '', NULL, '2019-10-28 14:12:44', 0, 1),
(72, 'OPEL', '', NULL, '2019-10-28 14:12:44', 0, 1),
(73, 'PAGANI', '', NULL, '2019-10-28 14:12:44', 0, 1),
(74, 'PANOZ', '', NULL, '2019-10-28 14:12:44', 0, 1),
(75, 'PEUGEOT', '', NULL, '2019-10-28 14:12:44', 0, 1),
(76, 'PIAGGIO', '', NULL, '2019-10-28 14:12:44', 0, 1),
(77, 'PLYMOUTH', '', NULL, '2019-10-28 14:12:44', 0, 1),
(78, 'PONTIAC', '', NULL, '2019-10-28 14:12:44', 0, 1),
(79, 'PORSCHE', '', NULL, '2019-10-28 14:12:44', 0, 1),
(80, 'PERODUA', '', NULL, '2019-10-28 14:12:44', 0, 1),
(81, 'PROTON', '', NULL, '2019-10-28 14:12:44', 0, 1),
(82, 'RAPP MOTERNWERKE', '', NULL, '2019-10-28 14:12:44', 0, 1),
(83, 'RENAULT', '', NULL, '2019-10-28 14:12:44', 0, 1),
(84, 'ROEWE', '', NULL, '2019-10-28 14:12:44', 0, 1),
(85, 'ROLLS-ROYCE', '', NULL, '2019-10-28 14:12:44', 0, 1),
(86, 'ROVER', '', NULL, '2019-10-28 14:12:44', 0, 1),
(87, 'ROSSION', '', NULL, '2019-10-28 14:12:44', 0, 1),
(88, 'SAAB', '', NULL, '2019-10-28 14:12:44', 0, 1),
(89, 'SATURN', '', NULL, '2019-10-28 14:12:44', 0, 1),
(90, 'SCION', '', NULL, '2019-10-28 14:12:44', 0, 1),
(91, 'SEAT', '', NULL, '2019-10-28 14:12:44', 0, 1),
(92, 'SKODA', '', NULL, '2019-10-28 14:12:44', 0, 1),
(93, 'SMART', '', NULL, '2019-10-28 14:12:44', 0, 1),
(94, 'SPYKER', '', NULL, '2019-10-28 14:12:44', 0, 1),
(95, 'SSANGYONG', '', NULL, '2019-10-28 14:12:44', 0, 1),
(96, 'STEALTH', '', NULL, '2019-10-28 14:12:44', 0, 1),
(97, 'SUZUKI', '', NULL, '2019-10-28 14:12:44', 0, 1),
(98, 'TATA', '', NULL, '2019-10-28 14:12:44', 0, 1),
(99, 'TESLA', '', NULL, '2019-10-28 14:12:44', 0, 1),
(100, 'TOYOTA', '', NULL, '2019-10-28 14:12:44', 0, 1),
(101, 'TONIQ', '', NULL, '2019-10-28 14:12:44', 0, 1),
(102, 'TRABANT', '', NULL, '2019-10-28 14:12:44', 0, 1),
(103, 'VAUXHALL', '', NULL, '2019-10-28 14:12:44', 0, 1),
(104, 'VECTOR', '', NULL, '2019-10-28 14:12:44', 0, 1),
(105, 'VENTURI', '', NULL, '2019-10-28 14:12:44', 0, 1),
(106, 'VOLKSWAGEN', '', NULL, '2019-10-28 14:12:44', 0, 1),
(107, 'VOLVO', '', NULL, '2019-10-28 14:12:44', 0, 1),
(108, 'WANDERER', '', NULL, '2019-10-28 14:12:44', 0, 1),
(109, 'WARTBURG', '', NULL, '2019-10-28 14:12:44', 0, 1),
(110, 'WESTFIELD', '', NULL, '2019-10-28 14:12:44', 0, 1),
(111, 'ZASTAVA ', '', NULL, '2019-10-28 14:12:44', 0, 1),
(112, 'DISCOVERY', NULL, '2019-10-18 12:21:02', '2019-10-28 14:12:44', 0, 1),
(113, 'CHANGAN', NULL, '2019-10-18 12:22:32', '2019-10-28 14:12:44', 0, 1),
(114, 'OUTLANDER', NULL, '2019-10-28 11:09:31', '2019-10-28 14:12:44', 0, 1);

-- --------------------------------------------------------

--
-- Structure de la table `modepayement`
--

CREATE TABLE `modepayement` (
  `id` int(11) NOT NULL,
  `name` varchar(50) NOT NULL,
  `initial` varchar(3) NOT NULL,
  `etat_id` int(11) NOT NULL,
  `created` datetime DEFAULT NULL,
  `modified` datetime DEFAULT NULL,
  `protected` int(11) NOT NULL DEFAULT '0',
  `valide` int(11) NOT NULL DEFAULT '1'
) ENGINE=InnoDB DEFAULT CHARSET=utf8;

--
-- Déchargement des données de la table `modepayement`
--

INSERT INTO `modepayement` (`id`, `name`, `initial`, `etat_id`, `created`, `modified`, `protected`, `valide`) VALUES
(1, 'Espèces', 'ES', 1, NULL, NULL, 1, 1),
(2, 'Prelevement sur acompte', 'PR', 1, NULL, '2019-10-18 12:19:54', 1, 1),
(3, 'Chèque', 'CH', 0, NULL, NULL, 1, 1),
(4, 'Virement Banquaire', 'VB', 0, NULL, NULL, 1, 1),
(5, 'Mobile money', 'MM', 0, NULL, '2019-10-18 12:20:05', 1, 1);

-- --------------------------------------------------------

--
-- Structure de la table `mycompte`
--

CREATE TABLE `mycompte` (
  `id` int(11) NOT NULL,
  `identifiant` varchar(9) NOT NULL,
  `tentative` int(11) NOT NULL,
  `expired` datetime NOT NULL,
  `protected` int(11) NOT NULL DEFAULT '1',
  `valide` int(11) NOT NULL DEFAULT '1'
) ENGINE=InnoDB DEFAULT CHARSET=utf8;

--
-- Déchargement des données de la table `mycompte`
--

INSERT INTO `mycompte` (`id`, `identifiant`, `tentative`, `expired`, `protected`, `valide`) VALUES
(1, '598SZE-0T', 0, '2020-11-28 00:00:00', 1, 1);

-- --------------------------------------------------------

--
-- Structure de la table `operation`
--

CREATE TABLE `operation` (
  `id` int(11) NOT NULL,
  `categorieoperation_id` int(11) NOT NULL,
  `reference` varchar(20) NOT NULL,
  `montant` int(11) NOT NULL,
  `client_id` int(11) NOT NULL,
  `manoeuvre_id` int(11) DEFAULT NULL,
  `modepayement_id` int(11) NOT NULL,
  `comment` text,
  `etat_id` int(11) NOT NULL,
  `employe_id` int(11) NOT NULL,
  `created` datetime DEFAULT NULL,
  `modified` datetime DEFAULT NULL,
  `protected` int(11) NOT NULL DEFAULT '0',
  `valide` int(11) NOT NULL DEFAULT '1'
) ENGINE=InnoDB DEFAULT CHARSET=utf8;

--
-- Déchargement des données de la table `operation`
--

INSERT INTO `operation` (`id`, `categorieoperation_id`, `reference`, `montant`, `client_id`, `manoeuvre_id`, `modepayement_id`, `comment`, `etat_id`, `employe_id`, `created`, `modified`, `protected`, `valide`) VALUES
(1, 1, 'BCA/06042020-7D41AB', 2410000, 0, NULL, 1, 'Réglement de la facture pour la commande N°BCO/06042020-7D310A', 1, 1, '2020-04-06 15:16:36', '2020-04-06 15:16:36', 0, 1),
(2, 1, 'BCA/06042020-D67C81', 1130000, 0, NULL, 1, 'Réglement de la facture pour la commande N°BCO/06042020-D6671A', 1, 1, '2020-04-06 15:40:23', '2020-04-06 15:40:23', 0, 1),
(3, 1, 'BCA/06042020-E12A6D', 40000, 0, NULL, 3, 'Réglement de la facture pour la commande N°BCO/06042020-E116AC', 0, 1, '2020-04-06 15:43:14', '2020-04-06 15:43:14', 0, 1),
(4, 1, 'BCA/06042020-E6535C', 40000, 0, NULL, 3, 'Réglement de la facture pour la commande N°BCO/06042020-E63DE6', 0, 1, '2020-04-06 15:44:37', '2020-04-06 15:44:37', 0, 1),
(5, 1, 'BCA/06042020-05EDEB', 20000, 0, NULL, 1, 'Réglement de la facture pour la commande N°BCO/06042020-05E296', 1, 1, '2020-04-06 15:53:02', '2020-04-06 15:53:02', 0, 1),
(6, 1, 'BCA/06042020-78EECE', 14500, 0, NULL, 1, 'Acréditation du compte du client : Abou konaté', 1, 1, '2020-04-06 20:56:46', '2020-04-06 20:56:46', 0, 1),
(7, 1, 'BCA/06042020-7A9BCA', 37500, 0, NULL, 4, 'Acréditation du compte du client : Abou konaté', 0, 1, '2020-04-06 20:57:13', '2020-04-06 20:57:13', 0, 1),
(8, 1, 'BCA/06042020-DF74B0', 40000, 4, NULL, 4, 'Réglement de la facture pour la commande N°BCO/06042020-DF6994', 0, 1, '2020-04-06 22:32:23', '2020-04-06 22:32:23', 0, 1),
(9, 1, 'BCA/07042020-2C8B94', 14520, 1, NULL, 3, 'Acréditation du compte du client : Abou konaté', 0, 1, '2020-04-07 10:15:36', '2020-04-07 10:15:36', 0, 1),
(10, 1, 'BCA/07042020-3D71A2', 141500, 4, NULL, 1, 'Acréditation du compte du client : Abou konaté', 1, 1, '2020-04-07 10:20:07', '2020-04-07 10:20:07', 0, 1),
(11, 1, 'BCA/07042020-5B0E37', 4921950, 4, NULL, 5, 'Acréditation du compte du client : Abou konaté', 0, 1, '2020-04-07 10:28:00', '2020-04-07 10:28:00', 0, 1),
(12, 1, 'BCA/08042020-2C009B', 210600, 4, NULL, 3, 'Acréditation du compte du client : Abou konaté', 0, 1, '2020-04-08 16:58:40', '2020-04-08 16:58:40', 0, 1),
(13, 2, 'BCA/14042020-57766B', 326200, 1, NULL, 3, 'Réglement de la facture d\'approvisionnement N°APP/14042020-576D66', 1, 1, '2020-04-14 18:48:23', '2020-04-14 18:48:23', 0, 1),
(14, 4, 'BCA/16042020-51AAF1', 24, 1, 1, 5, 'Réglement de la paye de Aboulaye touré', 1, 1, '2020-04-16 04:54:50', '2020-04-16 04:54:50', 0, 1),
(15, 4, 'BCA/16042020-62EE96', 43, 1, 3, 1, 'Réglement de la paye de Kouamé Yves', 1, 1, '2020-04-16 04:59:26', '2020-04-16 04:59:26', 0, 1);

-- --------------------------------------------------------

--
-- Structure de la table `panne`
--

CREATE TABLE `panne` (
  `id` int(11) NOT NULL,
  `title` text NOT NULL,
  `reference` varchar(10) DEFAULT NULL,
  `machine_id` int(11) NOT NULL,
  `manoeuvre_id` int(11) DEFAULT NULL,
  `comment` text NOT NULL,
  `image` varchar(200) DEFAULT NULL,
  `etat_id` int(11) NOT NULL,
  `date_approuve` datetime DEFAULT NULL,
  `employe_id` int(11) DEFAULT NULL,
  `created` datetime DEFAULT NULL,
  `modified` datetime DEFAULT NULL,
  `protected` int(11) NOT NULL DEFAULT '0',
  `valide` int(11) NOT NULL DEFAULT '1'
) ENGINE=InnoDB DEFAULT CHARSET=utf8;

--
-- Déchargement des données de la table `panne`
--

INSERT INTO `panne` (`id`, `title`, `reference`, `machine_id`, `manoeuvre_id`, `comment`, `image`, `etat_id`, `date_approuve`, `employe_id`, `created`, `modified`, `protected`, `valide`) VALUES
(1, '', 'SQFQF5', 3, 2, 'Je veux faire laver ma voiture site a la mission effectuée la semaine dans le nord du pays', '', 1, '2020-02-07 12:18:14', NULL, '2020-02-02 20:33:51', '2020-02-07 12:18:14', 0, 1),
(2, '', '58FDF9', 3, 1, 'Je veux faire laver ma voiture site a la mission effectuée la semaine dans le nord du pays', '', 1, '2020-02-07 00:14:50', NULL, '2020-02-02 20:35:55', '2020-02-07 00:14:50', 0, 1),
(3, '', 'JNGJ56', 3, 3, 'Je veux faire laver ma voiture site a la mission effectuée la semaine dans le nord du pays', '4135449a.jpg', -1, '2020-02-07 08:57:21', NULL, '2020-02-02 20:41:54', '2020-02-07 08:57:21', 0, 1),
(4, '', 'DFBDFF', 3, 1, 'Je veux faire laver ma voiture site a la mission effectuée la semaine dans le nord du pays', '464246b6.jpg', 1, '2020-02-07 12:24:19', NULL, '2020-02-02 20:43:15', '2020-02-07 12:24:19', 0, 1),
(5, '', '5589DF', 3, 2, 'Je veux faire laver ma voiture site a la mission effectuée la semaine dans le nord du pays', '4e009f63.jpg', 0, NULL, NULL, '2020-02-02 20:45:19', '2020-02-02 20:45:20', 0, 1);

-- --------------------------------------------------------

--
-- Structure de la table `params`
--

CREATE TABLE `params` (
  `id` int(11) NOT NULL,
  `timeout` int(11) NOT NULL DEFAULT '5',
  `devise` varchar(50) NOT NULL,
  `tva` int(11) NOT NULL,
  `email` varchar(200) NOT NULL,
  `societe` varchar(50) NOT NULL,
  `contact` varchar(200) DEFAULT NULL,
  `adresse` varchar(200) DEFAULT NULL,
  `postale` varchar(200) DEFAULT NULL,
  `delai_alert` int(11) NOT NULL,
  `protected` int(11) NOT NULL DEFAULT '1',
  `valide` int(11) NOT NULL DEFAULT '1'
) ENGINE=MyISAM DEFAULT CHARSET=utf8;

--
-- Déchargement des données de la table `params`
--

INSERT INTO `params` (`id`, `timeout`, `devise`, `tva`, `email`, `societe`, `contact`, `adresse`, `postale`, `delai_alert`, `protected`, `valide`) VALUES
(1, 70, 'Fcfa', 18, 'aristidemanyesse@gmail.com', 'aristidemanyesse@gmail.com', NULL, NULL, NULL, 14, 1, 1);

-- --------------------------------------------------------

--
-- Structure de la table `paye_produit`
--

CREATE TABLE `paye_produit` (
  `id` int(11) NOT NULL,
  `produit_id` int(11) NOT NULL,
  `price` int(11) NOT NULL,
  `created` datetime DEFAULT NULL,
  `modified` datetime DEFAULT NULL,
  `protected` int(11) NOT NULL DEFAULT '0',
  `valide` int(11) NOT NULL DEFAULT '1'
) ENGINE=InnoDB DEFAULT CHARSET=utf8;

--
-- Déchargement des données de la table `paye_produit`
--

INSERT INTO `paye_produit` (`id`, `produit_id`, `price`, `created`, `modified`, `protected`, `valide`) VALUES
(2, 1, 100, '2020-04-12 23:48:56', '2020-04-13 08:53:56', 0, 1),
(3, 2, 200, '2020-04-12 23:48:56', '2020-04-13 08:53:56', 0, 1),
(4, 3, 400, '2020-04-12 23:48:56', '2020-04-13 08:53:56', 0, 1),
(5, 4, 300, '2020-04-12 23:48:56', '2020-04-13 08:53:56', 0, 1),
(6, 1, 300, '2020-04-12 23:49:22', '2020-04-13 08:56:40', 0, 1),
(7, 2, 1500, '2020-04-12 23:49:22', '2020-04-13 08:56:40', 0, 1),
(8, 3, 100, '2020-04-12 23:49:22', '2020-04-13 08:56:40', 0, 1),
(9, 4, 155, '2020-04-12 23:49:22', '2020-04-13 08:56:40', 0, 1),
(10, 1, 300, '2020-04-12 23:49:42', '2020-04-13 14:35:14', 0, 1),
(11, 2, 2000, '2020-04-12 23:49:42', '2020-04-13 08:53:26', 0, 1),
(12, 3, 4000, '2020-04-12 23:49:42', '2020-04-13 08:53:26', 0, 1),
(13, 4, 3000, '2020-04-12 23:49:42', '2020-04-13 08:53:26', 0, 1);

-- --------------------------------------------------------

--
-- Structure de la table `prestataire`
--

CREATE TABLE `prestataire` (
  `id` int(11) NOT NULL,
  `name` varchar(200) NOT NULL,
  `typeprestataire_id` int(11) NOT NULL,
  `contact` varchar(150) NOT NULL,
  `fax` varchar(200) NOT NULL,
  `email` text,
  `adresse` text NOT NULL,
  `registre` varchar(50) DEFAULT NULL,
  `login` text NOT NULL,
  `password` text NOT NULL,
  `is_new` int(11) NOT NULL,
  `image` varchar(50) DEFAULT NULL,
  `is_allowed` int(11) NOT NULL,
  `created` datetime DEFAULT NULL,
  `modified` datetime DEFAULT NULL,
  `protected` int(11) NOT NULL DEFAULT '0',
  `valide` int(11) NOT NULL DEFAULT '1'
) ENGINE=InnoDB DEFAULT CHARSET=utf8;

--
-- Déchargement des données de la table `prestataire`
--

INSERT INTO `prestataire` (`id`, `name`, `typeprestataire_id`, `contact`, `fax`, `email`, `adresse`, `registre`, `login`, `password`, `is_new`, `image`, `is_allowed`, `created`, `modified`, `protected`, `valide`) VALUES
(1, 'ARTCI PARC AUTO', 4, '58 70 58 38', '15 45 45 25', 'infos@artci.com', 'Marcory Quartier anoumanbo', '89484dfhdfhf', 'root', '5e9795e3f3ab55e7790a6283507c085db0d764fc', 0, '8a17cc7c.png', 1, '2019-09-24 09:08:54', '2020-02-08 15:15:04', 1, 1),
(2, 'Universal Garage', 1, '47 58 93 21', '15 45 45 478', 'Universalinfod@artci.com', 'angré 8em tranche tranche star 10', NULL, '230ec0df', '41cd8c3af6317039f0e2fbb3a89ce6cd45669cb0', 1, '', 1, '2020-02-08 15:22:24', '2020-02-08 15:22:24', 0, 1),
(3, 'Lavage Pro', 3, '47 58 93 21', '15 45 45 478', 'ffrsalinfod@artci.com', 'angré 9em tranche tranche star 10', '89484dfhdfhf', '25c662de', '1e2a1b15342e2d01328a8c39bec735eb7533c2a1', 1, '8a17cc7c.png', 1, '2020-02-08 15:23:08', '2020-02-08 19:14:41', 0, 1);

-- --------------------------------------------------------

--
-- Structure de la table `prix_zonelivraison`
--

CREATE TABLE `prix_zonelivraison` (
  `id` int(11) NOT NULL,
  `produit_id` int(11) NOT NULL,
  `zonelivraison_id` int(11) NOT NULL,
  `price` int(11) NOT NULL,
  `created` datetime DEFAULT NULL,
  `modified` datetime DEFAULT NULL,
  `protected` int(11) NOT NULL DEFAULT '0',
  `valide` int(11) NOT NULL DEFAULT '1'
) ENGINE=InnoDB DEFAULT CHARSET=utf8;

--
-- Déchargement des données de la table `prix_zonelivraison`
--

INSERT INTO `prix_zonelivraison` (`id`, `produit_id`, `zonelivraison_id`, `price`, `created`, `modified`, `protected`, `valide`) VALUES
(2, 1, 4, 100, '2020-04-12 23:48:56', '2020-04-13 08:53:56', 0, 1),
(3, 2, 4, 200, '2020-04-12 23:48:56', '2020-04-13 08:53:56', 0, 1),
(4, 3, 4, 400, '2020-04-12 23:48:56', '2020-04-13 08:53:56', 0, 1),
(5, 4, 4, 300, '2020-04-12 23:48:56', '2020-04-13 08:53:56', 0, 1),
(6, 1, 5, 300, '2020-04-12 23:49:22', '2020-04-13 08:56:40', 0, 1),
(7, 2, 5, 1500, '2020-04-12 23:49:22', '2020-04-13 08:56:40', 0, 1),
(8, 3, 5, 100, '2020-04-12 23:49:22', '2020-04-13 08:56:40', 0, 1),
(9, 4, 5, 155, '2020-04-12 23:49:22', '2020-04-13 08:56:40', 0, 1),
(10, 1, 6, 300, '2020-04-12 23:49:42', '2020-04-13 14:35:14', 0, 1),
(11, 2, 6, 2000, '2020-04-12 23:49:42', '2020-04-13 08:53:26', 0, 1),
(12, 3, 6, 4000, '2020-04-12 23:49:42', '2020-04-13 08:53:26', 0, 1),
(13, 4, 6, 3000, '2020-04-12 23:49:42', '2020-04-13 08:53:26', 0, 1);

-- --------------------------------------------------------

--
-- Structure de la table `productionjour`
--

CREATE TABLE `productionjour` (
  `id` int(11) NOT NULL,
  `ladate` date NOT NULL,
  `comment` text NOT NULL,
  `employe_id` int(11) NOT NULL,
  `created` datetime DEFAULT NULL,
  `modified` datetime DEFAULT NULL,
  `protected` int(11) NOT NULL DEFAULT '0',
  `valide` int(11) NOT NULL DEFAULT '1'
) ENGINE=InnoDB DEFAULT CHARSET=utf8;

--
-- Déchargement des données de la table `productionjour`
--

INSERT INTO `productionjour` (`id`, `ladate`, `comment`, `employe_id`, `created`, `modified`, `protected`, `valide`) VALUES
(8, '2020-04-08', 'ceci est un test encore', 1, '2020-04-09 08:24:46', '2020-04-09 11:40:10', 0, 1),
(9, '2020-04-07', '', 1, '2020-04-09 12:37:04', '2020-04-09 12:37:55', 0, 1),
(10, '2020-04-06', 'test', 1, '2020-04-09 12:38:26', '2020-04-09 12:40:45', 0, 1),
(11, '2020-04-05', '', 1, '2020-04-09 12:41:11', '2020-04-09 12:41:55', 0, 1),
(12, '2020-04-04', '', 1, '2020-04-09 12:42:27', '2020-04-09 12:42:59', 0, 1),
(13, '2020-04-03', '', 1, '2020-04-09 12:44:34', '2020-04-09 12:44:35', 0, 1),
(14, '2020-04-02', '', 1, '2020-04-09 12:52:42', '2020-04-09 12:53:21', 0, 1),
(15, '2020-04-09', 'ces te nbf ;e', 1, '2020-04-09 13:07:37', '2020-04-09 13:10:20', 0, 1),
(16, '2020-04-10', 'beaucoup de perte lors du rangement ', 1, '2020-04-10 14:07:33', '2020-04-10 22:04:26', 0, 1),
(17, '2020-04-11', '', 0, '2020-04-11 08:34:15', '2020-04-11 08:34:15', 0, 1),
(18, '2020-04-12', '', 0, '2020-04-12 09:12:29', '2020-04-12 09:12:29', 0, 1),
(19, '2020-04-13', '', 0, '2020-04-13 08:19:27', '2020-04-13 08:19:27', 0, 1),
(20, '2020-04-14', '', 0, '2020-04-14 11:38:21', '2020-04-14 11:38:21', 0, 1),
(21, '2020-04-15', '', 0, '2020-04-15 10:04:42', '2020-04-15 10:04:42', 0, 1),
(22, '2020-04-16', '', 0, '2020-04-16 03:14:52', '2020-04-16 03:14:52', 0, 1);

-- --------------------------------------------------------

--
-- Structure de la table `produit`
--

CREATE TABLE `produit` (
  `id` int(11) NOT NULL,
  `name` varchar(200) NOT NULL,
  `description` text NOT NULL,
  `image` varchar(50) DEFAULT NULL,
  `created` datetime DEFAULT NULL,
  `modified` datetime DEFAULT NULL,
  `protected` int(11) NOT NULL DEFAULT '0',
  `valide` int(11) NOT NULL DEFAULT '1'
) ENGINE=InnoDB DEFAULT CHARSET=utf8;

--
-- Déchargement des données de la table `produit`
--

INSERT INTO `produit` (`id`, `name`, `description`, `image`, `created`, `modified`, `protected`, `valide`) VALUES
(1, 'AC 15', 'Agglos creux 15', 'c23bed5a.png', '2020-02-08 20:27:34', '2020-04-12 22:54:50', 0, 1),
(2, 'AP 15', 'Agglos pleins 15', 'c4e02301.png', '2020-02-08 20:28:05', '2020-04-12 22:55:43', 0, 1),
(3, 'HOURDIS', 'Hourdis', '', '2020-02-08 20:28:35', '2020-04-12 22:56:28', 0, 1),
(4, 'BTC', 'Briques en terre compressée', '', '2020-02-08 20:52:24', '2020-04-12 22:55:54', 0, 1);

-- --------------------------------------------------------

--
-- Structure de la table `ressource`
--

CREATE TABLE `ressource` (
  `id` int(11) NOT NULL,
  `name` varchar(200) NOT NULL,
  `unite` varchar(20) DEFAULT NULL,
  `abbr` varchar(20) NOT NULL,
  `image` varchar(50) DEFAULT NULL,
  `created` datetime DEFAULT NULL,
  `modified` datetime DEFAULT NULL,
  `protected` int(11) NOT NULL DEFAULT '0',
  `valide` int(11) NOT NULL DEFAULT '1'
) ENGINE=InnoDB DEFAULT CHARSET=utf8;

--
-- Déchargement des données de la table `ressource`
--

INSERT INTO `ressource` (`id`, `name`, `unite`, `abbr`, `image`, `created`, `modified`, `protected`, `valide`) VALUES
(1, 'Gravier', 'en Tonne', 'T', NULL, '2020-02-08 20:27:34', '2020-02-08 21:54:04', 0, 1),
(2, 'CIMENT', 'En sac', 'Sacs', 'fcc179bc.jpg', '2020-02-08 20:28:05', '2020-04-12 23:10:04', 0, 1),
(3, 'Sables', 'En chargement', 'Chgs', NULL, '2020-02-08 20:28:35', '2020-02-08 21:51:21', 0, 1),
(4, 'Eau', 'en Litres', 'L', NULL, '2020-02-08 20:52:24', '2020-02-08 20:52:24', 0, 1);

-- --------------------------------------------------------

--
-- Structure de la table `role`
--

CREATE TABLE `role` (
  `id` int(11) NOT NULL,
  `name` varchar(200) NOT NULL,
  `description` text NOT NULL,
  `created` datetime DEFAULT NULL,
  `modified` datetime DEFAULT NULL,
  `protected` int(11) NOT NULL DEFAULT '0',
  `valide` int(11) NOT NULL DEFAULT '1'
) ENGINE=InnoDB DEFAULT CHARSET=utf8;

--
-- Déchargement des données de la table `role`
--

INSERT INTO `role` (`id`, `name`, `description`, `created`, `modified`, `protected`, `valide`) VALUES
(1, 'Master', '', NULL, NULL, 1, 1),
(2, 'Production', '', NULL, NULL, 1, 1),
(4, 'Caisse', '', '2019-09-22 07:38:48', '2019-09-22 07:38:48', 1, 1),
(5, 'Administration', '', '2019-10-18 12:20:33', '2019-10-18 12:20:33', 1, 1);

-- --------------------------------------------------------

--
-- Structure de la table `role_employe`
--

CREATE TABLE `role_employe` (
  `id` int(11) NOT NULL,
  `role_id` int(11) NOT NULL,
  `employe_id` int(11) NOT NULL,
  `created` datetime DEFAULT NULL,
  `modified` datetime DEFAULT NULL,
  `protected` int(11) NOT NULL DEFAULT '0',
  `valide` int(11) NOT NULL DEFAULT '1'
) ENGINE=InnoDB DEFAULT CHARSET=utf8;

--
-- Déchargement des données de la table `role_employe`
--

INSERT INTO `role_employe` (`id`, `role_id`, `employe_id`, `created`, `modified`, `protected`, `valide`) VALUES
(2, 1, 4, '2020-04-12 23:48:56', '2020-04-13 08:53:56', 0, 1),
(3, 2, 4, '2020-04-12 23:48:56', '2020-04-13 08:53:56', 0, 1),
(4, 3, 4, '2020-04-12 23:48:56', '2020-04-13 08:53:56', 0, 1),
(5, 4, 4, '2020-04-12 23:48:56', '2020-04-13 08:53:56', 0, 1),
(6, 1, 5, '2020-04-12 23:49:22', '2020-04-13 08:56:40', 0, 1),
(7, 2, 5, '2020-04-12 23:49:22', '2020-04-13 08:56:40', 0, 1),
(8, 3, 5, '2020-04-12 23:49:22', '2020-04-13 08:56:40', 0, 1),
(9, 4, 5, '2020-04-12 23:49:22', '2020-04-13 08:56:40', 0, 1),
(10, 1, 6, '2020-04-12 23:49:42', '2020-04-13 14:35:14', 0, 1),
(11, 2, 6, '2020-04-12 23:49:42', '2020-04-13 08:53:26', 0, 1),
(12, 3, 6, '2020-04-12 23:49:42', '2020-04-13 08:53:26', 0, 1),
(13, 4, 6, '2020-04-12 23:49:42', '2020-04-13 08:53:26', 0, 1);

-- --------------------------------------------------------

--
-- Structure de la table `sexe`
--

CREATE TABLE `sexe` (
  `id` int(11) NOT NULL,
  `name` varchar(15) NOT NULL,
  `abreviation` varchar(11) NOT NULL,
  `icon` varchar(50) NOT NULL,
  `protected` int(11) NOT NULL DEFAULT '1',
  `valide` int(11) NOT NULL DEFAULT '1'
) ENGINE=MyISAM DEFAULT CHARSET=utf8;

--
-- Déchargement des données de la table `sexe`
--

INSERT INTO `sexe` (`id`, `name`, `abreviation`, `icon`, `protected`, `valide`) VALUES
(1, 'Homme', 'Mr', 'fa fa-mars', 1, 1),
(2, 'Femme', 'Me', 'fa fa-venus', 1, 1),
(3, 'Entreprise', 'Inc', 'fa fa-bank', 1, 1);

-- --------------------------------------------------------

--
-- Structure de la table `sinistre`
--

CREATE TABLE `sinistre` (
  `id` int(11) NOT NULL,
  `ticket` varchar(10) NOT NULL,
  `typesinistre_id` int(11) NOT NULL,
  `vehicule_id` int(11) NOT NULL,
  `date_etablissement` date NOT NULL,
  `comment` text,
  `chauffeur_id` int(11) DEFAULT NULL,
  `matricule` varchar(50) NOT NULL,
  `fullname` varchar(50) NOT NULL,
  `carplan_id` int(11) DEFAULT NULL,
  `constat` int(11) NOT NULL,
  `pompiers` int(11) NOT NULL,
  `nomautre` text,
  `vehiculeautre` text,
  `immatriculationautre` varchar(50) NOT NULL,
  `assuranceautre` text,
  `lieudrame` varchar(200) DEFAULT NULL,
  `contactautre` varchar(200) DEFAULT NULL,
  `image1` varchar(200) DEFAULT NULL,
  `image2` varchar(200) DEFAULT NULL,
  `image3` varchar(200) DEFAULT NULL,
  `date_approbation` datetime DEFAULT NULL,
  `etat_id` int(11) NOT NULL,
  `created` datetime DEFAULT NULL,
  `modified` datetime DEFAULT NULL,
  `protected` int(11) NOT NULL DEFAULT '0',
  `valide` int(11) NOT NULL DEFAULT '1'
) ENGINE=InnoDB DEFAULT CHARSET=utf8;

--
-- Déchargement des données de la table `sinistre`
--

INSERT INTO `sinistre` (`id`, `ticket`, `typesinistre_id`, `vehicule_id`, `date_etablissement`, `comment`, `chauffeur_id`, `matricule`, `fullname`, `carplan_id`, `constat`, `pompiers`, `nomautre`, `vehiculeautre`, `immatriculationautre`, `assuranceautre`, `lieudrame`, `contactautre`, `image1`, `image2`, `image3`, `date_approbation`, `etat_id`, `created`, `modified`, `protected`, `valide`) VALUES
(1, 'fsfs54', 4, 3, '2020-01-16', 'Lorem ipsum dolor sit amet, consectetuer adipiscing elit. Aenean commodo ligula eget dolor. Aenean massa. Cum sociis natoque penatibus et magnis dis parturient montes, nascetur ridiculus mus.', NULL, 'ZE4589445', 'Oomari Thomas', NULL, 1, 1, 'Kouassi Norbert', 'Toyota berling sud', '4024 HK 01', 'NSIA Assurance', 'Koumassi remblais', '58623455', '0d42aa77.jpg', '0d46ea32.png', '0d4b788e.jpg', NULL, 0, '2020-02-02 08:30:12', '2020-02-02 09:05:24', 0, 1),
(2, 'dsfsd985', 4, 1, '2020-02-02', 'Lorem ipsum dolor sit amet, consectetuer adipiscing elit. Aenean commodo ligula eget dolor. Aenean massa. Cum sociis natoque penatibus et magnis dis parturient montes, nascetur ridiculus mus.', NULL, 'ZE4589445', 'Oomari Thomas', NULL, 1, 1, 'Kouassi Norbert', NULL, '4024 HK 01', 'NSIA Assurance', 'Koumassi remblais', '58623455', '', '', '', NULL, 1, '2020-02-02 08:30:57', '2020-02-07 12:28:59', 0, 1),
(3, '25612sdf', 4, 1, '2020-02-02', 'Lorem ipsum dolor sit amet, consectetuer adipiscing elit. Aenean commodo ligula eget dolor. Aenean massa. Cum sociis natoque penatibus et magnis dis parturient montes, nascetur ridiculus mus.', NULL, 'ZE4589445', 'Oomari Thomas', NULL, 1, 1, 'Kouassi Norbert', NULL, '4024 HK 01', 'NSIA Assurance', 'Koumassi remblais', '58623455', '8f67ee79.jpg', '8f6d7369.png', '', '2020-02-07 12:38:08', 1, '2020-02-02 08:31:50', '2020-02-07 12:38:08', 0, 1),
(4, 'dsfs7785', 1, 3, '2020-02-02', 'orme ipsum Lorem ipsum dolor sit amet, consectetuer adipiscing elit. Aenean commodo ligula eget dolor. Aenean massa. Cum sociis natoque penatibus et magnis dis parturient montes, nascetur ridiculus mus.', NULL, 'fsfsd454', 'KONATE Mamadou Armand', 1, 1, 1, 'Kouassi Norbert', 'Toyota berling sud', '4024 HK 01', 'NSIA Assurance', 'kong', '58623455', 'c8caa85d.jpg', 'c8ce9c04.jpg', '', NULL, 1, '2020-02-02 21:18:04', '2020-02-07 12:27:36', 0, 1),
(5, 'B24177', 2, 4, '2020-02-20', 'mon pneu s\'est creuvé sur la route je sais pas vraiment pourquoi', NULL, 'ZE458', 'Akisse Claudine', NULL, 0, 1, 'Kouassi Norbert', 'Toyota berling sud', '784 HK 01', 'Saham Assurance', 'Port-bouet', '58623455', 'b248d9fe.png', '', '', '2020-02-07 12:50:38', -1, '2020-02-07 12:42:12', '2020-02-07 12:50:38', 0, 1);

-- --------------------------------------------------------

--
-- Structure de la table `suggestion`
--

CREATE TABLE `suggestion` (
  `id` int(11) NOT NULL,
  `ticket` varchar(10) NOT NULL,
  `typesuggestion_id` int(11) NOT NULL,
  `title` varchar(200) NOT NULL,
  `description` text NOT NULL,
  `etat_id` int(11) NOT NULL,
  `date_approuve` datetime DEFAULT NULL,
  `gestionnaire_id` int(11) DEFAULT NULL,
  `carplan_id` int(11) DEFAULT NULL,
  `prestataire_id` int(11) DEFAULT NULL,
  `utilisateur_id` int(11) DEFAULT NULL,
  `created` datetime DEFAULT NULL,
  `modified` datetime DEFAULT NULL,
  `protected` int(11) NOT NULL DEFAULT '0',
  `valide` int(11) NOT NULL DEFAULT '1'
) ENGINE=InnoDB DEFAULT CHARSET=utf8;

--
-- Déchargement des données de la table `suggestion`
--

INSERT INTO `suggestion` (`id`, `ticket`, `typesuggestion_id`, `title`, `description`, `etat_id`, `date_approuve`, `gestionnaire_id`, `carplan_id`, `prestataire_id`, `utilisateur_id`, `created`, `modified`, `protected`, `valide`) VALUES
(3, 'BKDSJ487', 2, 'ceci est un titre', 'Lorem ipsum dolor sit amet, consectetur adipisicing elit. Assumenda repudiandae, tempora labore minima, ipsa debitis reprehenderit ipsam sequi aut. Reiciendis, ipsa nam ab dolorem vitae suscipit nisi deserunt corporis aperiam.\r\n', 0, NULL, NULL, 1, NULL, NULL, NULL, NULL, 0, 1),
(4, 'DS78FDYTY', 3, 'ceci est un titre 2', 'Lorem ipsum dolor sit amet, consectetur adipisicing elit. Assumenda repudiandae, tempora labore minima, ipsa debitis reprehenderit ipsam sequi aut. Reiciendis, ipsa nam ab dolorem vitae suscipit nisi deserunt corporis aperiam.\r\n', 0, NULL, 1, NULL, NULL, NULL, NULL, NULL, 0, 1);

-- --------------------------------------------------------

--
-- Structure de la table `typeadministrateur`
--

CREATE TABLE `typeadministrateur` (
  `id` int(11) NOT NULL,
  `name` varchar(30) NOT NULL,
  `created` datetime DEFAULT NULL,
  `modified` datetime DEFAULT NULL,
  `protected` int(11) NOT NULL DEFAULT '0',
  `valide` int(11) NOT NULL DEFAULT '1'
) ENGINE=InnoDB DEFAULT CHARSET=utf8;

--
-- Déchargement des données de la table `typeadministrateur`
--

INSERT INTO `typeadministrateur` (`id`, `name`, `created`, `modified`, `protected`, `valide`) VALUES
(1, 'Gestionnaire', NULL, NULL, 1, 1),
(2, 'Gestionnaire en Chef', NULL, NULL, 1, 1),
(3, 'Administrateur', NULL, NULL, 1, 1),
(4, 'Super Administrateur', NULL, NULL, 1, 1);

-- --------------------------------------------------------

--
-- Structure de la table `typeclient`
--

CREATE TABLE `typeclient` (
  `id` int(11) NOT NULL,
  `name` varchar(200) NOT NULL,
  `created` datetime DEFAULT NULL,
  `modified` datetime DEFAULT NULL,
  `protected` int(11) NOT NULL DEFAULT '0',
  `valide` int(11) NOT NULL DEFAULT '1'
) ENGINE=InnoDB DEFAULT CHARSET=utf8;

--
-- Déchargement des données de la table `typeclient`
--

INSERT INTO `typeclient` (`id`, `name`, `created`, `modified`, `protected`, `valide`) VALUES
(1, 'Voiture', NULL, NULL, 0, 1),
(2, 'Moto', NULL, NULL, 0, 0),
(3, 'Camion', '2019-09-22 07:38:31', '2019-09-22 07:38:31', 0, 0),
(4, 'Mini-car', '2019-09-22 07:38:48', '2019-09-22 07:38:48', 0, 1),
(5, 'pick-up', '2019-10-18 12:20:33', '2019-10-18 12:20:33', 0, 1);

-- --------------------------------------------------------

--
-- Structure de la table `typeentretienvehicule`
--

CREATE TABLE `typeentretienvehicule` (
  `id` int(11) NOT NULL,
  `name` varchar(200) NOT NULL,
  `created` datetime DEFAULT NULL,
  `modified` datetime DEFAULT NULL,
  `protected` int(11) NOT NULL DEFAULT '0',
  `valide` int(11) NOT NULL DEFAULT '1'
) ENGINE=InnoDB DEFAULT CHARSET=utf8;

--
-- Déchargement des données de la table `typeentretienvehicule`
--

INSERT INTO `typeentretienvehicule` (`id`, `name`, `created`, `modified`, `protected`, `valide`) VALUES
(1, 'entretien dû au sinistre', NULL, '2019-10-02 10:12:14', 1, 1),
(2, 'Lavage Auto', NULL, NULL, 1, 1),
(3, 'Révision', NULL, NULL, 1, 1),
(4, 'Autre', NULL, NULL, 1, 1),
(5, 'Réparation Technique', '2019-09-22 07:57:03', '2019-09-22 07:57:03', 0, 1),
(6, 'Vidange + changement filtre', '2019-10-02 10:08:38', '2019-10-02 10:08:38', 0, 1),
(7, 'Simple vidange', '2019-10-02 10:09:00', '2019-10-02 10:09:00', 0, 0),
(8, 'simple vidange', NULL, NULL, 0, 1);

-- --------------------------------------------------------

--
-- Structure de la table `typeoperationcaisse`
--

CREATE TABLE `typeoperationcaisse` (
  `id` int(11) NOT NULL,
  `name` varchar(200) NOT NULL,
  `created` datetime DEFAULT NULL,
  `modified` datetime DEFAULT NULL,
  `protected` int(11) NOT NULL DEFAULT '0',
  `valide` int(11) NOT NULL DEFAULT '1'
) ENGINE=InnoDB DEFAULT CHARSET=utf8;

--
-- Déchargement des données de la table `typeoperationcaisse`
--

INSERT INTO `typeoperationcaisse` (`id`, `name`, `created`, `modified`, `protected`, `valide`) VALUES
(1, 'Entrée en caisse', NULL, '2019-09-23 13:19:22', 1, 1),
(2, 'Sortie de Caisse', NULL, '2019-09-23 14:05:30', 1, 1);

-- --------------------------------------------------------

--
-- Structure de la table `typeprestataire`
--

CREATE TABLE `typeprestataire` (
  `id` int(11) NOT NULL,
  `name` varchar(200) NOT NULL,
  `created` datetime DEFAULT NULL,
  `modified` datetime DEFAULT NULL,
  `protected` int(11) NOT NULL DEFAULT '0',
  `valide` int(11) NOT NULL DEFAULT '1'
) ENGINE=InnoDB DEFAULT CHARSET=utf8;

--
-- Déchargement des données de la table `typeprestataire`
--

INSERT INTO `typeprestataire` (`id`, `name`, `created`, `modified`, `protected`, `valide`) VALUES
(1, 'Mission programmée', NULL, NULL, 1, 1),
(2, 'mission innopinée', NULL, NULL, 1, 1);

-- --------------------------------------------------------

--
-- Structure de la table `typesinistre`
--

CREATE TABLE `typesinistre` (
  `id` int(11) NOT NULL,
  `name` varchar(200) NOT NULL,
  `created` datetime DEFAULT NULL,
  `modified` datetime DEFAULT NULL,
  `protected` int(11) NOT NULL DEFAULT '0',
  `valide` int(11) NOT NULL DEFAULT '1'
) ENGINE=InnoDB DEFAULT CHARSET=utf8;

--
-- Déchargement des données de la table `typesinistre`
--

INSERT INTO `typesinistre` (`id`, `name`, `created`, `modified`, `protected`, `valide`) VALUES
(1, 'accrochage', NULL, NULL, 0, 1),
(2, 'Crevaison', NULL, NULL, 0, 1),
(3, 'Défaillanec moteur', '2019-09-22 07:50:45', '2019-09-22 07:50:45', 0, 0),
(4, 'Vol', '2019-10-02 10:03:19', '2019-10-02 10:03:19', 0, 1),
(5, 'Accident garve', '2019-10-02 10:03:53', '2019-10-02 10:03:53', 0, 1);

-- --------------------------------------------------------

--
-- Structure de la table `typesuggestion`
--

CREATE TABLE `typesuggestion` (
  `id` int(11) NOT NULL,
  `name` varchar(200) NOT NULL,
  `created` datetime DEFAULT NULL,
  `modified` datetime DEFAULT NULL,
  `protected` int(11) NOT NULL DEFAULT '0',
  `valide` int(11) NOT NULL DEFAULT '1'
) ENGINE=InnoDB DEFAULT CHARSET=utf8;

--
-- Déchargement des données de la table `typesuggestion`
--

INSERT INTO `typesuggestion` (`id`, `name`, `created`, `modified`, `protected`, `valide`) VALUES
(1, 'affectattion permanente', NULL, NULL, 0, 1),
(2, 'Affectation temporaire', NULL, NULL, 0, 1);

-- --------------------------------------------------------

--
-- Structure de la table `typetransmission`
--

CREATE TABLE `typetransmission` (
  `id` int(11) NOT NULL,
  `name` varchar(200) NOT NULL,
  `created` datetime DEFAULT NULL,
  `modified` datetime DEFAULT NULL,
  `protected` int(11) NOT NULL DEFAULT '0',
  `valide` int(11) NOT NULL DEFAULT '1'
) ENGINE=InnoDB DEFAULT CHARSET=utf8;

--
-- Déchargement des données de la table `typetransmission`
--

INSERT INTO `typetransmission` (`id`, `name`, `created`, `modified`, `protected`, `valide`) VALUES
(1, 'Manuelle', NULL, NULL, 0, 1),
(2, 'Automatique', NULL, NULL, 0, 1);

-- --------------------------------------------------------

--
-- Structure de la table `typevehicule`
--

CREATE TABLE `typevehicule` (
  `id` int(11) NOT NULL,
  `name` varchar(200) NOT NULL,
  `created` datetime DEFAULT NULL,
  `modified` datetime DEFAULT NULL,
  `protected` int(11) NOT NULL DEFAULT '0',
  `valide` int(11) NOT NULL DEFAULT '1'
) ENGINE=InnoDB DEFAULT CHARSET=utf8;

--
-- Déchargement des données de la table `typevehicule`
--

INSERT INTO `typevehicule` (`id`, `name`, `created`, `modified`, `protected`, `valide`) VALUES
(1, 'Voiture', NULL, NULL, 0, 1),
(2, 'Moto', NULL, NULL, 0, 0),
(3, 'Camion', '2019-09-22 07:38:31', '2019-09-22 07:38:31', 0, 0),
(4, 'Mini-car', '2019-09-22 07:38:48', '2019-09-22 07:38:48', 0, 1),
(5, 'pick-up', '2019-10-18 12:20:33', '2019-10-18 12:20:33', 0, 1);

-- --------------------------------------------------------

--
-- Structure de la table `vehicule`
--

CREATE TABLE `vehicule` (
  `id` int(11) NOT NULL,
  `immatriculation` varchar(20) NOT NULL,
  `typevehicule_id` int(11) NOT NULL,
  `prestataire_id` int(11) NOT NULL,
  `nb_place` int(11) DEFAULT NULL,
  `nb_porte` int(11) DEFAULT NULL,
  `marque_id` int(11) NOT NULL,
  `modele` varchar(200) NOT NULL,
  `energie_id` int(11) NOT NULL,
  `typetransmission_id` int(11) NOT NULL,
  `affectation` int(11) DEFAULT NULL,
  `puissance` int(10) NOT NULL,
  `date_mise_circulation` varchar(20) DEFAULT NULL,
  `date_sortie` date DEFAULT NULL,
  `date_visitetechnique` date DEFAULT NULL,
  `date_assurance` date DEFAULT NULL,
  `date_vidange` datetime DEFAULT NULL,
  `image` text,
  `groupevehicule_id` int(11) DEFAULT NULL,
  `chasis` text,
  `date_acquisition` varchar(20) DEFAULT NULL,
  `price` int(11) DEFAULT NULL,
  `etatvehicule_id` int(11) NOT NULL,
  `possession` int(11) NOT NULL,
  `created` datetime DEFAULT NULL,
  `modified` datetime DEFAULT NULL,
  `protected` int(11) NOT NULL DEFAULT '0',
  `valide` int(11) NOT NULL DEFAULT '1',
  `kilometrage` int(11) NOT NULL,
  `location` int(11) NOT NULL
) ENGINE=InnoDB DEFAULT CHARSET=utf8;

--
-- Déchargement des données de la table `vehicule`
--

INSERT INTO `vehicule` (`id`, `immatriculation`, `typevehicule_id`, `prestataire_id`, `nb_place`, `nb_porte`, `marque_id`, `modele`, `energie_id`, `typetransmission_id`, `affectation`, `puissance`, `date_mise_circulation`, `date_sortie`, `date_visitetechnique`, `date_assurance`, `date_vidange`, `image`, `groupevehicule_id`, `chasis`, `date_acquisition`, `price`, `etatvehicule_id`, `possession`, `created`, `modified`, `protected`, `valide`, `kilometrage`, `location`) VALUES
(1, '4024 HK 01', 1, 1, 5, 5, 10, 'X6', 2, 1, NULL, 14, '2001-05-02', NULL, NULL, NULL, NULL, 'default.jpg', 7, '', '2017-01-01', 0, 0, 1, '2019-10-24 10:51:09', '2020-04-16 08:12:05', 0, 1, 0, 0),
(2, '103 HR 01', 1, 1, 5, 5, 44, 'S-PACE', 2, 1, NULL, 17, NULL, NULL, NULL, NULL, NULL, 'default.jpg', 7, '', '2017-10-24', 0, 0, 1, '2019-10-24 10:55:07', '2020-04-16 08:12:05', 0, 1, 0, 0),
(3, '3399 HS 01', 1, 1, 5, 5, 32, 'EXPLORER', 2, 1, NULL, 15, NULL, NULL, NULL, NULL, NULL, 'a394abda.png', 7, '', '2017-01-01', 0, 0, 1, '2019-10-24 11:15:03', '2020-04-16 08:12:05', 0, 1, 0, 0),
(4, '380 GK 01', 1, 1, 5, 5, 32, 'FOCUS', 2, 1, NULL, 9, NULL, NULL, NULL, NULL, NULL, 'default.jpg', 1, '', '', 0, 0, 1, '2019-10-28 10:29:46', '2020-04-16 08:12:05', 0, 1, 0, 0),
(5, '4487 GG 01', 1, 1, 5, 5, 10, '528.I', 2, 1, NULL, 11, NULL, NULL, NULL, NULL, NULL, 'default.jpg', 8, '', '', 0, 0, 1, '2019-10-28 10:56:55', '2020-04-16 08:12:06', 0, 1, 0, 0),
(6, '9635 GV 01', 1, 1, 5, 5, 100, 'LAND-CRUISER', 3, 1, NULL, 18, '', NULL, NULL, NULL, NULL, 'ab4a999c.png', 3, '', '', 0, 0, 1, '2019-10-28 11:01:55', '2020-04-16 08:12:06', 0, 1, 0, 0),
(7, '2411 FP 01', 1, 1, 5, 5, 114, 'OUTLANDER', 2, 1, NULL, 13, NULL, NULL, NULL, NULL, NULL, 'default.jpg', 1, '', '', 0, 0, 1, '2019-10-28 11:18:50', '2020-04-16 08:12:06', 0, 1, 0, 0),
(8, '4024 HK 01', 1, 1, 5, 5, 1, 'yaris 205', 1, 1, NULL, 1, '', NULL, NULL, NULL, NULL, 'default.jpg', 1, NULL, '', 0, 0, 1, '2020-01-28 18:21:01', '2020-04-16 08:12:06', 0, 1, 0, 0),
(9, '662 FP 01v', 4, 1, 35, 4, 5, 'yaris 2055', 2, 1, NULL, 15, '', NULL, NULL, NULL, NULL, 'default.jpg', 2, 'QZSLMBV58421V421N', '', 0, 0, 1, '2020-01-28 18:21:53', '2020-04-16 08:12:06', 0, 1, 10, 0),
(10, '662 FP 01', 4, 1, 35, 4, 8, 'yaris 205', 2, 1, NULL, 15, '', NULL, NULL, NULL, NULL, 'default.jpg', 2, '5484e4f8s4f87sd5c', '', 0, 0, 1, '2020-01-28 19:23:12', '2020-01-28 21:18:17', 0, 0, 155, 0),
(11, '4785 GT 01', 4, 1, 5, 5, 2, 'LAND CRUSER', 1, 2, NULL, 9, '2020-02-14', NULL, NULL, NULL, NULL, 'default.jpg', NULL, '5484e4f8s4f87sd5c', NULL, 0, 0, 1, '2020-02-13 22:43:11', '2020-04-16 08:12:06', 0, 1, 1458, 0);

-- --------------------------------------------------------

--
-- Structure de la table `zonelivraison`
--

CREATE TABLE `zonelivraison` (
  `id` int(11) NOT NULL,
  `name` varchar(200) NOT NULL,
  `created` datetime DEFAULT NULL,
  `modified` datetime DEFAULT NULL,
  `protected` int(11) NOT NULL DEFAULT '0',
  `valide` int(11) NOT NULL DEFAULT '1'
) ENGINE=InnoDB DEFAULT CHARSET=utf8;

--
-- Déchargement des données de la table `zonelivraison`
--

INSERT INTO `zonelivraison` (`id`, `name`, `created`, `modified`, `protected`, `valide`) VALUES
(4, 'District d\'Abidjan', '2020-04-12 23:48:56', '2020-04-12 23:48:56', 0, 1),
(5, 'Périphérique d\'Abidjan', '2020-04-12 23:49:22', '2020-04-12 23:49:22', 0, 1),
(6, 'Yaou / Bonoua', '2020-04-12 23:49:42', '2020-04-12 23:49:42', 0, 1);

--
-- Index pour les tables déchargées
--

--
-- Index pour la table `approvisionnement`
--
ALTER TABLE `approvisionnement`
  ADD PRIMARY KEY (`id`);

--
-- Index pour la table `carplan`
--
ALTER TABLE `carplan`
  ADD PRIMARY KEY (`id`);

--
-- Index pour la table `categorieoperation`
--
ALTER TABLE `categorieoperation`
  ADD PRIMARY KEY (`id`);

--
-- Index pour la table `chauffeur`
--
ALTER TABLE `chauffeur`
  ADD PRIMARY KEY (`id`);

--
-- Index pour la table `client`
--
ALTER TABLE `client`
  ADD PRIMARY KEY (`id`);

--
-- Index pour la table `code`
--
ALTER TABLE `code`
  ADD PRIMARY KEY (`id`);

--
-- Index pour la table `commande`
--
ALTER TABLE `commande`
  ADD PRIMARY KEY (`id`);

--
-- Index pour la table `connexion`
--
ALTER TABLE `connexion`
  ADD PRIMARY KEY (`id`);

--
-- Index pour la table `demandeentretien`
--
ALTER TABLE `demandeentretien`
  ADD PRIMARY KEY (`id`);

--
-- Index pour la table `employe`
--
ALTER TABLE `employe`
  ADD PRIMARY KEY (`id`);

--
-- Index pour la table `energie`
--
ALTER TABLE `energie`
  ADD PRIMARY KEY (`id`);

--
-- Index pour la table `entretienmachine`
--
ALTER TABLE `entretienmachine`
  ADD PRIMARY KEY (`id`);

--
-- Index pour la table `entretienvehicule`
--
ALTER TABLE `entretienvehicule`
  ADD PRIMARY KEY (`id`);

--
-- Index pour la table `etat`
--
ALTER TABLE `etat`
  ADD PRIMARY KEY (`id`);

--
-- Index pour la table `etatchauffeur`
--
ALTER TABLE `etatchauffeur`
  ADD PRIMARY KEY (`id`);

--
-- Index pour la table `etatmanoeuvre`
--
ALTER TABLE `etatmanoeuvre`
  ADD PRIMARY KEY (`id`);

--
-- Index pour la table `etatvehicule`
--
ALTER TABLE `etatvehicule`
  ADD PRIMARY KEY (`id`);

--
-- Index pour la table `exigenceproduction`
--
ALTER TABLE `exigenceproduction`
  ADD PRIMARY KEY (`id`);

--
-- Index pour la table `groupecommande`
--
ALTER TABLE `groupecommande`
  ADD PRIMARY KEY (`id`);

--
-- Index pour la table `groupemanoeuvre`
--
ALTER TABLE `groupemanoeuvre`
  ADD PRIMARY KEY (`id`);

--
-- Index pour la table `groupevehicule`
--
ALTER TABLE `groupevehicule`
  ADD PRIMARY KEY (`id`);

--
-- Index pour la table `history`
--
ALTER TABLE `history`
  ADD PRIMARY KEY (`id`);

--
-- Index pour la table `ligneapprovisionnement`
--
ALTER TABLE `ligneapprovisionnement`
  ADD PRIMARY KEY (`id`);

--
-- Index pour la table `lignecommande`
--
ALTER TABLE `lignecommande`
  ADD PRIMARY KEY (`id`);

--
-- Index pour la table `ligneconsommationjour`
--
ALTER TABLE `ligneconsommationjour`
  ADD PRIMARY KEY (`id`);

--
-- Index pour la table `ligneexigenceproduction`
--
ALTER TABLE `ligneexigenceproduction`
  ADD PRIMARY KEY (`id`);

--
-- Index pour la table `lignegroupecommande`
--
ALTER TABLE `lignegroupecommande`
  ADD PRIMARY KEY (`id`);

--
-- Index pour la table `lignelivraison`
--
ALTER TABLE `lignelivraison`
  ADD PRIMARY KEY (`id`);

--
-- Index pour la table `lignepayejour`
--
ALTER TABLE `lignepayejour`
  ADD PRIMARY KEY (`id`);

--
-- Index pour la table `ligneproductionjour`
--
ALTER TABLE `ligneproductionjour`
  ADD PRIMARY KEY (`id`);

--
-- Index pour la table `livraison`
--
ALTER TABLE `livraison`
  ADD PRIMARY KEY (`id`);

--
-- Index pour la table `machine`
--
ALTER TABLE `machine`
  ADD PRIMARY KEY (`id`);

--
-- Index pour la table `manoeuvre`
--
ALTER TABLE `manoeuvre`
  ADD PRIMARY KEY (`id`);

--
-- Index pour la table `marque`
--
ALTER TABLE `marque`
  ADD PRIMARY KEY (`id`);

--
-- Index pour la table `modepayement`
--
ALTER TABLE `modepayement`
  ADD PRIMARY KEY (`id`);

--
-- Index pour la table `mycompte`
--
ALTER TABLE `mycompte`
  ADD PRIMARY KEY (`id`);

--
-- Index pour la table `operation`
--
ALTER TABLE `operation`
  ADD PRIMARY KEY (`id`);

--
-- Index pour la table `panne`
--
ALTER TABLE `panne`
  ADD PRIMARY KEY (`id`);

--
-- Index pour la table `params`
--
ALTER TABLE `params`
  ADD PRIMARY KEY (`id`);

--
-- Index pour la table `paye_produit`
--
ALTER TABLE `paye_produit`
  ADD PRIMARY KEY (`id`);

--
-- Index pour la table `prestataire`
--
ALTER TABLE `prestataire`
  ADD PRIMARY KEY (`id`);

--
-- Index pour la table `prix_zonelivraison`
--
ALTER TABLE `prix_zonelivraison`
  ADD PRIMARY KEY (`id`);

--
-- Index pour la table `productionjour`
--
ALTER TABLE `productionjour`
  ADD PRIMARY KEY (`id`);

--
-- Index pour la table `produit`
--
ALTER TABLE `produit`
  ADD PRIMARY KEY (`id`);

--
-- Index pour la table `ressource`
--
ALTER TABLE `ressource`
  ADD PRIMARY KEY (`id`);

--
-- Index pour la table `role`
--
ALTER TABLE `role`
  ADD PRIMARY KEY (`id`);

--
-- Index pour la table `role_employe`
--
ALTER TABLE `role_employe`
  ADD PRIMARY KEY (`id`);

--
-- Index pour la table `sexe`
--
ALTER TABLE `sexe`
  ADD PRIMARY KEY (`id`);

--
-- Index pour la table `sinistre`
--
ALTER TABLE `sinistre`
  ADD PRIMARY KEY (`id`);

--
-- Index pour la table `suggestion`
--
ALTER TABLE `suggestion`
  ADD PRIMARY KEY (`id`);

--
-- Index pour la table `typeadministrateur`
--
ALTER TABLE `typeadministrateur`
  ADD PRIMARY KEY (`id`);

--
-- Index pour la table `typeclient`
--
ALTER TABLE `typeclient`
  ADD PRIMARY KEY (`id`);

--
-- Index pour la table `typeentretienvehicule`
--
ALTER TABLE `typeentretienvehicule`
  ADD PRIMARY KEY (`id`);

--
-- Index pour la table `typeoperationcaisse`
--
ALTER TABLE `typeoperationcaisse`
  ADD PRIMARY KEY (`id`);

--
-- Index pour la table `typeprestataire`
--
ALTER TABLE `typeprestataire`
  ADD PRIMARY KEY (`id`);

--
-- Index pour la table `typesinistre`
--
ALTER TABLE `typesinistre`
  ADD PRIMARY KEY (`id`);

--
-- Index pour la table `typesuggestion`
--
ALTER TABLE `typesuggestion`
  ADD PRIMARY KEY (`id`);

--
-- Index pour la table `typetransmission`
--
ALTER TABLE `typetransmission`
  ADD PRIMARY KEY (`id`);

--
-- Index pour la table `typevehicule`
--
ALTER TABLE `typevehicule`
  ADD PRIMARY KEY (`id`);

--
-- Index pour la table `vehicule`
--
ALTER TABLE `vehicule`
  ADD PRIMARY KEY (`id`);

--
-- Index pour la table `zonelivraison`
--
ALTER TABLE `zonelivraison`
  ADD PRIMARY KEY (`id`);

--
-- AUTO_INCREMENT pour les tables déchargées
--

--
-- AUTO_INCREMENT pour la table `approvisionnement`
--
ALTER TABLE `approvisionnement`
  MODIFY `id` int(11) NOT NULL AUTO_INCREMENT, AUTO_INCREMENT=3;

--
-- AUTO_INCREMENT pour la table `carplan`
--
ALTER TABLE `carplan`
  MODIFY `id` int(11) NOT NULL AUTO_INCREMENT, AUTO_INCREMENT=5;

--
-- AUTO_INCREMENT pour la table `categorieoperation`
--
ALTER TABLE `categorieoperation`
  MODIFY `id` int(11) NOT NULL AUTO_INCREMENT, AUTO_INCREMENT=5;

--
-- AUTO_INCREMENT pour la table `chauffeur`
--
ALTER TABLE `chauffeur`
  MODIFY `id` int(11) NOT NULL AUTO_INCREMENT, AUTO_INCREMENT=5;

--
-- AUTO_INCREMENT pour la table `client`
--
ALTER TABLE `client`
  MODIFY `id` int(11) NOT NULL AUTO_INCREMENT, AUTO_INCREMENT=5;

--
-- AUTO_INCREMENT pour la table `code`
--
ALTER TABLE `code`
  MODIFY `id` int(11) NOT NULL AUTO_INCREMENT, AUTO_INCREMENT=2;

--
-- AUTO_INCREMENT pour la table `commande`
--
ALTER TABLE `commande`
  MODIFY `id` int(11) NOT NULL AUTO_INCREMENT, AUTO_INCREMENT=8;

--
-- AUTO_INCREMENT pour la table `connexion`
--
ALTER TABLE `connexion`
  MODIFY `id` int(11) NOT NULL AUTO_INCREMENT, AUTO_INCREMENT=258;

--
-- AUTO_INCREMENT pour la table `demandeentretien`
--
ALTER TABLE `demandeentretien`
  MODIFY `id` int(11) NOT NULL AUTO_INCREMENT, AUTO_INCREMENT=6;

--
-- AUTO_INCREMENT pour la table `employe`
--
ALTER TABLE `employe`
  MODIFY `id` int(11) NOT NULL AUTO_INCREMENT, AUTO_INCREMENT=9;

--
-- AUTO_INCREMENT pour la table `energie`
--
ALTER TABLE `energie`
  MODIFY `id` int(11) NOT NULL AUTO_INCREMENT, AUTO_INCREMENT=7;

--
-- AUTO_INCREMENT pour la table `entretienmachine`
--
ALTER TABLE `entretienmachine`
  MODIFY `id` int(11) NOT NULL AUTO_INCREMENT, AUTO_INCREMENT=13;

--
-- AUTO_INCREMENT pour la table `entretienvehicule`
--
ALTER TABLE `entretienvehicule`
  MODIFY `id` int(11) NOT NULL AUTO_INCREMENT, AUTO_INCREMENT=13;

--
-- AUTO_INCREMENT pour la table `etat`
--
ALTER TABLE `etat`
  MODIFY `id` int(11) NOT NULL AUTO_INCREMENT, AUTO_INCREMENT=3;

--
-- AUTO_INCREMENT pour la table `etatchauffeur`
--
ALTER TABLE `etatchauffeur`
  MODIFY `id` int(11) NOT NULL AUTO_INCREMENT, AUTO_INCREMENT=2;

--
-- AUTO_INCREMENT pour la table `etatmanoeuvre`
--
ALTER TABLE `etatmanoeuvre`
  MODIFY `id` int(11) NOT NULL AUTO_INCREMENT, AUTO_INCREMENT=2;

--
-- AUTO_INCREMENT pour la table `etatvehicule`
--
ALTER TABLE `etatvehicule`
  MODIFY `id` int(11) NOT NULL AUTO_INCREMENT, AUTO_INCREMENT=6;

--
-- AUTO_INCREMENT pour la table `exigenceproduction`
--
ALTER TABLE `exigenceproduction`
  MODIFY `id` int(11) NOT NULL AUTO_INCREMENT, AUTO_INCREMENT=18;

--
-- AUTO_INCREMENT pour la table `groupecommande`
--
ALTER TABLE `groupecommande`
  MODIFY `id` int(11) NOT NULL AUTO_INCREMENT, AUTO_INCREMENT=7;

--
-- AUTO_INCREMENT pour la table `groupemanoeuvre`
--
ALTER TABLE `groupemanoeuvre`
  MODIFY `id` int(11) NOT NULL AUTO_INCREMENT, AUTO_INCREMENT=5;

--
-- AUTO_INCREMENT pour la table `groupevehicule`
--
ALTER TABLE `groupevehicule`
  MODIFY `id` int(11) NOT NULL AUTO_INCREMENT, AUTO_INCREMENT=9;

--
-- AUTO_INCREMENT pour la table `history`
--
ALTER TABLE `history`
  MODIFY `id` int(11) NOT NULL AUTO_INCREMENT, AUTO_INCREMENT=35678;

--
-- AUTO_INCREMENT pour la table `ligneapprovisionnement`
--
ALTER TABLE `ligneapprovisionnement`
  MODIFY `id` int(11) NOT NULL AUTO_INCREMENT, AUTO_INCREMENT=90;

--
-- AUTO_INCREMENT pour la table `lignecommande`
--
ALTER TABLE `lignecommande`
  MODIFY `id` int(11) NOT NULL AUTO_INCREMENT, AUTO_INCREMENT=22;

--
-- AUTO_INCREMENT pour la table `ligneconsommationjour`
--
ALTER TABLE `ligneconsommationjour`
  MODIFY `id` int(11) NOT NULL AUTO_INCREMENT, AUTO_INCREMENT=116;

--
-- AUTO_INCREMENT pour la table `ligneexigenceproduction`
--
ALTER TABLE `ligneexigenceproduction`
  MODIFY `id` int(11) NOT NULL AUTO_INCREMENT, AUTO_INCREMENT=96;

--
-- AUTO_INCREMENT pour la table `lignegroupecommande`
--
ALTER TABLE `lignegroupecommande`
  MODIFY `id` int(11) NOT NULL AUTO_INCREMENT, AUTO_INCREMENT=13;

--
-- AUTO_INCREMENT pour la table `lignelivraison`
--
ALTER TABLE `lignelivraison`
  MODIFY `id` int(11) NOT NULL AUTO_INCREMENT, AUTO_INCREMENT=32;

--
-- AUTO_INCREMENT pour la table `lignepayejour`
--
ALTER TABLE `lignepayejour`
  MODIFY `id` int(11) NOT NULL AUTO_INCREMENT, AUTO_INCREMENT=116;

--
-- AUTO_INCREMENT pour la table `ligneproductionjour`
--
ALTER TABLE `ligneproductionjour`
  MODIFY `id` int(11) NOT NULL AUTO_INCREMENT, AUTO_INCREMENT=116;

--
-- AUTO_INCREMENT pour la table `livraison`
--
ALTER TABLE `livraison`
  MODIFY `id` int(11) NOT NULL AUTO_INCREMENT, AUTO_INCREMENT=11;

--
-- AUTO_INCREMENT pour la table `machine`
--
ALTER TABLE `machine`
  MODIFY `id` int(11) NOT NULL AUTO_INCREMENT, AUTO_INCREMENT=12;

--
-- AUTO_INCREMENT pour la table `manoeuvre`
--
ALTER TABLE `manoeuvre`
  MODIFY `id` int(11) NOT NULL AUTO_INCREMENT, AUTO_INCREMENT=5;

--
-- AUTO_INCREMENT pour la table `marque`
--
ALTER TABLE `marque`
  MODIFY `id` int(11) NOT NULL AUTO_INCREMENT, AUTO_INCREMENT=115;

--
-- AUTO_INCREMENT pour la table `modepayement`
--
ALTER TABLE `modepayement`
  MODIFY `id` int(11) NOT NULL AUTO_INCREMENT, AUTO_INCREMENT=6;

--
-- AUTO_INCREMENT pour la table `mycompte`
--
ALTER TABLE `mycompte`
  MODIFY `id` int(11) NOT NULL AUTO_INCREMENT, AUTO_INCREMENT=2;

--
-- AUTO_INCREMENT pour la table `operation`
--
ALTER TABLE `operation`
  MODIFY `id` int(11) NOT NULL AUTO_INCREMENT, AUTO_INCREMENT=16;

--
-- AUTO_INCREMENT pour la table `panne`
--
ALTER TABLE `panne`
  MODIFY `id` int(11) NOT NULL AUTO_INCREMENT, AUTO_INCREMENT=6;

--
-- AUTO_INCREMENT pour la table `params`
--
ALTER TABLE `params`
  MODIFY `id` int(11) NOT NULL AUTO_INCREMENT, AUTO_INCREMENT=2;

--
-- AUTO_INCREMENT pour la table `paye_produit`
--
ALTER TABLE `paye_produit`
  MODIFY `id` int(11) NOT NULL AUTO_INCREMENT, AUTO_INCREMENT=14;

--
-- AUTO_INCREMENT pour la table `prestataire`
--
ALTER TABLE `prestataire`
  MODIFY `id` int(11) NOT NULL AUTO_INCREMENT, AUTO_INCREMENT=4;

--
-- AUTO_INCREMENT pour la table `prix_zonelivraison`
--
ALTER TABLE `prix_zonelivraison`
  MODIFY `id` int(11) NOT NULL AUTO_INCREMENT, AUTO_INCREMENT=14;

--
-- AUTO_INCREMENT pour la table `productionjour`
--
ALTER TABLE `productionjour`
  MODIFY `id` int(11) NOT NULL AUTO_INCREMENT, AUTO_INCREMENT=23;

--
-- AUTO_INCREMENT pour la table `produit`
--
ALTER TABLE `produit`
  MODIFY `id` int(11) NOT NULL AUTO_INCREMENT, AUTO_INCREMENT=5;

--
-- AUTO_INCREMENT pour la table `ressource`
--
ALTER TABLE `ressource`
  MODIFY `id` int(11) NOT NULL AUTO_INCREMENT, AUTO_INCREMENT=5;

--
-- AUTO_INCREMENT pour la table `role`
--
ALTER TABLE `role`
  MODIFY `id` int(11) NOT NULL AUTO_INCREMENT, AUTO_INCREMENT=10;

--
-- AUTO_INCREMENT pour la table `role_employe`
--
ALTER TABLE `role_employe`
  MODIFY `id` int(11) NOT NULL AUTO_INCREMENT, AUTO_INCREMENT=14;

--
-- AUTO_INCREMENT pour la table `sexe`
--
ALTER TABLE `sexe`
  MODIFY `id` int(11) NOT NULL AUTO_INCREMENT, AUTO_INCREMENT=4;

--
-- AUTO_INCREMENT pour la table `sinistre`
--
ALTER TABLE `sinistre`
  MODIFY `id` int(11) NOT NULL AUTO_INCREMENT, AUTO_INCREMENT=6;

--
-- AUTO_INCREMENT pour la table `suggestion`
--
ALTER TABLE `suggestion`
  MODIFY `id` int(11) NOT NULL AUTO_INCREMENT, AUTO_INCREMENT=5;

--
-- AUTO_INCREMENT pour la table `typeadministrateur`
--
ALTER TABLE `typeadministrateur`
  MODIFY `id` int(11) NOT NULL AUTO_INCREMENT, AUTO_INCREMENT=5;

--
-- AUTO_INCREMENT pour la table `typeclient`
--
ALTER TABLE `typeclient`
  MODIFY `id` int(11) NOT NULL AUTO_INCREMENT, AUTO_INCREMENT=6;

--
-- AUTO_INCREMENT pour la table `typeentretienvehicule`
--
ALTER TABLE `typeentretienvehicule`
  MODIFY `id` int(11) NOT NULL AUTO_INCREMENT, AUTO_INCREMENT=9;

--
-- AUTO_INCREMENT pour la table `typeoperationcaisse`
--
ALTER TABLE `typeoperationcaisse`
  MODIFY `id` int(11) NOT NULL AUTO_INCREMENT, AUTO_INCREMENT=3;

--
-- AUTO_INCREMENT pour la table `typeprestataire`
--
ALTER TABLE `typeprestataire`
  MODIFY `id` int(11) NOT NULL AUTO_INCREMENT, AUTO_INCREMENT=3;

--
-- AUTO_INCREMENT pour la table `typesinistre`
--
ALTER TABLE `typesinistre`
  MODIFY `id` int(11) NOT NULL AUTO_INCREMENT, AUTO_INCREMENT=6;

--
-- AUTO_INCREMENT pour la table `typesuggestion`
--
ALTER TABLE `typesuggestion`
  MODIFY `id` int(11) NOT NULL AUTO_INCREMENT, AUTO_INCREMENT=3;

--
-- AUTO_INCREMENT pour la table `typetransmission`
--
ALTER TABLE `typetransmission`
  MODIFY `id` int(11) NOT NULL AUTO_INCREMENT, AUTO_INCREMENT=3;

--
-- AUTO_INCREMENT pour la table `typevehicule`
--
ALTER TABLE `typevehicule`
  MODIFY `id` int(11) NOT NULL AUTO_INCREMENT, AUTO_INCREMENT=6;

--
-- AUTO_INCREMENT pour la table `vehicule`
--
ALTER TABLE `vehicule`
  MODIFY `id` int(11) NOT NULL AUTO_INCREMENT, AUTO_INCREMENT=12;

--
-- AUTO_INCREMENT pour la table `zonelivraison`
--
ALTER TABLE `zonelivraison`
  MODIFY `id` int(11) NOT NULL AUTO_INCREMENT, AUTO_INCREMENT=7;
COMMIT;

/*!40101 SET CHARACTER_SET_CLIENT=@OLD_CHARACTER_SET_CLIENT */;
/*!40101 SET CHARACTER_SET_RESULTS=@OLD_CHARACTER_SET_RESULTS */;
/*!40101 SET COLLATION_CONNECTION=@OLD_COLLATION_CONNECTION */;
