-- phpMyAdmin SQL Dump
-- version 5.0.2
-- https://www.phpmyadmin.net/
--
-- Hôte : localhost:3306
-- Généré le : jeu. 28 mai 2020 à 11:05
-- Version du serveur :  10.2.6-MariaDB-log
-- Version de PHP : 7.2.19

SET SQL_MODE = "NO_AUTO_VALUE_ON_ZERO";
START TRANSACTION;
SET time_zone = "+00:00";


/*!40101 SET @OLD_CHARACTER_SET_CLIENT=@@CHARACTER_SET_CLIENT */;
/*!40101 SET @OLD_CHARACTER_SET_RESULTS=@@CHARACTER_SET_RESULTS */;
/*!40101 SET @OLD_COLLATION_CONNECTION=@@COLLATION_CONNECTION */;
/*!40101 SET NAMES utf8mb4 */;

--
-- Base de données : `bidy`
--

-- --------------------------------------------------------

--
-- Structure de la table `approvisionnement`
--

CREATE TABLE `approvisionnement` (
  `id` int(11) NOT NULL,
  `reference` varchar(20) COLLATE utf8_bin NOT NULL,
  `montant` int(11) NOT NULL,
  `avance` int(11) NOT NULL,
  `reste` int(11) NOT NULL,
  `fournisseur_id` int(11) NOT NULL,
  `operation_id` int(11) DEFAULT NULL,
  `datelivraison` datetime DEFAULT NULL,
  `etat_id` int(11) NOT NULL,
  `employe_id` int(11) NOT NULL,
  `comment` text COLLATE utf8_bin DEFAULT NULL,
  `employe_id_reception` int(11) DEFAULT NULL,
  `visibility` int(11) NOT NULL,
  `created` datetime DEFAULT NULL,
  `modified` datetime DEFAULT NULL,
  `protected` int(11) NOT NULL DEFAULT 0,
  `valide` int(11) NOT NULL DEFAULT 1
) ENGINE=InnoDB DEFAULT CHARSET=utf8 COLLATE=utf8_bin;

--
-- Déchargement des données de la table `approvisionnement`
--

INSERT INTO `approvisionnement` (`id`, `reference`, `montant`, `avance`, `reste`, `fournisseur_id`, `operation_id`, `datelivraison`, `etat_id`, `employe_id`, `comment`, `employe_id_reception`, `visibility`, `created`, `modified`, `protected`, `valide`) VALUES
(1, 'INITIAL', 0, 0, 0, 1, 0, NULL, 4, 0, 'approvisionnemnt initial, système !', NULL, 0, '2020-05-06 00:00:00', '2020-05-06 08:14:30', 1, 1),
(2, 'APP/08052020-C9B2C5', 30000, 30000, 0, 3, 28, '2020-05-08 15:07:46', 4, 3, '', 3, 1, '2020-05-08 11:03:55', '2020-05-08 11:03:55', 0, 1),
(3, 'APP/08052020-3CDC39', 31000, 31000, 0, 4, 29, '2020-05-08 15:29:39', 4, 3, NULL, NULL, 1, '2020-05-08 11:34:37', '2020-05-08 11:34:37', 0, 1),
(5, 'APP/09052020-EA40B2', 407092, 0, 0, 2, 0, '2020-05-09 14:31:00', 4, 3, NULL, NULL, 1, '2020-05-09 14:31:00', '2020-05-09 14:31:00', 0, 1),
(6, 'APP/09052020-050272', 31000, 31000, 0, 4, 43, '2020-05-09 16:59:53', 4, 3, '', 3, 1, '2020-05-09 14:38:08', '2020-05-09 14:38:08', 0, 1),
(9, 'APP/14052020-B21885', 384356, 0, 0, 2, 0, '2020-05-14 13:44:01', 4, 3, NULL, NULL, 1, '2020-05-14 13:44:01', '2020-05-14 13:44:01', 0, 1),
(10, 'APP/14052020-B7D0A3', 415520, 0, 0, 2, 0, '2020-05-14 13:45:33', 4, 3, NULL, NULL, 1, '2020-05-14 13:45:33', '2020-05-14 13:45:33', 0, 1),
(11, 'APP/14052020-BBD61E', 377300, 0, 0, 2, 0, '2020-05-14 13:46:37', 4, 3, NULL, NULL, 1, '2020-05-14 13:46:37', '2020-05-14 13:46:37', 0, 1),
(12, 'APP/14052020-4F8EF0', 388080, 0, 0, 2, 0, '2020-05-14 14:26:00', 4, 3, NULL, NULL, 1, '2020-05-14 14:26:00', '2020-05-14 14:26:00', 0, 1);

-- --------------------------------------------------------

--
-- Structure de la table `carplan`
--

CREATE TABLE `carplan` (
  `id` int(11) NOT NULL,
  `matricule` varchar(20) COLLATE utf8_bin DEFAULT NULL,
  `name` varchar(50) COLLATE utf8_bin NOT NULL,
  `lastname` varchar(150) COLLATE utf8_bin DEFAULT NULL,
  `sexe_id` int(2) DEFAULT NULL,
  `adresse` varchar(150) COLLATE utf8_bin DEFAULT NULL,
  `email` varchar(255) COLLATE utf8_bin DEFAULT NULL,
  `contact` varchar(200) COLLATE utf8_bin DEFAULT NULL,
  `fonction` varchar(100) COLLATE utf8_bin DEFAULT NULL,
  `login` varchar(50) COLLATE utf8_bin DEFAULT NULL,
  `password` text COLLATE utf8_bin DEFAULT NULL,
  `is_new` int(11) NOT NULL DEFAULT 0,
  `image` varchar(50) COLLATE utf8_bin DEFAULT NULL,
  `created` datetime DEFAULT NULL,
  `modified` datetime DEFAULT NULL,
  `allowed` int(11) NOT NULL DEFAULT 1,
  `protected` int(11) NOT NULL DEFAULT 0,
  `valide` int(11) NOT NULL DEFAULT 1,
  `visibility` int(11) NOT NULL DEFAULT 0
) ENGINE=InnoDB DEFAULT CHARSET=utf8 COLLATE=utf8_bin;

-- --------------------------------------------------------

--
-- Structure de la table `categorieoperation`
--

CREATE TABLE `categorieoperation` (
  `id` int(11) NOT NULL,
  `typeoperationcaisse_id` int(11) NOT NULL,
  `name` varchar(200) COLLATE utf8_bin NOT NULL,
  `color` varchar(10) COLLATE utf8_bin DEFAULT NULL,
  `created` datetime DEFAULT NULL,
  `modified` datetime DEFAULT NULL,
  `protected` int(11) NOT NULL DEFAULT 0,
  `valide` int(11) NOT NULL DEFAULT 1
) ENGINE=InnoDB DEFAULT CHARSET=utf8 COLLATE=utf8_bin;

--
-- Déchargement des données de la table `categorieoperation`
--

INSERT INTO `categorieoperation` (`id`, `typeoperationcaisse_id`, `name`, `color`, `created`, `modified`, `protected`, `valide`) VALUES
(1, 1, 'Réglement de commande', '#ffffff', '2020-05-06 08:14:30', '2020-05-06 08:14:30', 1, 1),
(2, 1, 'Remboursement par le fournisseur', '#ffffff', '2020-05-06 08:14:30', '2020-05-06 08:14:30', 1, 1),
(3, 1, 'Location d\'engins pour livraison', '#ffffff', '2020-05-06 08:14:30', '2020-05-06 08:14:30', 1, 1),
(4, 1, 'Autre entrée en caisse', '#ffffff', '2020-05-06 08:14:30', '2020-05-06 08:14:30', 1, 1),
(5, 2, 'Réglement de facture d\'approvisionnemnt', '#ffffff', '2020-05-06 08:14:30', '2020-05-06 08:14:30', 1, 1),
(6, 2, 'Payement de salaire du personnel', '#ffffff', '2020-05-06 08:14:30', '2020-05-06 08:14:30', 1, 1),
(7, 2, 'Réglement de facture de reparation / d\'entretien', '#ffffff', '2020-05-06 08:14:30', '2020-05-06 08:14:30', 1, 1),
(8, 2, 'Remboursement du client', '#ffffff', '2020-05-06 08:14:30', '2020-05-06 08:14:30', 1, 1),
(9, 2, 'Location de tricycle pour livraison', '#ffffff', '2020-05-06 08:14:30', '2020-05-06 08:14:30', 1, 1),
(10, 2, 'Autre dépense', '#ffffff', '2020-05-06 08:14:30', '2020-05-06 08:14:30', 1, 1),
(11, 1, 'Apport du DG', '#ffffff', '2020-05-06 22:27:09', '2020-05-06 22:27:09', 0, 1),
(12, 2, 'Achat de carburant', '#ffffff', '2020-05-06 22:27:33', '2020-05-06 22:27:33', 0, 1),
(13, 2, 'Amende, papillon, péage, pésage', '#ffffff', '2020-05-06 22:29:46', '2020-05-06 22:29:46', 0, 1),
(14, 2, 'Payement des Impôts', '#ffffff', '2020-05-06 22:30:49', '2020-05-06 22:30:49', 0, 1),
(15, 2, 'Payement de transport', '#ffffff', '2020-05-06 22:31:10', '2020-05-06 22:31:10', 0, 1),
(16, 2, 'Achat de pièces mécaniques', '#ffffff', '2020-05-06 22:31:39', '2020-05-06 22:31:39', 0, 1),
(17, 2, 'Versement chez DLEG', '#ffffff', '2020-05-06 22:35:53', '2020-05-06 22:35:53', 0, 1),
(18, 2, 'Payement de Facture', '#ffffff', '2020-05-07 12:03:10', '2020-05-07 12:03:10', 0, 1),
(19, 1, 'Livraison de Sable', '#ffffff', '2020-05-07 14:05:09', '2020-05-07 14:05:09', 0, 1),
(20, 2, 'Achat de sable ', '#ffffff', '2020-05-08 10:36:48', '2020-05-08 10:36:48', 0, 1),
(21, 2, 'Versement sur le compte à la banque', '#ffffff', '2020-05-13 16:43:44', '2020-05-13 16:43:44', 0, 1);

-- --------------------------------------------------------

--
-- Structure de la table `chauffeur`
--

CREATE TABLE `chauffeur` (
  `id` int(11) NOT NULL,
  `name` varchar(50) COLLATE utf8_bin NOT NULL,
  `lastname` varchar(150) COLLATE utf8_bin DEFAULT NULL,
  `matricule` varchar(50) COLLATE utf8_bin DEFAULT NULL,
  `sexe_id` int(2) NOT NULL,
  `nationalite` varchar(200) COLLATE utf8_bin DEFAULT NULL,
  `adresse` varchar(150) COLLATE utf8_bin DEFAULT NULL,
  `typepermis` varchar(50) COLLATE utf8_bin DEFAULT NULL,
  `numero_permis` varchar(200) COLLATE utf8_bin DEFAULT NULL,
  `date_fin_permis` date DEFAULT NULL,
  `email` varchar(255) COLLATE utf8_bin DEFAULT NULL,
  `contact` varchar(200) COLLATE utf8_bin DEFAULT NULL,
  `salaire` int(11) NOT NULL,
  `etatchauffeur_id` int(11) NOT NULL,
  `image` varchar(50) COLLATE utf8_bin DEFAULT NULL,
  `visibility` int(11) NOT NULL,
  `created` datetime DEFAULT NULL,
  `modified` datetime DEFAULT NULL,
  `protected` int(11) NOT NULL DEFAULT 0,
  `valide` int(11) NOT NULL DEFAULT 1
) ENGINE=InnoDB DEFAULT CHARSET=utf8 COLLATE=utf8_bin;

--
-- Déchargement des données de la table `chauffeur`
--

INSERT INTO `chauffeur` (`id`, `name`, `lastname`, `matricule`, `sexe_id`, `nationalite`, `adresse`, `typepermis`, `numero_permis`, `date_fin_permis`, `email`, `contact`, `salaire`, `etatchauffeur_id`, `image`, `visibility`, `created`, `modified`, `protected`, `valide`) VALUES
(1, 'kone', 'soulemane', NULL, 1, NULL, 'yaou', 'BCDE', NULL, NULL, NULL, '07098311/45893731', 100000, 1, 'default.png', 1, '2020-05-07 11:21:04', '2020-05-07 11:21:04', 0, 1),
(2, 'kone', 'adama', NULL, 1, NULL, 'port bouet', 'BCDE', NULL, NULL, NULL, '07884789', 100000, 1, 'default.png', 1, '2020-05-07 11:37:10', '2020-05-07 11:37:10', 0, 1),
(3, 'kone', 'adama', NULL, 1, NULL, 'grand bassam', 'BCDE', NULL, NULL, NULL, '07015126', 100000, 1, 'default.png', 1, '2020-05-07 11:39:22', '2020-05-07 11:39:22', 0, 1),
(4, 'ouedrawogo', 'aboulay', NULL, 1, NULL, 'bonoua', 'BCDE', NULL, NULL, NULL, '01743920', 100000, 1, 'default.png', 1, '2020-05-07 11:43:26', '2020-05-07 11:43:26', 0, 1),
(5, 'fofana', 'oumar', NULL, 1, NULL, 'grand bassam', 'BCDE', NULL, NULL, NULL, '69116580', 150000, 1, 'default.png', 1, '2020-05-07 11:47:47', '2020-05-07 11:47:47', 0, 1);

-- --------------------------------------------------------

--
-- Structure de la table `client`
--

CREATE TABLE `client` (
  `id` int(11) NOT NULL,
  `name` varchar(50) COLLATE utf8_bin NOT NULL,
  `typeclient_id` int(2) NOT NULL,
  `acompte` int(11) DEFAULT NULL,
  `dette` int(11) NOT NULL,
  `adresse` varchar(150) COLLATE utf8_bin DEFAULT NULL,
  `email` varchar(255) COLLATE utf8_bin DEFAULT NULL,
  `contact` varchar(200) COLLATE utf8_bin DEFAULT NULL,
  `visibility` int(11) NOT NULL,
  `created` datetime DEFAULT NULL,
  `modified` datetime DEFAULT NULL,
  `protected` int(11) NOT NULL DEFAULT 0,
  `valide` int(11) NOT NULL DEFAULT 1
) ENGINE=InnoDB DEFAULT CHARSET=utf8 COLLATE=utf8_bin;

--
-- Déchargement des données de la table `client`
--

INSERT INTO `client` (`id`, `name`, `typeclient_id`, `acompte`, `dette`, `adresse`, `email`, `contact`, `visibility`, `created`, `modified`, `protected`, `valide`) VALUES
(1, 'DL Excelle Group', 1, 0, 0, '...', 'info@devaris21.com', '...', 0, '2020-05-06 08:14:30', '2020-05-06 08:14:30', 1, 1),
(5, 'Mr Diabi', 2, 0, 0, 'yaou', '', '89989870', 1, '2020-05-07 12:21:20', '2020-05-07 12:21:20', 0, 1),
(6, 'me ouattara', 2, 0, 0, '', '', '07660992', 1, '2020-05-07 12:25:03', '2020-05-07 12:25:03', 0, 1),
(7, 'Mr SOTTI', 1, 0, 0, '', '', '', 1, '2020-05-07 12:29:00', '2020-05-07 12:29:00', 0, 1),
(8, 'Mr Kouamé', 2, 0, 0, '', '', '', 1, '2020-05-07 12:54:24', '2020-05-07 12:54:24', 0, 1),
(9, 'MR KRAIDY', 2, 0, 0, 'BONOUA', '', '', 1, '2020-05-07 12:58:27', '2020-05-07 12:58:27', 0, 1),
(10, 'Mme EDEE', 2, 0, 0, 'bonoua', '', '40900707', 1, '2020-05-07 13:01:09', '2020-05-07 13:01:09', 0, 1),
(11, 'MR NOGBOU', 2, 0, 0, 'BONOUA', '', '', 1, '2020-05-07 13:07:34', '2020-05-07 13:07:34', 0, 1),
(12, 'Mr Maboui', 1, 0, 0, '', '', '', 1, '2020-05-07 13:09:15', '2020-05-07 13:09:15', 0, 1),
(13, 'Mr Kouassi', 2, 0, 0, '8 Kilos', '', '', 1, '2020-05-07 13:11:13', '2020-05-07 13:11:13', 0, 1),
(14, 'Mr Yao Bi', 1, 0, 0, '', '', '', 1, '2020-05-07 13:13:46', '2020-05-07 13:13:46', 0, 1),
(15, 'Mr Porké', 1, 0, 0, '', '', '', 1, '2020-05-07 13:17:07', '2020-05-07 13:17:07', 0, 1),
(16, 'Mme Elisabeth', 1, 0, 0, '', '', '', 1, '2020-05-07 13:21:06', '2020-05-07 13:21:06', 0, 1),
(17, 'couple kanbou', 2, 0, 80, 'BONOUA', '', '', 1, '2020-05-07 13:21:09', '2020-05-07 13:21:09', 0, 1),
(18, 'Mr N\'doua', 1, 0, 0, '', '', '', 1, '2020-05-07 13:22:54', '2020-05-07 13:22:54', 0, 1),
(19, 'Mr Gossan', 1, 0, 0, '', '', '', 1, '2020-05-07 13:27:09', '2020-05-07 13:27:09', 0, 1),
(20, 'mr attian', 2, 0, 0, 'assinie', '', '', 1, '2020-05-07 13:27:42', '2020-05-07 13:27:42', 0, 1),
(21, 'Mr Apkele N\'Cho', 1, 0, 0, '', '', '', 1, '2020-05-07 13:28:43', '2020-05-07 13:28:43', 0, 1),
(22, 'Mr Koffi Aristide', 1, 0, 0, '', '', '', 1, '2020-05-07 13:33:57', '2020-05-07 13:33:57', 0, 1),
(23, 'Mr Kouassi', 1, 0, 0, 'yaou', '', '', 1, '2020-05-07 13:35:45', '2020-05-07 13:35:45', 0, 1),
(25, 'MR KAMAGATE', 1, 60000, 0, '', '', '', 1, '2020-05-08 09:16:51', '2020-05-08 09:16:51', 0, 1),
(26, 'MR KOMOE BAKARY', 1, 700000, 0, 'BASSAM', '', '', 1, '2020-05-08 09:18:12', '2020-05-08 09:18:12', 0, 1),
(27, 'MR TIEMTORE', 2, 213500, 0, 'BASSAM', '', '', 1, '2020-05-08 09:22:11', '2020-05-08 09:22:11', 0, 1),
(28, 'MR MINA', 2, 1221700, 0, 'YAOU', '', '', 1, '2020-05-08 09:27:20', '2020-05-08 09:27:20', 0, 1),
(29, 'MR AHOUA', 2, 0, 180, 'BONOUA', '', '07564844', 1, '2020-05-08 12:28:40', '2020-05-08 12:28:40', 0, 1),
(30, 'Mme CAMENENN', 2, 0, 0, 'Yaou', '', '42444334', 1, '2020-05-09 09:43:55', '2020-05-09 09:43:55', 0, 1),
(31, 'Mr Martin', 2, 0, 0, 'yaou', '', '07816124', 1, '2020-05-11 14:33:44', '2020-05-11 14:33:44', 0, 1),
(32, 'Mme MOUNA', 2, 0, 0, 'yaou', '', '', 1, '2020-05-13 13:23:27', '2020-05-13 13:23:27', 0, 1),
(33, 'mr AMAGLO', 2, 0, 0, 'GONZAQUE TERRE ROUGE', '', '47171795', 1, '2020-05-15 07:57:49', '2020-05-15 07:57:49', 0, 1);

-- --------------------------------------------------------

--
-- Structure de la table `commande`
--

CREATE TABLE `commande` (
  `id` int(11) NOT NULL,
  `reference` varchar(20) COLLATE utf8_bin NOT NULL,
  `groupecommande_id` int(20) NOT NULL,
  `zonelivraison_id` int(11) NOT NULL,
  `lieu` varchar(200) COLLATE utf8_bin NOT NULL,
  `taux_tva` int(11) DEFAULT NULL,
  `tva` int(11) NOT NULL,
  `montant` int(11) NOT NULL,
  `avance` int(11) NOT NULL,
  `reste` int(11) NOT NULL,
  `operation_id` int(11) DEFAULT NULL,
  `datelivraison` date NOT NULL,
  `employe_id` int(11) NOT NULL,
  `etat_id` int(11) NOT NULL,
  `comment` text COLLATE utf8_bin DEFAULT NULL,
  `acompteClient` int(11) NOT NULL,
  `detteClient` int(11) NOT NULL,
  `created` datetime DEFAULT NULL,
  `modified` datetime DEFAULT NULL,
  `protected` int(11) NOT NULL DEFAULT 0,
  `valide` int(11) NOT NULL DEFAULT 1
) ENGINE=InnoDB DEFAULT CHARSET=utf8 COLLATE=utf8_bin;

--
-- Déchargement des données de la table `commande`
--

INSERT INTO `commande` (`id`, `reference`, `groupecommande_id`, `zonelivraison_id`, `lieu`, `taux_tva`, `tva`, `montant`, `avance`, `reste`, `operation_id`, `datelivraison`, `employe_id`, `etat_id`, `comment`, `acompteClient`, `detteClient`, `created`, `modified`, `protected`, `valide`) VALUES
(1, 'BCO/07052020-E76B29', 1, 9, 'yaou', 0, 0, 0, 0, 0, 0, '2020-05-07', 3, 4, '', 0, 0, '2020-05-07 12:26:30', '2020-05-07 12:26:30', 0, 1),
(2, 'BCO/07052020-4C4E4F', 2, 3, 'Assinie', 0, 0, 0, 0, 0, 0, '2020-06-09', 3, 4, '', 0, 0, '2020-05-07 12:53:24', '2020-05-07 12:53:24', 0, 1),
(3, 'BCO/07052020-5F0482', 4, 9, 'yaou', 0, 0, 0, 0, 0, 0, '2020-05-09', 3, 4, '', 0, 0, '2020-05-07 12:58:24', '2020-05-07 12:58:24', 0, 1),
(4, 'BCO/07052020-782417', 5, 6, 'bonoua', 0, 0, 0, 0, 0, 0, '2020-05-20', 2, 4, '', 0, 0, '2020-05-07 13:05:06', '2020-05-07 13:05:06', 0, 1),
(5, 'BCO/07052020-857A9A', 6, 6, 'bonoua', 0, 0, 0, 0, 0, 0, '2020-05-11', 3, 4, '', 0, 0, '2020-05-07 13:08:39', '2020-05-07 13:08:39', 0, 1),
(6, 'BCO/07052020-8C82CD', 7, 9, 'yaou', 0, 0, 0, 0, 0, 0, '2020-09-09', 3, 4, '', 0, 0, '2020-05-07 13:10:32', '2020-05-07 13:10:32', 0, 1),
(7, 'BCO/07052020-8F0E3A', 8, 6, 'BONOUA', 0, 0, 0, 0, 0, 0, '2020-07-20', 2, 4, '', 0, 0, '2020-05-07 13:11:12', '2020-05-07 13:11:12', 0, 1),
(8, 'BCO/07052020-9662B8', 9, 24, '8 Kilos', 0, 0, 0, 0, 0, 0, '2020-05-09', 3, 4, '', 0, 0, '2020-05-07 13:13:10', '2020-05-07 13:13:10', 0, 1),
(9, 'BCO/07052020-A32215', 11, 6, 'bonoua', 0, 0, 0, 0, 0, 0, '2020-08-09', 3, 4, '', 0, 0, '2020-05-07 13:16:34', '2020-05-07 13:16:34', 0, 1),
(10, 'BCO/07052020-B1B8EF', 12, 12, 'grand bassam', 0, 0, 0, 0, 0, 0, '2020-05-14', 3, 4, '', 0, 0, '2020-05-07 13:20:27', '2020-05-07 13:20:27', 0, 1),
(11, 'BCO/07052020-B959EE', 13, 9, 'yaou', 0, 0, 0, 0, 0, 0, '2020-06-09', 3, 4, '', 0, 0, '2020-05-07 13:22:29', '2020-05-07 13:22:29', 0, 1),
(12, 'BCO/07052020-C17580', 16, 6, 'bonoua', 0, 0, 0, 0, 0, 0, '2020-05-20', 2, 4, '', 0, 0, '2020-05-07 13:24:39', '2020-05-07 13:24:39', 0, 1),
(13, 'BCO/07052020-C36083', 17, 24, '8 kilos', 0, 0, 0, 0, 0, 0, '2020-05-14', 3, 4, '', 0, 0, '2020-05-07 13:25:10', '2020-05-07 13:25:10', 0, 1),
(14, 'BCO/07052020-CDA5FA', 18, 9, 'yaou', 0, 0, 0, 0, 0, 0, '2020-05-14', 1, 4, '', 0, 0, '2020-05-07 13:27:54', '2020-05-07 13:27:54', 0, 1),
(15, 'BCO/07052020-E0C789', 19, 9, 'yaou', 0, 0, 0, 0, 0, 0, '2020-07-09', 1, 4, '', 0, 0, '2020-05-07 13:33:00', '2020-05-07 13:33:00', 0, 1),
(16, 'BCO/07052020-E8583F', 20, 9, 'yaou', 0, 0, 0, 0, 0, 0, '2020-05-11', 1, 4, '', 0, 0, '2020-05-07 13:35:01', '2020-05-07 13:35:01', 0, 1),
(17, 'BCO/07052020-EF2CB2', 21, 3, 'assinie', 0, 0, 0, 0, 0, 0, '2020-05-09', 2, 4, '', 0, 0, '2020-05-07 13:36:50', '2020-05-07 13:36:50', 0, 1),
(18, 'BCO/07052020-EF7A63', 22, 9, 'yaou', 0, 0, 0, 0, 0, 0, '2020-05-14', 1, 4, '', 0, 0, '2020-05-07 13:36:55', '2020-05-07 13:36:55', 0, 1),
(19, 'BCO/07052020-00F8EB', 21, 3, 'assinie', 0, 0, 0, 0, 0, 0, '2020-05-09', 2, 4, '', 0, 0, '2020-05-07 13:41:35', '2020-05-07 13:41:35', 0, 1),
(20, 'BCO/07052020-B52D26', 6, 8, 'BONOUA', 0, 0, 199875, 1, 199874, 8, '2020-05-09', 2, 4, 'MERCIE POUR VOTRE FIDELITE', 0, 199874, '2020-05-07 16:46:10', '2020-05-07 16:46:10', 0, 1),
(21, 'BCO/08052020-863B22', 23, 10, 'yaou', 0, 0, 217000, 217000, 0, 0, '2020-05-10', 3, 4, 'commande effectue par andji', 1221700, 0, '2020-05-08 09:37:39', '2020-05-08 09:37:39', 0, 1),
(22, 'BCO/08052020-201653', 24, 10, 'YAOU A BIDY', 0, 0, 2680, 2500, 180, 32, '2020-05-10', 3, 4, 'LIVRAISON EFFECTUE PAR LE CILENT DONC LE PRIX LUI EST REVENU A 400 ET 300 DONC NET PAYE 2500FR', 0, 180, '2020-05-08 12:35:13', '2020-05-08 12:35:13', 0, 1),
(23, 'BCO/08052020-7865FE', 25, 27, 'YAOU', 0, 0, 380000, 380000, 0, 33, '2020-05-12', 3, 4, '', 0, 0, '2020-05-08 12:58:46', '2020-05-08 12:58:46', 0, 1),
(24, 'BCO/09052020-CB887A', 26, 10, 'Yaou', 0, 0, 14260, 14260, 0, 38, '2020-05-09', 3, 4, '', 0, 0, '2020-05-09 09:49:44', '2020-05-09 09:49:44', 0, 1),
(25, 'BCO/11052020-2C3D12', 27, 10, 'yaou', 0, 0, 248000, 248000, 0, 53, '2020-05-11', 3, 4, '', 0, 0, '2020-05-11 14:35:47', '2020-05-11 14:35:47', 0, 1),
(26, 'BCO/12052020-1EA6D9', 28, 10, 'Nouveau quartier ', 0, 0, 200080, 200000, 80, 77, '2020-05-14', 3, 4, 'Pour fidelisation', 0, 80, '2020-05-12 14:25:46', '2020-05-12 14:25:46', 0, 1),
(27, 'BCO/12052020-56B7ED', 28, 27, 'Nouveau quartier', 0, 0, 499800, 499800, 0, 78, '2020-05-31', 3, 4, '', 0, 80, '2020-05-12 14:40:43', '2020-05-12 14:40:43', 0, 1),
(28, 'BCO/13052020-750B0F', 29, 27, 'yaou', 0, 0, 250000, 250000, 0, 81, '2020-05-20', 3, 4, '', 0, 0, '2020-05-13 13:34:08', '2020-05-13 13:34:08', 0, 1),
(29, 'BCO/14052020-84245A', 30, 3, 'assinie', 0, 0, 2250000, 2250000, 0, 93, '2020-05-21', 3, 4, '', 0, 0, '2020-05-14 10:06:58', '2020-05-14 10:06:58', 0, 1),
(30, 'BCO/15052020-BE1D72', 31, 1, 'ABIDJAN', 0, 0, 45000, 45000, 0, 108, '2020-05-15', 3, 4, '', 0, 0, '2020-05-15 07:59:29', '2020-05-15 07:59:29', 0, 1);

-- --------------------------------------------------------

--
-- Structure de la table `connexion`
--

CREATE TABLE `connexion` (
  `id` int(11) NOT NULL,
  `date_connexion` datetime DEFAULT NULL,
  `date_deconnexion` timestamp NULL DEFAULT NULL,
  `employe_id` int(11) DEFAULT NULL,
  `prestataire_id` int(11) DEFAULT NULL,
  `created` datetime DEFAULT NULL,
  `modified` datetime DEFAULT NULL,
  `protected` int(11) NOT NULL DEFAULT 1,
  `valide` int(11) NOT NULL DEFAULT 1
) ENGINE=InnoDB DEFAULT CHARSET=utf8 COLLATE=utf8_bin;

--
-- Déchargement des données de la table `connexion`
--

INSERT INTO `connexion` (`id`, `date_connexion`, `date_deconnexion`, `employe_id`, `prestataire_id`, `created`, `modified`, `protected`, `valide`) VALUES
(1, '2020-05-06 08:15:08', '2020-05-06 14:51:53', 1, NULL, '2020-05-06 08:15:08', '2020-05-06 08:15:08', 0, 1),
(2, '2020-05-06 16:51:53', '2020-05-06 15:47:55', 1, NULL, '2020-05-06 16:51:53', '2020-05-06 16:51:53', 0, 1),
(3, '2020-05-06 17:47:55', '2020-05-06 19:08:20', 1, NULL, '2020-05-06 17:47:55', '2020-05-06 17:47:55', 0, 1),
(4, '2020-05-06 21:08:20', '2020-05-06 19:30:56', 1, NULL, '2020-05-06 21:08:20', '2020-05-06 21:08:20', 0, 1),
(5, '2020-05-06 21:30:56', '2020-05-07 06:54:38', 1, NULL, '2020-05-06 21:30:56', '2020-05-06 21:30:56', 0, 1),
(6, '2020-05-07 08:54:38', '2020-05-07 07:28:02', 1, NULL, '2020-05-07 08:54:38', '2020-05-07 08:54:38', 0, 1),
(7, '2020-05-07 09:28:02', '2020-05-07 07:49:22', 1, NULL, '2020-05-07 09:28:02', '2020-05-07 09:28:02', 0, 1),
(8, '2020-05-07 09:49:22', '2020-05-07 09:00:52', 1, NULL, '2020-05-07 09:49:22', '2020-05-07 09:49:22', 0, 1),
(9, '2020-05-07 10:00:58', '2020-05-07 08:02:33', 2, NULL, '2020-05-07 10:00:58', '2020-05-07 10:00:58', 0, 1),
(10, '2020-05-07 10:02:00', '2020-05-07 08:04:27', 3, NULL, '2020-05-07 10:02:00', '2020-05-07 10:02:00', 0, 1),
(11, '2020-05-07 10:03:01', '2020-05-07 08:42:17', 2, NULL, '2020-05-07 10:03:01', '2020-05-07 10:03:01', 0, 1),
(12, '2020-05-07 10:04:27', '2020-05-07 10:17:36', 3, NULL, '2020-05-07 10:04:27', '2020-05-07 10:04:27', 0, 1),
(13, '2020-05-07 10:42:17', '2020-05-07 09:02:01', 2, NULL, '2020-05-07 10:42:17', '2020-05-07 10:42:17', 0, 1),
(14, '2020-05-07 11:00:52', '2020-05-07 10:16:39', 1, NULL, '2020-05-07 11:00:52', '2020-05-07 11:00:52', 0, 1),
(15, '2020-05-07 11:02:02', '2020-05-07 09:08:22', 2, NULL, '2020-05-07 11:02:02', '2020-05-07 11:02:02', 0, 1),
(16, '2020-05-07 11:08:22', '2020-05-07 09:31:10', 2, NULL, '2020-05-07 11:08:22', '2020-05-07 11:08:22', 0, 1),
(17, '2020-05-07 11:31:10', '2020-05-07 09:39:55', 2, NULL, '2020-05-07 11:31:10', '2020-05-07 11:31:10', 0, 1),
(18, '2020-05-07 11:39:55', '2020-05-07 10:17:14', 2, NULL, '2020-05-07 11:39:55', '2020-05-07 11:39:55', 0, 1),
(19, '2020-05-07 12:17:14', '2020-05-07 10:21:38', 2, NULL, '2020-05-07 12:17:14', '2020-05-07 12:17:14', 0, 1),
(20, '2020-05-07 12:17:36', '2020-05-08 07:07:56', 3, NULL, '2020-05-07 12:17:36', '2020-05-07 12:17:36', 0, 1),
(21, '2020-05-07 12:21:38', '2020-05-07 10:53:39', 2, NULL, '2020-05-07 12:21:38', '2020-05-07 12:21:38', 0, 1),
(22, '2020-05-07 12:53:39', '2020-05-07 10:59:01', 2, NULL, '2020-05-07 12:53:39', '2020-05-07 12:53:39', 0, 1),
(23, '2020-05-07 12:59:02', '2020-05-07 11:17:04', 2, NULL, '2020-05-07 12:59:02', '2020-05-07 12:59:02', 0, 1),
(24, '2020-05-07 13:17:04', '2020-05-07 12:20:19', 2, NULL, '2020-05-07 13:17:04', '2020-05-07 13:17:04', 0, 1),
(25, '2020-05-07 13:25:59', '2020-05-07 11:37:29', 1, NULL, '2020-05-07 13:25:59', '2020-05-07 13:25:59', 0, 1),
(26, '2020-05-07 13:37:29', '2020-05-07 12:19:31', 1, NULL, '2020-05-07 13:37:29', '2020-05-07 13:37:29', 0, 1),
(27, '2020-05-07 14:19:32', '2020-05-07 12:26:54', 1, NULL, '2020-05-07 14:19:32', '2020-05-07 14:19:32', 0, 1),
(28, '2020-05-07 14:20:20', '2020-05-07 12:35:00', 2, NULL, '2020-05-07 14:20:20', '2020-05-07 14:20:20', 0, 1),
(29, '2020-05-07 14:35:01', '2020-05-07 13:59:29', 2, NULL, '2020-05-07 14:35:01', '2020-05-07 14:35:01', 0, 1),
(30, '2020-05-07 15:59:29', '2020-05-07 14:39:14', 2, NULL, '2020-05-07 15:59:29', '2020-05-07 15:59:29', 0, 1),
(31, '2020-05-07 16:39:14', '2020-05-07 15:20:16', 2, NULL, '2020-05-07 16:39:14', '2020-05-07 16:39:14', 0, 1),
(32, '2020-05-07 17:20:16', '2020-05-07 15:23:05', 2, NULL, '2020-05-07 17:20:16', '2020-05-07 17:20:16', 0, 1),
(33, '2020-05-07 17:23:05', '2020-05-07 15:42:44', 2, NULL, '2020-05-07 17:23:05', '2020-05-07 17:23:05', 0, 1),
(34, '2020-05-07 17:42:45', '2020-05-07 15:59:47', 2, NULL, '2020-05-07 17:42:45', '2020-05-07 17:42:45', 0, 1),
(35, '2020-05-07 17:49:44', '2020-05-07 18:02:12', 1, NULL, '2020-05-07 17:49:44', '2020-05-07 17:49:44', 0, 1),
(36, '2020-05-07 17:59:47', '2020-05-07 16:10:25', 2, NULL, '2020-05-07 17:59:47', '2020-05-07 17:59:47', 0, 1),
(37, '2020-05-07 18:10:25', '2020-05-08 11:08:42', 2, NULL, '2020-05-07 18:10:25', '2020-05-07 18:10:25', 0, 1),
(38, '2020-05-07 20:02:12', '2020-05-08 06:55:06', 1, NULL, '2020-05-07 20:02:12', '2020-05-07 20:02:12', 0, 1),
(39, '2020-05-08 08:55:06', '2020-05-08 07:04:16', 1, NULL, '2020-05-08 08:55:06', '2020-05-08 08:55:06', 0, 1),
(40, '2020-05-08 09:07:57', '2020-05-08 07:25:44', 3, NULL, '2020-05-08 09:07:57', '2020-05-08 09:07:57', 0, 1),
(41, '2020-05-08 09:25:44', '2020-05-08 07:48:23', 3, NULL, '2020-05-08 09:25:44', '2020-05-08 09:25:44', 0, 1),
(42, '2020-05-08 09:25:48', '2020-05-08 07:48:34', 1, NULL, '2020-05-08 09:25:48', '2020-05-08 09:25:48', 0, 1),
(43, '2020-05-08 09:48:34', '2020-05-08 08:13:27', 1, NULL, '2020-05-08 09:48:34', '2020-05-08 09:48:34', 0, 1),
(44, '2020-05-08 10:15:01', '2020-05-08 11:59:27', 3, NULL, '2020-05-08 10:15:01', '2020-05-08 10:15:01', 0, 1),
(45, '2020-05-08 10:34:19', '2020-05-08 08:35:30', 1, NULL, '2020-05-08 10:34:19', '2020-05-08 10:34:19', 0, 1),
(46, '2020-05-08 10:35:31', '2020-05-08 10:47:41', 1, NULL, '2020-05-08 10:35:31', '2020-05-08 10:35:31', 0, 1),
(47, '2020-05-08 12:47:41', '2020-05-08 11:51:32', 1, NULL, '2020-05-08 12:47:41', '2020-05-08 12:47:41', 0, 1),
(48, '2020-05-08 13:08:42', '2020-05-08 11:25:58', 2, NULL, '2020-05-08 13:08:42', '2020-05-08 13:08:42', 0, 1),
(49, '2020-05-08 13:25:58', '2020-05-08 12:47:11', 2, NULL, '2020-05-08 13:25:58', '2020-05-08 13:25:58', 0, 1),
(50, '2020-05-08 13:51:33', '2020-05-08 13:28:01', 1, NULL, '2020-05-08 13:51:33', '2020-05-08 13:51:33', 0, 1),
(51, '2020-05-08 13:59:27', '2020-05-08 12:27:31', 3, NULL, '2020-05-08 13:59:27', '2020-05-08 13:59:27', 0, 1),
(52, '2020-05-08 14:27:31', '2020-05-08 14:31:12', 3, NULL, '2020-05-08 14:27:31', '2020-05-08 14:27:31', 0, 1),
(53, '2020-05-08 14:47:11', '2020-05-08 13:09:16', 2, NULL, '2020-05-08 14:47:11', '2020-05-08 14:47:11', 0, 1),
(54, '2020-05-08 15:09:16', '2020-05-08 16:24:39', 2, NULL, '2020-05-08 15:09:16', '2020-05-08 15:09:16', 0, 1),
(55, '2020-05-08 15:28:01', '2020-05-09 00:15:58', 1, NULL, '2020-05-08 15:28:01', '2020-05-08 15:28:01', 0, 1),
(56, '2020-05-08 15:44:15', '2020-05-12 08:06:06', 4, NULL, '2020-05-08 15:44:15', '2020-05-08 15:44:15', 0, 1),
(57, '2020-05-08 16:31:12', '2020-05-09 05:40:00', 3, NULL, '2020-05-08 16:31:12', '2020-05-08 16:31:12', 0, 1),
(58, '2020-05-08 18:24:39', '2020-05-08 16:50:11', 2, NULL, '2020-05-08 18:24:39', '2020-05-08 18:24:39', 0, 1),
(59, '2020-05-08 18:50:11', '2020-05-09 09:18:39', 2, NULL, '2020-05-08 18:50:11', '2020-05-08 18:50:11', 0, 1),
(60, '2020-05-09 02:15:58', '2020-05-09 06:20:49', 1, NULL, '2020-05-09 02:15:58', '2020-05-09 02:15:58', 0, 1),
(61, '2020-05-09 07:40:00', '2020-05-09 06:50:46', 3, NULL, '2020-05-09 07:40:00', '2020-05-09 07:40:00', 0, 1),
(62, '2020-05-09 08:20:49', '2020-05-09 08:23:36', 1, NULL, '2020-05-09 08:20:49', '2020-05-09 08:20:49', 0, 1),
(63, '2020-05-09 08:50:46', '2020-05-09 07:40:22', 3, NULL, '2020-05-09 08:50:46', '2020-05-09 08:50:46', 0, 1),
(64, '2020-05-09 09:40:22', '2020-05-09 07:56:18', 3, NULL, '2020-05-09 09:40:22', '2020-05-09 09:40:22', 0, 1),
(65, '2020-05-09 09:56:18', '2020-05-09 09:20:12', 3, NULL, '2020-05-09 09:56:18', '2020-05-09 09:56:18', 0, 1),
(66, '2020-05-09 10:23:36', '2020-05-09 11:16:44', 1, NULL, '2020-05-09 10:23:36', '2020-05-09 10:23:36', 0, 1),
(67, '2020-05-09 11:18:39', '2020-05-09 09:28:40', 2, NULL, '2020-05-09 11:18:39', '2020-05-09 11:18:39', 0, 1),
(68, '2020-05-09 11:20:12', '2020-05-09 12:17:36', 3, NULL, '2020-05-09 11:20:12', '2020-05-09 11:20:12', 0, 1),
(69, '2020-05-09 11:28:40', '2020-05-09 09:29:34', 2, NULL, '2020-05-09 11:28:40', '2020-05-09 11:28:40', 0, 1),
(70, '2020-05-09 11:29:34', '2020-05-09 13:23:07', 2, NULL, '2020-05-09 11:29:34', '2020-05-09 11:29:34', 0, 1),
(71, '2020-05-09 13:16:45', '2020-05-09 11:58:27', 1, NULL, '2020-05-09 13:16:45', '2020-05-09 13:16:45', 0, 1),
(72, '2020-05-09 13:58:27', '2020-05-09 12:07:56', 1, NULL, '2020-05-09 13:58:27', '2020-05-09 13:58:27', 0, 1),
(73, '2020-05-09 14:07:56', '2020-05-09 12:40:16', 1, NULL, '2020-05-09 14:07:56', '2020-05-09 14:07:56', 0, 1),
(74, '2020-05-09 14:17:36', '2020-05-09 13:37:27', 3, NULL, '2020-05-09 14:17:36', '2020-05-09 14:17:36', 0, 1),
(75, '2020-05-09 14:40:16', '2020-05-09 13:17:36', 1, NULL, '2020-05-09 14:40:16', '2020-05-09 14:40:16', 0, 1),
(76, '2020-05-09 15:17:36', '2020-05-09 13:39:27', 1, NULL, '2020-05-09 15:17:36', '2020-05-09 15:17:36', 0, 1),
(77, '2020-05-09 15:23:08', '2020-05-09 15:12:14', 2, NULL, '2020-05-09 15:23:08', '2020-05-09 15:23:08', 0, 1),
(78, '2020-05-09 15:37:27', '2020-05-09 13:39:13', 3, NULL, '2020-05-09 15:37:27', '2020-05-09 15:37:27', 0, 1),
(79, '2020-05-09 15:39:27', '2020-05-09 13:48:25', 1, NULL, '2020-05-09 15:39:27', '2020-05-09 15:39:27', 0, 1),
(80, '2020-05-09 15:48:45', '2020-05-09 14:07:50', 3, NULL, '2020-05-09 15:48:45', '2020-05-09 15:48:45', 0, 1),
(81, '2020-05-09 16:07:50', '2020-05-09 15:16:41', 3, NULL, '2020-05-09 16:07:50', '2020-05-09 16:07:50', 0, 1),
(82, '2020-05-09 17:12:14', '2020-05-11 09:13:29', 2, NULL, '2020-05-09 17:12:14', '2020-05-09 17:12:14', 0, 1),
(83, '2020-05-09 17:16:41', '2020-05-09 15:17:12', 3, NULL, '2020-05-09 17:16:41', '2020-05-09 17:16:41', 0, 1),
(84, '2020-05-09 17:17:12', '2020-05-11 06:01:37', 3, NULL, '2020-05-09 17:17:12', '2020-05-09 17:17:12', 0, 1),
(85, '2020-05-09 21:53:46', '2020-05-10 08:00:22', 1, NULL, '2020-05-09 21:53:46', '2020-05-09 21:53:46', 0, 1),
(86, '2020-05-10 10:00:22', '2020-05-11 11:38:26', 1, NULL, '2020-05-10 10:00:22', '2020-05-10 10:00:22', 0, 1),
(87, '2020-05-11 08:01:37', '2020-05-11 07:38:50', 3, NULL, '2020-05-11 08:01:37', '2020-05-11 08:01:37', 0, 1),
(88, '2020-05-11 09:38:50', '2020-05-11 07:54:29', 3, NULL, '2020-05-11 09:38:50', '2020-05-11 09:38:50', 0, 1),
(89, '2020-05-11 09:54:29', '2020-05-11 08:28:10', 3, NULL, '2020-05-11 09:54:29', '2020-05-11 09:54:29', 0, 1),
(90, '2020-05-11 10:28:10', '2020-05-11 09:10:39', 3, NULL, '2020-05-11 10:28:10', '2020-05-11 10:28:10', 0, 1),
(91, '2020-05-11 11:10:39', '2020-05-11 09:51:02', 3, NULL, '2020-05-11 11:10:39', '2020-05-11 11:10:39', 0, 1),
(92, '2020-05-11 11:13:30', '2020-05-11 10:14:50', 2, NULL, '2020-05-11 11:13:30', '2020-05-11 11:13:30', 0, 1),
(93, '2020-05-11 11:51:02', '2020-05-11 09:58:40', 3, NULL, '2020-05-11 11:51:02', '2020-05-11 11:51:02', 0, 1),
(94, '2020-05-11 11:58:40', '2020-05-11 09:59:55', 3, NULL, '2020-05-11 11:58:40', '2020-05-11 11:58:40', 0, 1),
(95, '2020-05-11 11:59:55', '2020-05-11 10:16:00', 3, NULL, '2020-05-11 11:59:55', '2020-05-11 11:59:55', 0, 1),
(96, '2020-05-11 12:14:51', '2020-05-11 13:20:39', 2, NULL, '2020-05-11 12:14:51', '2020-05-11 12:14:51', 0, 1),
(97, '2020-05-11 12:16:00', '2020-05-11 11:16:40', 3, NULL, '2020-05-11 12:16:00', '2020-05-11 12:16:00', 0, 1),
(98, '2020-05-11 13:16:40', '2020-05-11 11:40:26', 3, NULL, '2020-05-11 13:16:40', '2020-05-11 13:16:40', 0, 1),
(99, '2020-05-11 13:38:26', '2020-05-11 19:10:02', 1, NULL, '2020-05-11 13:38:26', '2020-05-11 13:38:26', 0, 1),
(100, '2020-05-11 13:40:26', '2020-05-11 12:54:48', 3, NULL, '2020-05-11 13:40:26', '2020-05-11 13:40:26', 0, 1),
(101, '2020-05-11 14:54:48', '2020-05-11 13:32:30', 3, NULL, '2020-05-11 14:54:48', '2020-05-11 14:54:48', 0, 1),
(102, '2020-05-11 15:20:39', '2020-05-11 13:24:31', 2, NULL, '2020-05-11 15:20:39', '2020-05-11 15:20:39', 0, 1),
(103, '2020-05-11 15:24:31', '2020-05-11 19:28:24', 2, NULL, '2020-05-11 15:24:31', '2020-05-11 15:24:31', 0, 1),
(104, '2020-05-11 15:32:30', '2020-05-11 14:05:08', 3, NULL, '2020-05-11 15:32:30', '2020-05-11 15:32:30', 0, 1),
(105, '2020-05-11 16:05:09', '2020-05-11 15:06:43', 3, NULL, '2020-05-11 16:05:09', '2020-05-11 16:05:09', 0, 1),
(106, '2020-05-11 17:06:43', '2020-05-12 05:43:42', 3, NULL, '2020-05-11 17:06:43', '2020-05-11 17:06:43', 0, 1),
(107, '2020-05-11 21:10:02', '2020-05-11 19:19:18', 1, NULL, '2020-05-11 21:10:02', '2020-05-11 21:10:02', 0, 1),
(108, '2020-05-11 21:19:18', '2020-05-12 06:19:48', 1, NULL, '2020-05-11 21:19:18', '2020-05-11 21:19:18', 0, 1),
(109, '2020-05-11 21:28:24', '2020-05-12 06:47:50', 2, NULL, '2020-05-11 21:28:24', '2020-05-11 21:28:24', 0, 1),
(110, '2020-05-12 07:43:42', '2020-05-12 06:27:29', 3, NULL, '2020-05-12 07:43:42', '2020-05-12 07:43:42', 0, 1),
(111, '2020-05-12 08:19:48', '2020-05-12 07:15:57', 1, NULL, '2020-05-12 08:19:48', '2020-05-12 08:19:48', 0, 1),
(112, '2020-05-12 08:27:29', '2020-05-12 06:30:04', 3, NULL, '2020-05-12 08:27:29', '2020-05-12 08:27:29', 0, 1),
(113, '2020-05-12 08:30:04', '2020-05-12 09:45:35', 3, NULL, '2020-05-12 08:30:04', '2020-05-12 08:30:04', 0, 1),
(114, '2020-05-12 08:47:50', '2020-05-12 12:44:12', 2, NULL, '2020-05-12 08:47:50', '2020-05-12 08:47:50', 0, 1),
(115, '2020-05-12 09:15:57', '2020-05-12 13:33:18', 1, NULL, '2020-05-12 09:15:57', '2020-05-12 09:15:57', 0, 1),
(116, '2020-05-12 10:06:06', '2020-05-12 08:16:38', 4, NULL, '2020-05-12 10:06:06', '2020-05-12 10:06:06', 0, 1),
(117, '2020-05-12 10:16:38', '2020-05-12 09:51:54', 4, NULL, '2020-05-12 10:16:38', '2020-05-12 10:16:38', 0, 1),
(118, '2020-05-12 11:45:35', '2020-05-12 11:25:23', 3, NULL, '2020-05-12 11:45:35', '2020-05-12 11:45:35', 0, 1),
(119, '2020-05-12 11:51:54', '2020-05-14 14:43:53', 4, NULL, '2020-05-12 11:51:54', '2020-05-12 11:51:54', 0, 1),
(120, '2020-05-12 13:25:23', '2020-05-12 12:19:49', 3, NULL, '2020-05-12 13:25:23', '2020-05-12 13:25:23', 0, 1),
(121, '2020-05-12 14:19:49', '2020-05-12 12:44:00', 3, NULL, '2020-05-12 14:19:49', '2020-05-12 14:19:49', 0, 1),
(122, '2020-05-12 14:44:00', '2020-05-12 12:44:05', 3, NULL, '2020-05-12 14:44:00', '2020-05-12 14:44:00', 0, 1),
(123, '2020-05-12 14:44:05', '2020-05-12 12:44:24', 3, NULL, '2020-05-12 14:44:05', '2020-05-12 14:44:05', 0, 1),
(124, '2020-05-12 14:44:12', '2020-05-12 13:34:26', 2, NULL, '2020-05-12 14:44:12', '2020-05-12 14:44:12', 0, 1),
(125, '2020-05-12 14:44:24', '2020-05-12 12:50:09', 3, NULL, '2020-05-12 14:44:24', '2020-05-12 14:44:24', 0, 1),
(126, '2020-05-12 14:50:09', '2020-05-12 15:38:19', 3, NULL, '2020-05-12 14:50:09', '2020-05-12 14:50:09', 0, 1),
(127, '2020-05-12 15:33:18', '2020-05-12 16:27:07', 1, NULL, '2020-05-12 15:33:18', '2020-05-12 15:33:18', 0, 1),
(128, '2020-05-12 15:34:26', '2020-05-13 11:00:19', 2, NULL, '2020-05-12 15:34:26', '2020-05-12 15:34:26', 0, 1),
(129, '2020-05-12 17:38:19', '2020-05-12 15:48:18', 3, NULL, '2020-05-12 17:38:19', '2020-05-12 17:38:19', 0, 1),
(130, '2020-05-12 17:48:18', '2020-05-13 05:12:37', 3, NULL, '2020-05-12 17:48:18', '2020-05-12 17:48:18', 0, 1),
(131, '2020-05-12 18:27:07', '2020-05-12 20:20:13', 1, NULL, '2020-05-12 18:27:07', '2020-05-12 18:27:07', 0, 1),
(132, '2020-05-12 22:20:13', '2020-05-13 08:05:45', 1, NULL, '2020-05-12 22:20:13', '2020-05-12 22:20:13', 0, 1),
(133, '2020-05-13 07:12:37', '2020-05-13 10:59:03', 3, NULL, '2020-05-13 07:12:37', '2020-05-13 07:12:37', 0, 1),
(134, '2020-05-13 10:05:45', '2020-05-13 11:15:53', 1, NULL, '2020-05-13 10:05:45', '2020-05-13 10:05:45', 0, 1),
(135, '2020-05-13 12:59:03', '2020-05-13 11:18:15', 3, NULL, '2020-05-13 12:59:03', '2020-05-13 12:59:03', 0, 1),
(136, '2020-05-13 13:00:19', NULL, 2, NULL, '2020-05-13 13:00:19', '2020-05-13 13:00:19', 0, 1),
(137, '2020-05-13 13:15:53', '2020-05-13 11:32:16', 1, NULL, '2020-05-13 13:15:53', '2020-05-13 13:15:53', 0, 1),
(138, '2020-05-13 13:18:15', '2020-05-13 12:32:16', 3, NULL, '2020-05-13 13:18:15', '2020-05-13 13:18:15', 0, 1),
(139, '2020-05-13 13:32:16', '2020-05-13 14:42:38', 1, NULL, '2020-05-13 13:32:16', '2020-05-13 13:32:16', 0, 1),
(140, '2020-05-13 14:32:17', '2020-05-13 14:15:16', 3, NULL, '2020-05-13 14:32:17', '2020-05-13 14:32:17', 0, 1),
(141, '2020-05-13 16:15:16', '2020-05-13 14:40:11', 3, NULL, '2020-05-13 16:15:16', '2020-05-13 16:15:16', 0, 1),
(142, '2020-05-13 16:40:11', '2020-05-13 14:48:57', 3, NULL, '2020-05-13 16:40:11', '2020-05-13 16:40:11', 0, 1),
(143, '2020-05-13 16:42:38', '2020-05-14 07:16:48', 1, NULL, '2020-05-13 16:42:38', '2020-05-13 16:42:38', 0, 1),
(144, '2020-05-13 16:48:57', '2020-05-13 15:00:35', 3, NULL, '2020-05-13 16:48:57', '2020-05-13 16:48:57', 0, 1),
(145, '2020-05-13 17:00:35', '2020-05-13 15:38:43', 3, NULL, '2020-05-13 17:00:35', '2020-05-13 17:00:35', 0, 1),
(146, '2020-05-13 17:38:43', '2020-05-13 15:41:54', 3, NULL, '2020-05-13 17:38:43', '2020-05-13 17:38:43', 0, 1),
(147, '2020-05-13 17:41:54', '2020-05-14 05:59:50', 3, NULL, '2020-05-13 17:41:54', '2020-05-13 17:41:54', 0, 1),
(148, '2020-05-14 07:59:50', '2020-05-14 06:00:33', 3, NULL, '2020-05-14 07:59:50', '2020-05-14 07:59:50', 0, 1),
(149, '2020-05-14 08:00:33', '2020-05-14 06:03:27', 3, NULL, '2020-05-14 08:00:33', '2020-05-14 08:00:33', 0, 1),
(150, '2020-05-14 08:03:27', '2020-05-14 07:16:14', 3, NULL, '2020-05-14 08:03:27', '2020-05-14 08:03:27', 0, 1),
(151, '2020-05-14 09:16:14', '2020-05-14 07:58:13', 3, NULL, '2020-05-14 09:16:14', '2020-05-14 09:16:14', 0, 1),
(152, '2020-05-14 09:16:48', '2020-05-14 07:19:03', 1, NULL, '2020-05-14 09:16:48', '2020-05-14 09:16:48', 0, 1),
(153, '2020-05-14 09:19:03', '2020-05-14 09:32:42', 1, NULL, '2020-05-14 09:19:03', '2020-05-14 09:19:03', 0, 1),
(154, '2020-05-14 09:58:13', '2020-05-14 08:24:54', 3, NULL, '2020-05-14 09:58:13', '2020-05-14 09:58:13', 0, 1),
(155, '2020-05-14 10:24:54', '2020-05-14 09:37:59', 3, NULL, '2020-05-14 10:24:54', '2020-05-14 10:24:54', 0, 1),
(156, '2020-05-14 11:32:42', '2020-05-14 10:57:09', 1, NULL, '2020-05-14 11:32:42', '2020-05-14 11:32:42', 0, 1),
(157, '2020-05-14 11:37:59', '2020-05-14 09:42:40', 3, NULL, '2020-05-14 11:37:59', '2020-05-14 11:37:59', 0, 1),
(158, '2020-05-14 11:42:40', '2020-05-14 09:57:23', 3, NULL, '2020-05-14 11:42:40', '2020-05-14 11:42:40', 0, 1),
(159, '2020-05-14 11:57:23', '2020-05-14 10:05:04', 3, NULL, '2020-05-14 11:57:23', '2020-05-14 11:57:23', 0, 1),
(160, '2020-05-14 12:05:04', '2020-05-14 10:45:05', 3, NULL, '2020-05-14 12:05:04', '2020-05-14 12:05:04', 0, 1),
(161, '2020-05-14 12:45:05', '2020-05-14 11:08:21', 3, NULL, '2020-05-14 12:45:05', '2020-05-14 12:45:05', 0, 1),
(162, '2020-05-14 12:57:09', '2020-05-14 15:02:02', 1, NULL, '2020-05-14 12:57:09', '2020-05-14 12:57:09', 0, 1),
(163, '2020-05-14 13:08:21', '2020-05-14 11:15:59', 3, NULL, '2020-05-14 13:08:21', '2020-05-14 13:08:21', 0, 1),
(164, '2020-05-14 13:15:59', '2020-05-14 11:23:49', 3, NULL, '2020-05-14 13:15:59', '2020-05-14 13:15:59', 0, 1),
(165, '2020-05-14 13:23:49', '2020-05-14 11:41:50', 3, NULL, '2020-05-14 13:23:49', '2020-05-14 13:23:49', 0, 1),
(166, '2020-05-14 13:41:50', '2020-05-14 12:20:09', 3, NULL, '2020-05-14 13:41:50', '2020-05-14 13:41:50', 0, 1),
(167, '2020-05-14 14:20:09', '2020-05-14 13:44:56', 3, NULL, '2020-05-14 14:20:09', '2020-05-14 14:20:09', 0, 1),
(168, '2020-05-14 15:44:56', '2020-05-14 14:17:14', 3, NULL, '2020-05-14 15:44:56', '2020-05-14 15:44:56', 0, 1),
(169, '2020-05-14 16:17:14', '2020-05-14 14:28:46', 3, NULL, '2020-05-14 16:17:14', '2020-05-14 16:17:14', 0, 1),
(170, '2020-05-14 16:28:46', '2020-05-14 15:16:48', 3, NULL, '2020-05-14 16:28:46', '2020-05-14 16:28:46', 0, 1),
(171, '2020-05-14 16:43:53', '2020-05-14 15:11:11', 4, NULL, '2020-05-14 16:43:53', '2020-05-14 16:43:53', 0, 1),
(172, '2020-05-14 17:02:02', NULL, 1, NULL, '2020-05-14 17:02:02', '2020-05-14 17:02:02', 0, 1),
(173, '2020-05-14 17:11:11', NULL, 4, NULL, '2020-05-14 17:11:11', '2020-05-14 17:11:11', 0, 1),
(174, '2020-05-14 17:16:48', '2020-05-14 15:18:39', 3, NULL, '2020-05-14 17:16:48', '2020-05-14 17:16:48', 0, 1),
(175, '2020-05-14 17:18:39', '2020-05-14 15:35:08', 3, NULL, '2020-05-14 17:18:39', '2020-05-14 17:18:39', 0, 1),
(176, '2020-05-14 17:35:08', '2020-05-14 15:43:35', 3, NULL, '2020-05-14 17:35:08', '2020-05-14 17:35:08', 0, 1),
(177, '2020-05-14 17:43:35', '2020-05-14 15:59:49', 3, NULL, '2020-05-14 17:43:35', '2020-05-14 17:43:35', 0, 1),
(178, '2020-05-14 17:59:49', '2020-05-14 16:10:59', 3, NULL, '2020-05-14 17:59:49', '2020-05-14 17:59:49', 0, 1),
(179, '2020-05-14 18:10:59', '2020-05-14 16:24:12', 3, NULL, '2020-05-14 18:10:59', '2020-05-14 18:10:59', 0, 1),
(180, '2020-05-14 18:24:12', '2020-05-15 05:41:49', 3, NULL, '2020-05-14 18:24:12', '2020-05-14 18:24:12', 0, 1),
(181, '2020-05-15 07:41:49', '2020-05-15 05:41:53', 3, NULL, '2020-05-15 07:41:49', '2020-05-15 07:41:49', 0, 1),
(182, '2020-05-15 07:41:53', '2020-05-15 06:41:22', 3, NULL, '2020-05-15 07:41:53', '2020-05-15 07:41:53', 0, 1),
(183, '2020-05-15 08:41:22', NULL, 3, NULL, '2020-05-15 08:41:22', '2020-05-15 08:41:22', 0, 1);

-- --------------------------------------------------------

--
-- Structure de la table `demandeentretien`
--

CREATE TABLE `demandeentretien` (
  `id` int(11) NOT NULL,
  `typeentretienvehicule_id` int(11) NOT NULL,
  `reference` varchar(10) COLLATE utf8_bin DEFAULT NULL,
  `vehicule_id` int(11) NOT NULL,
  `carplan_id` int(11) DEFAULT NULL,
  `comment` text COLLATE utf8_bin NOT NULL,
  `image` varchar(200) COLLATE utf8_bin DEFAULT NULL,
  `etat_id` int(11) NOT NULL,
  `date_approuve` datetime DEFAULT NULL,
  `employe_id` int(11) DEFAULT NULL,
  `created` datetime DEFAULT NULL,
  `modified` datetime DEFAULT NULL,
  `protected` int(11) NOT NULL DEFAULT 0,
  `valide` int(11) NOT NULL DEFAULT 1
) ENGINE=InnoDB DEFAULT CHARSET=utf8 COLLATE=utf8_bin;

--
-- Déchargement des données de la table `demandeentretien`
--

INSERT INTO `demandeentretien` (`id`, `typeentretienvehicule_id`, `reference`, `vehicule_id`, `carplan_id`, `comment`, `image`, `etat_id`, `date_approuve`, `employe_id`, `created`, `modified`, `protected`, `valide`) VALUES
(1, 2, 'C32608', 3, NULL, '', NULL, 2, NULL, 3, '2020-05-08 15:35:14', '2020-05-08 15:35:14', 0, 1);

-- --------------------------------------------------------

--
-- Structure de la table `employe`
--

CREATE TABLE `employe` (
  `id` int(11) NOT NULL,
  `name` varchar(50) COLLATE utf8_bin NOT NULL,
  `adresse` varchar(150) COLLATE utf8_bin DEFAULT NULL,
  `email` varchar(255) COLLATE utf8_bin DEFAULT NULL,
  `contact` varchar(200) COLLATE utf8_bin DEFAULT NULL,
  `login` varchar(50) COLLATE utf8_bin NOT NULL,
  `password` text COLLATE utf8_bin NOT NULL,
  `image` varchar(50) COLLATE utf8_bin NOT NULL,
  `is_new` int(11) NOT NULL DEFAULT 0,
  `is_allowed` int(11) NOT NULL DEFAULT 1,
  `visibility` int(11) NOT NULL DEFAULT 0,
  `pass` varchar(50) COLLATE utf8_bin DEFAULT NULL,
  `created` datetime DEFAULT NULL,
  `modified` datetime DEFAULT NULL,
  `protected` int(11) NOT NULL DEFAULT 0,
  `valide` int(11) NOT NULL DEFAULT 1
) ENGINE=InnoDB DEFAULT CHARSET=utf8 COLLATE=utf8_bin;

--
-- Déchargement des données de la table `employe`
--

INSERT INTO `employe` (`id`, `name`, `adresse`, `email`, `contact`, `login`, `password`, `image`, `is_new`, `is_allowed`, `visibility`, `pass`, `created`, `modified`, `protected`, `valide`) VALUES
(1, 'Super Administrateur', '...', 'info@devaris21.com', '...', 'root', '5e9795e3f3ab55e7790a6283507c085db0d764fc', 'default.png', 0, 1, 1, '', '2020-05-06 08:14:30', '2020-05-06 08:14:30', 1, 1),
(2, 'Konan Modeste', 'Grand Bassam', 'josephipou1@gmail.com', '07023773 / 09996921', 'modeste', '033a7775fd132700387f3405cb5c3280dda63de2', 'default.png', 0, 1, 1, 'ac1e7ced', '2020-05-07 09:54:09', '2020-05-07 09:54:09', 0, 1),
(3, 'Dandjinou Marie Ange', 'port-bouet Gonzague', '', '79070774', 'marie ange', 'c2fa3ec3d4aaf10b8f8802255476c90994b9cb27', 'default.png', 0, 1, 1, 'b51b3cb1', '2020-05-07 09:56:33', '2020-05-07 09:56:33', 0, 1),
(4, 'Koné Franck', 'Bonoua', 'konefj@gmail.com', '07213038', 'applibidy', 'da99c9a2b78a3d43fba5a6599dcf0e9bdb4234b5', 'default.png', 0, 1, 1, '9b8e45a', '2020-05-08 15:41:39', '2020-05-08 15:41:39', 0, 1),
(5, 'Dayato Dovalice', 'Grand Bassam', 'dayatodovalice@dleg.net', '...', '16778e0', '30fd3c3fe117a6e8032c17912666fd974ab5cbe2', 'default.png', 1, 1, 1, '316778e2', '2020-05-08 16:04:38', '2020-05-08 16:04:38', 0, 1);

-- --------------------------------------------------------

--
-- Structure de la table `energie`
--

CREATE TABLE `energie` (
  `id` int(11) NOT NULL,
  `name` varchar(50) COLLATE utf8_bin NOT NULL,
  `created` datetime DEFAULT NULL,
  `modified` datetime DEFAULT NULL,
  `protected` int(11) NOT NULL DEFAULT 0,
  `valide` int(11) NOT NULL DEFAULT 1
) ENGINE=InnoDB DEFAULT CHARSET=utf8 COLLATE=utf8_bin;

--
-- Déchargement des données de la table `energie`
--

INSERT INTO `energie` (`id`, `name`, `created`, `modified`, `protected`, `valide`) VALUES
(1, 'standart', '2020-05-06 08:14:33', '2020-05-06 08:14:33', 1, 1);

-- --------------------------------------------------------

--
-- Structure de la table `entretienmachine`
--

CREATE TABLE `entretienmachine` (
  `id` int(11) NOT NULL,
  `reference` varchar(10) COLLATE utf8_bin DEFAULT NULL,
  `name` varchar(200) COLLATE utf8_bin NOT NULL,
  `machine_id` int(11) NOT NULL,
  `panne_id` int(11) DEFAULT NULL,
  `started` datetime DEFAULT NULL,
  `finished` datetime DEFAULT NULL,
  `prestataire_id` int(11) DEFAULT NULL,
  `price` int(11) DEFAULT NULL,
  `etat_id` int(11) NOT NULL,
  `date_approuve` datetime DEFAULT NULL,
  `employe_id` int(11) NOT NULL,
  `comment` text COLLATE utf8_bin DEFAULT NULL,
  `created` datetime DEFAULT NULL,
  `modified` datetime DEFAULT NULL,
  `protected` int(11) NOT NULL DEFAULT 0,
  `valide` int(11) NOT NULL DEFAULT 1
) ENGINE=InnoDB DEFAULT CHARSET=utf8 COLLATE=utf8_bin;

-- --------------------------------------------------------

--
-- Structure de la table `entretienvehicule`
--

CREATE TABLE `entretienvehicule` (
  `id` int(11) NOT NULL,
  `reference` varchar(10) COLLATE utf8_bin DEFAULT NULL,
  `name` varchar(200) COLLATE utf8_bin NOT NULL,
  `typeentretienvehicule_id` int(11) NOT NULL,
  `demandeentretien_id` int(11) DEFAULT NULL,
  `vehicule_id` int(11) NOT NULL,
  `started` datetime DEFAULT NULL,
  `finished` datetime DEFAULT NULL,
  `prestataire_id` int(11) DEFAULT NULL,
  `price` int(11) DEFAULT NULL,
  `etat_id` int(11) NOT NULL,
  `date_approuve` datetime DEFAULT NULL,
  `comment` text COLLATE utf8_bin DEFAULT NULL,
  `employe_id` int(11) NOT NULL,
  `created` datetime DEFAULT NULL,
  `modified` datetime DEFAULT NULL,
  `protected` int(11) NOT NULL DEFAULT 0,
  `valide` int(11) NOT NULL DEFAULT 1
) ENGINE=InnoDB DEFAULT CHARSET=utf8 COLLATE=utf8_bin;

-- --------------------------------------------------------

--
-- Structure de la table `etat`
--

CREATE TABLE `etat` (
  `id` int(11) NOT NULL,
  `name` varchar(200) COLLATE utf8_bin NOT NULL,
  `class` varchar(50) COLLATE utf8_bin NOT NULL,
  `protected` int(11) NOT NULL DEFAULT 1,
  `valide` int(11) NOT NULL DEFAULT 1
) ENGINE=InnoDB DEFAULT CHARSET=utf8 COLLATE=utf8_bin;

--
-- Déchargement des données de la table `etat`
--

INSERT INTO `etat` (`id`, `name`, `class`, `protected`, `valide`) VALUES
(1, 'Annulé', 'danger', 1, 1),
(2, 'En cours', 'warning', 1, 1),
(3, 'Partiellement', 'info', 1, 1),
(4, 'Validé', 'success', 1, 1);

-- --------------------------------------------------------

--
-- Structure de la table `etatchauffeur`
--

CREATE TABLE `etatchauffeur` (
  `id` int(11) NOT NULL,
  `name` varchar(200) COLLATE utf8_bin NOT NULL,
  `class` varchar(50) COLLATE utf8_bin NOT NULL,
  `protected` int(11) NOT NULL DEFAULT 1,
  `valide` int(11) NOT NULL DEFAULT 1
) ENGINE=InnoDB DEFAULT CHARSET=utf8 COLLATE=utf8_bin;

--
-- Déchargement des données de la table `etatchauffeur`
--

INSERT INTO `etatchauffeur` (`id`, `name`, `class`, `protected`, `valide`) VALUES
(1, 'RAS', 'primary', 1, 1),
(2, 'En mission', 'warning', 1, 1),
(3, 'Indisponible', 'danger', 1, 1);

-- --------------------------------------------------------

--
-- Structure de la table `etatmanoeuvre`
--

CREATE TABLE `etatmanoeuvre` (
  `id` int(11) NOT NULL,
  `name` varchar(200) COLLATE utf8_bin NOT NULL,
  `class` varchar(50) COLLATE utf8_bin NOT NULL,
  `protected` int(11) NOT NULL DEFAULT 1,
  `valide` int(11) NOT NULL DEFAULT 1
) ENGINE=InnoDB DEFAULT CHARSET=utf8 COLLATE=utf8_bin;

-- --------------------------------------------------------

--
-- Structure de la table `etatvehicule`
--

CREATE TABLE `etatvehicule` (
  `id` int(11) NOT NULL,
  `name` varchar(200) COLLATE utf8_bin NOT NULL,
  `class` varchar(50) COLLATE utf8_bin NOT NULL,
  `protected` int(11) NOT NULL DEFAULT 1,
  `valide` int(11) NOT NULL DEFAULT 1
) ENGINE=InnoDB DEFAULT CHARSET=utf8 COLLATE=utf8_bin;

--
-- Déchargement des données de la table `etatvehicule`
--

INSERT INTO `etatvehicule` (`id`, `name`, `class`, `protected`, `valide`) VALUES
(1, 'RAS', 'primary', 1, 1),
(2, 'En mission', 'warning', 1, 1),
(3, 'En panne', 'success', 1, 1),
(4, 'En entretien', 'success', 1, 1),
(5, 'Indisponible', 'danger', 1, 1);

-- --------------------------------------------------------

--
-- Structure de la table `exigenceproduction`
--

CREATE TABLE `exigenceproduction` (
  `id` int(11) NOT NULL,
  `produit_id` int(20) NOT NULL,
  `quantite_produit` int(11) NOT NULL,
  `ressource_id` int(11) NOT NULL,
  `quantite_ressource` int(11) NOT NULL,
  `created` datetime DEFAULT NULL,
  `modified` datetime DEFAULT NULL,
  `protected` int(11) NOT NULL DEFAULT 0,
  `valide` int(11) NOT NULL DEFAULT 1
) ENGINE=InnoDB DEFAULT CHARSET=utf8 COLLATE=utf8_bin;

--
-- Déchargement des données de la table `exigenceproduction`
--

INSERT INTO `exigenceproduction` (`id`, `produit_id`, `quantite_produit`, `ressource_id`, `quantite_ressource`, `created`, `modified`, `protected`, `valide`) VALUES
(1, 1, 0, 1, 0, '2020-05-06 08:14:31', '2020-05-06 08:14:31', 0, 1),
(2, 2, 0, 1, 0, '2020-05-06 08:14:31', '2020-05-06 08:14:31', 0, 1),
(3, 3, 0, 1, 0, '2020-05-06 08:14:32', '2020-05-06 08:14:32', 0, 1),
(4, 4, 0, 1, 0, '2020-05-06 08:14:32', '2020-05-06 08:14:32', 0, 1),
(5, 5, 0, 1, 0, '2020-05-06 08:14:32', '2020-05-06 08:14:32', 0, 1),
(6, 1, 0, 2, 0, '2020-05-06 08:14:32', '2020-05-06 08:14:32', 0, 1),
(7, 2, 0, 2, 0, '2020-05-06 08:14:32', '2020-05-06 08:14:32', 0, 1),
(8, 3, 0, 2, 0, '2020-05-06 08:14:32', '2020-05-06 08:14:32', 0, 1),
(9, 4, 0, 2, 0, '2020-05-06 08:14:32', '2020-05-06 08:14:32', 0, 1),
(10, 5, 0, 2, 0, '2020-05-06 08:14:32', '2020-05-06 08:14:32', 0, 1),
(11, 1, 0, 3, 0, '2020-05-06 08:14:32', '2020-05-06 08:14:32', 0, 1),
(12, 2, 0, 3, 0, '2020-05-06 08:14:32', '2020-05-06 08:14:32', 0, 1),
(13, 3, 0, 3, 0, '2020-05-06 08:14:32', '2020-05-06 08:14:32', 0, 1),
(14, 4, 0, 3, 0, '2020-05-06 08:14:32', '2020-05-06 08:14:32', 0, 1),
(15, 5, 0, 3, 0, '2020-05-06 08:14:32', '2020-05-06 08:14:32', 0, 1),
(16, 1, 0, 4, 0, '2020-05-06 08:14:33', '2020-05-06 08:14:33', 0, 1),
(17, 2, 0, 4, 0, '2020-05-06 08:14:33', '2020-05-06 08:14:33', 0, 1),
(18, 3, 0, 4, 0, '2020-05-06 08:14:33', '2020-05-06 08:14:33', 0, 1),
(19, 4, 0, 4, 0, '2020-05-06 08:14:33', '2020-05-06 08:14:33', 0, 1),
(20, 5, 0, 4, 0, '2020-05-06 08:14:33', '2020-05-06 08:14:33', 0, 1),
(21, 6, 0, 1, 0, '2020-05-06 08:47:25', '2020-05-06 08:47:25', 0, 1),
(22, 6, 0, 2, 0, '2020-05-06 08:47:25', '2020-05-06 08:47:25', 0, 1),
(23, 6, 0, 3, 0, '2020-05-06 08:47:25', '2020-05-06 08:47:25', 0, 1),
(24, 6, 0, 4, 0, '2020-05-06 08:47:25', '2020-05-06 08:47:25', 0, 1);

-- --------------------------------------------------------

--
-- Structure de la table `fournisseur`
--

CREATE TABLE `fournisseur` (
  `id` int(11) NOT NULL,
  `name` varchar(200) COLLATE utf8_bin NOT NULL,
  `acompte` int(11) NOT NULL,
  `dette` int(11) NOT NULL,
  `contact` varchar(150) COLLATE utf8_bin NOT NULL,
  `fax` varchar(200) COLLATE utf8_bin NOT NULL,
  `email` text COLLATE utf8_bin DEFAULT NULL,
  `adresse` text COLLATE utf8_bin NOT NULL,
  `image` varchar(50) COLLATE utf8_bin DEFAULT NULL,
  `description` text COLLATE utf8_bin DEFAULT NULL,
  `visibility` int(11) NOT NULL,
  `created` datetime DEFAULT NULL,
  `modified` datetime DEFAULT NULL,
  `protected` int(11) NOT NULL DEFAULT 0,
  `valide` int(11) NOT NULL DEFAULT 1
) ENGINE=InnoDB DEFAULT CHARSET=utf8 COLLATE=utf8_bin;

--
-- Déchargement des données de la table `fournisseur`
--

INSERT INTO `fournisseur` (`id`, `name`, `acompte`, `dette`, `contact`, `fax`, `email`, `adresse`, `image`, `description`, `visibility`, `created`, `modified`, `protected`, `valide`) VALUES
(1, 'Devaris FOURNISSEUR', 0, 0, '...', '...', 'info@devaris21.com', '...', 'default.png', NULL, 0, '2020-05-06 08:14:30', '2020-05-06 08:14:30', 1, 1),
(2, 'FRANKS GROUP', 1966712, 0, '78987562', '', 'info@bidy.com', 'BASSAM', 'default.png', 'fournisseure de gravier', 1, '2020-05-08 10:43:35', '2020-05-08 10:43:35', 0, 1),
(3, 'CARRIERE DE TERRE', 0, 0, '68131418', '', 'info2@bidy.com', 'YAOU', 'default.png', 'fournisseure de terre BTC', 1, '2020-05-08 10:50:25', '2020-05-08 10:50:25', 0, 1),
(4, 'CARRIERE DE SABLE', 0, 0, '08814730', '', 'info@2bidy.com', 'BASSAM', 'default.png', 'fournisseure de sable', 1, '2020-05-08 10:53:02', '2020-05-08 10:53:02', 0, 1),
(5, 'CIM IVOIR', 0, 0, '08853887', '', 'info@3bidy.com', 'ABIDJAN', 'default.png', 'fournisseure de ciment', 1, '2020-05-08 10:55:07', '2020-05-08 10:55:07', 0, 1);

-- --------------------------------------------------------

--
-- Structure de la table `groupecommande`
--

CREATE TABLE `groupecommande` (
  `id` int(11) NOT NULL,
  `client_id` int(20) NOT NULL,
  `etat_id` int(11) NOT NULL,
  `created` datetime DEFAULT NULL,
  `modified` datetime DEFAULT NULL,
  `protected` int(11) NOT NULL DEFAULT 0,
  `valide` int(11) NOT NULL DEFAULT 1
) ENGINE=InnoDB DEFAULT CHARSET=utf8 COLLATE=utf8_bin;

--
-- Déchargement des données de la table `groupecommande`
--

INSERT INTO `groupecommande` (`id`, `client_id`, `etat_id`, `created`, `modified`, `protected`, `valide`) VALUES
(1, 5, 4, '2020-05-07 12:26:30', '2020-05-07 12:26:30', 0, 1),
(2, 7, 2, '2020-05-07 12:53:24', '2020-05-07 12:53:24', 0, 1),
(3, 8, 4, '2020-05-07 12:57:57', '2020-05-07 12:57:57', 0, 1),
(4, 8, 2, '2020-05-07 12:58:24', '2020-05-07 12:58:24', 0, 1),
(5, 9, 2, '2020-05-07 13:05:06', '2020-05-07 13:05:06', 0, 1),
(6, 10, 2, '2020-05-07 13:08:39', '2020-05-07 13:08:39', 0, 1),
(7, 12, 2, '2020-05-07 13:10:32', '2020-05-07 13:10:32', 0, 1),
(8, 11, 2, '2020-05-07 13:11:12', '2020-05-07 13:11:12', 0, 1),
(9, 13, 2, '2020-05-07 13:13:09', '2020-05-07 13:13:09', 0, 1),
(10, 14, 4, '2020-05-07 13:16:23', '2020-05-07 13:16:23', 0, 1),
(11, 14, 2, '2020-05-07 13:16:34', '2020-05-07 13:16:34', 0, 1),
(12, 15, 2, '2020-05-07 13:20:27', '2020-05-07 13:20:27', 0, 1),
(13, 16, 2, '2020-05-07 13:22:29', '2020-05-07 13:22:29', 0, 1),
(14, 17, 4, '2020-05-07 13:23:09', '2020-05-07 13:23:09', 0, 1),
(15, 17, 4, '2020-05-07 13:23:20', '2020-05-07 13:23:20', 0, 1),
(16, 17, 2, '2020-05-07 13:24:39', '2020-05-07 13:24:39', 0, 1),
(17, 18, 2, '2020-05-07 13:25:10', '2020-05-07 13:25:10', 0, 1),
(18, 19, 2, '2020-05-07 13:27:54', '2020-05-07 13:27:54', 0, 1),
(19, 21, 2, '2020-05-07 13:33:00', '2020-05-07 13:33:00', 0, 1),
(20, 22, 2, '2020-05-07 13:35:01', '2020-05-07 13:35:01', 0, 1),
(21, 20, 2, '2020-05-07 13:36:50', '2020-05-07 13:36:50', 0, 1),
(22, 23, 4, '2020-05-07 13:36:55', '2020-05-07 13:36:55', 0, 1),
(23, 28, 4, '2020-05-08 09:37:39', '2020-05-08 09:37:39', 0, 1),
(24, 29, 4, '2020-05-08 12:35:13', '2020-05-08 12:35:13', 0, 1),
(25, 6, 2, '2020-05-08 12:58:46', '2020-05-08 12:58:46', 0, 1),
(26, 30, 4, '2020-05-09 09:49:44', '2020-05-09 09:49:44', 0, 1),
(27, 31, 2, '2020-05-11 14:35:47', '2020-05-11 14:35:47', 0, 1),
(28, 17, 2, '2020-05-12 14:25:46', '2020-05-12 14:25:46', 0, 1),
(29, 32, 2, '2020-05-13 13:34:08', '2020-05-13 13:34:08', 0, 1),
(30, 20, 2, '2020-05-14 10:06:58', '2020-05-14 10:06:58', 0, 1),
(31, 33, 2, '2020-05-15 07:59:29', '2020-05-15 07:59:29', 0, 1);

-- --------------------------------------------------------

--
-- Structure de la table `groupemanoeuvre`
--

CREATE TABLE `groupemanoeuvre` (
  `id` int(11) NOT NULL,
  `name` varchar(200) COLLATE utf8_bin NOT NULL,
  `created` datetime DEFAULT NULL,
  `modified` datetime DEFAULT NULL,
  `protected` int(11) NOT NULL DEFAULT 0,
  `valide` int(11) NOT NULL DEFAULT 1
) ENGINE=InnoDB DEFAULT CHARSET=utf8 COLLATE=utf8_bin;

--
-- Déchargement des données de la table `groupemanoeuvre`
--

INSERT INTO `groupemanoeuvre` (`id`, `name`, `created`, `modified`, `protected`, `valide`) VALUES
(1, 'standart', '2020-05-06 08:14:33', '2020-05-06 08:14:33', 1, 1);

-- --------------------------------------------------------

--
-- Structure de la table `groupevehicule`
--

CREATE TABLE `groupevehicule` (
  `id` int(11) NOT NULL,
  `name` varchar(200) COLLATE utf8_bin NOT NULL,
  `created` datetime DEFAULT NULL,
  `modified` datetime DEFAULT NULL,
  `protected` int(11) NOT NULL DEFAULT 0,
  `valide` int(11) NOT NULL DEFAULT 1
) ENGINE=InnoDB DEFAULT CHARSET=utf8 COLLATE=utf8_bin;

--
-- Déchargement des données de la table `groupevehicule`
--

INSERT INTO `groupevehicule` (`id`, `name`, `created`, `modified`, `protected`, `valide`) VALUES
(1, 'Camion de livraison', '2020-05-06 08:14:30', '2020-05-06 08:14:30', 1, 1),
(2, 'Véhicule de mission', '2020-05-06 08:14:30', '2020-05-06 08:14:30', 1, 1);

-- --------------------------------------------------------

--
-- Structure de la table `history`
--

CREATE TABLE `history` (
  `id` int(11) NOT NULL,
  `sentense` text COLLATE utf8_bin NOT NULL,
  `type_save` varchar(50) COLLATE utf8_bin NOT NULL,
  `record` varchar(200) COLLATE utf8_bin NOT NULL,
  `employe_id` int(11) DEFAULT NULL,
  `carplan_id` int(11) DEFAULT NULL,
  `prestataire_id` int(11) DEFAULT NULL,
  `created` datetime DEFAULT NULL,
  `modified` datetime DEFAULT NULL,
  `protected` int(11) NOT NULL DEFAULT 1,
  `valide` int(11) NOT NULL DEFAULT 1,
  `record_key` int(11) NOT NULL
) ENGINE=InnoDB DEFAULT CHARSET=utf8 COLLATE=utf8_bin;

--
-- Déchargement des données de la table `history`
--

INSERT INTO `history` (`id`, `sentense`, `type_save`, `record`, `employe_id`, `carplan_id`, `prestataire_id`, `created`, `modified`, `protected`, `valide`, `record_key`) VALUES
(1, 'Ajout d\'une nouvelle zone de livraison : Abidjan dans les paramétrages', 'insert', 'zonelivraison', NULL, NULL, NULL, '2020-05-06 08:14:30', '2020-05-06 08:14:30', 0, 1, 1),
(2, 'Ajout d\'un nouveau type de sinistre : Voiture dans les paramétrages', 'insert', 'typevehicule', NULL, NULL, NULL, '2020-05-06 08:14:30', '2020-05-06 08:14:30', 0, 1, 1),
(3, 'Ajout d\'un nouveau type de sinistre : Camion benne dans les paramétrages', 'insert', 'typevehicule', NULL, NULL, NULL, '2020-05-06 08:14:30', '2020-05-06 08:14:30', 0, 1, 2),
(4, 'Ajout d\'un nouveau type de sinistre : Tricycle dans les paramétrages', 'insert', 'typevehicule', NULL, NULL, NULL, '2020-05-06 08:14:30', '2020-05-06 08:14:30', 0, 1, 3),
(5, 'Ajout d\'un nouveau type de sinistre : Moto dans les paramétrages', 'insert', 'typevehicule', NULL, NULL, NULL, '2020-05-06 08:14:30', '2020-05-06 08:14:30', 0, 1, 4),
(6, 'Ajout d\'un nouveau type d\'operation de vehicule : Entrée de caisse dans les paramétrages', 'insert', 'typeoperationcaisse', NULL, NULL, NULL, '2020-05-06 08:14:30', '2020-05-06 08:14:30', 0, 1, 1),
(7, 'Ajout d\'un nouveau type d\'operation de vehicule : Sortie de caisse dans les paramétrages', 'insert', 'typeoperationcaisse', NULL, NULL, NULL, '2020-05-06 08:14:30', '2020-05-06 08:14:30', 0, 1, 2),
(8, 'Ajout d\'un nouveau type d\'entretien de vehicule : Accrochage dans les paramétrages', 'insert', 'typeentretienvehicule', NULL, NULL, NULL, '2020-05-06 08:14:30', '2020-05-06 08:14:30', 0, 1, 1),
(9, 'Ajout d\'un nouveau type d\'entretien de vehicule : Crevaison dans les paramétrages', 'insert', 'typeentretienvehicule', NULL, NULL, NULL, '2020-05-06 08:14:30', '2020-05-06 08:14:30', 0, 1, 2),
(10, 'Ajout d\'un nouveau type d\'entretien de vehicule : Autre dans les paramétrages', 'insert', 'typeentretienvehicule', NULL, NULL, NULL, '2020-05-06 08:14:30', '2020-05-06 08:14:30', 0, 1, 3),
(11, 'Ajout d\'un nouveau groupe de vehicule : Camion de livraison dans les paramétrages', 'insert', 'groupevehicule', NULL, NULL, NULL, '2020-05-06 08:14:30', '2020-05-06 08:14:30', 0, 1, 1),
(12, 'Ajout d\'un nouveau groupe de vehicule : Véhicule de mission dans les paramétrages', 'insert', 'groupevehicule', NULL, NULL, NULL, '2020-05-06 08:14:30', '2020-05-06 08:14:30', 0, 1, 2),
(13, 'Enregistrement d\'un nouveau véhicule N°1 immatriculé ....', 'insert', 'vehicule', NULL, NULL, NULL, '2020-05-06 08:14:30', '2020-05-06 08:14:30', 0, 1, 1),
(14, 'Enregistrement d\'un nouveau véhicule N°2 immatriculé ....', 'insert', 'vehicule', NULL, NULL, NULL, '2020-05-06 08:14:30', '2020-05-06 08:14:30', 0, 1, 2),
(15, 'Ajout d\'un nouveau type de client : Entreprise dans les paramétrages', 'insert', 'typeclient', NULL, NULL, NULL, '2020-05-06 08:14:30', '2020-05-06 08:14:30', 0, 1, 1),
(16, 'Ajout d\'un nouveau type de client : Particulier dans les paramétrages', 'insert', 'typeclient', NULL, NULL, NULL, '2020-05-06 08:14:30', '2020-05-06 08:14:30', 0, 1, 2),
(17, 'Ajout d\'un nouveau genre : Homme dans les paramétrages', 'insert', 'sexe', NULL, NULL, NULL, '2020-05-06 08:14:30', '2020-05-06 08:14:30', 0, 1, 1),
(18, 'Ajout d\'un nouveau genre : Femme dans les paramétrages', 'insert', 'sexe', NULL, NULL, NULL, '2020-05-06 08:14:30', '2020-05-06 08:14:30', 0, 1, 2),
(19, 'Ajout d\'un nouveau type d\'operation de vehicule : master dans les paramétrages', 'insert', 'role', NULL, NULL, NULL, '2020-05-06 08:14:30', '2020-05-06 08:14:30', 0, 1, 1),
(20, 'Ajout d\'un nouveau type d\'operation de vehicule : production dans les paramétrages', 'insert', 'role', NULL, NULL, NULL, '2020-05-06 08:14:30', '2020-05-06 08:14:30', 0, 1, 2),
(21, 'Ajout d\'un nouveau type d\'operation de vehicule : caisse dans les paramétrages', 'insert', 'role', NULL, NULL, NULL, '2020-05-06 08:14:30', '2020-05-06 08:14:30', 0, 1, 3),
(22, 'Ajout d\'un nouveau type d\'operation de vehicule : parametres dans les paramétrages', 'insert', 'role', NULL, NULL, NULL, '2020-05-06 08:14:30', '2020-05-06 08:14:30', 0, 1, 4),
(23, 'Ajout d\'un nouveau type d\'operation de vehicule : paye des manoeuvre dans les paramétrages', 'insert', 'role', NULL, NULL, NULL, '2020-05-06 08:14:30', '2020-05-06 08:14:30', 0, 1, 5),
(24, 'Ajout d\'un nouveau type d\'operation de vehicule : modifier-supprimer dans les paramétrages', 'insert', 'role', NULL, NULL, NULL, '2020-05-06 08:14:30', '2020-05-06 08:14:30', 0, 1, 6),
(25, 'Ajout d\'un nouveau type d\'operation de vehicule : archives dans les paramétrages', 'insert', 'role', NULL, NULL, NULL, '2020-05-06 08:14:30', '2020-05-06 08:14:30', 0, 1, 7),
(26, 'Nouvelle Installation, premier démarrage', 'insert', 'mycompte', NULL, NULL, NULL, '2020-05-06 08:14:30', '2020-05-06 08:14:30', 0, 1, 1),
(27, 'Ajout d\'un nouveau prestataire : Devaris PRESTATAIRE', 'insert', 'prestataire', NULL, NULL, NULL, '2020-05-06 08:14:30', '2020-05-06 08:14:30', 0, 1, 1),
(28, 'Ajout d\'un nouveau prestataire : Devaris FOURNISSEUR', 'insert', 'fournisseur', NULL, NULL, NULL, '2020-05-06 08:14:30', '2020-05-06 08:14:30', 0, 1, 1),
(29, 'Ajout d\'un nouvel employé dans votre gestion :Devaris 21', 'insert', 'client', NULL, NULL, NULL, '2020-05-06 08:14:30', '2020-05-06 08:14:30', 0, 1, 1),
(30, 'Ajout d\'un nouveau employe dans le parc auto : Super Administrateur', 'insert', 'employe', NULL, NULL, NULL, '2020-05-06 08:14:30', '2020-05-06 08:14:30', 0, 1, 1),
(31, 'Ajout d\'un nouveau produit : HOURDIS dans les paramétrages', 'insert', 'produit', NULL, NULL, NULL, '2020-05-06 08:14:30', '2020-05-06 08:14:30', 0, 1, 1),
(32, 'Ajout d\'un nouveau produit : AC 15 dans les paramétrages', 'insert', 'produit', NULL, NULL, NULL, '2020-05-06 08:14:31', '2020-05-06 08:14:31', 0, 1, 2),
(33, 'Ajout d\'un nouveau produit : AP 15 dans les paramétrages', 'insert', 'produit', NULL, NULL, NULL, '2020-05-06 08:14:31', '2020-05-06 08:14:31', 0, 1, 3),
(34, 'Ajout d\'un nouveau produit : BTC 15 dans les paramétrages', 'insert', 'produit', NULL, NULL, NULL, '2020-05-06 08:14:31', '2020-05-06 08:14:31', 0, 1, 4),
(35, 'Ajout d\'un nouveau produit : BTC 18 dans les paramétrages', 'insert', 'produit', NULL, NULL, NULL, '2020-05-06 08:14:31', '2020-05-06 08:14:31', 0, 1, 5),
(36, 'Ajout d\'une nouvelle ressource : CIMENT dans les paramétrages', 'insert', 'ressource', NULL, NULL, NULL, '2020-05-06 08:14:31', '2020-05-06 08:14:31', 0, 1, 1),
(37, 'Ajout d\'une nouvelle ressource : SABLE dans les paramétrages', 'insert', 'ressource', NULL, NULL, NULL, '2020-05-06 08:14:32', '2020-05-06 08:14:32', 0, 1, 2),
(38, 'Ajout d\'une nouvelle ressource : GRAVIER dans les paramétrages', 'insert', 'ressource', NULL, NULL, NULL, '2020-05-06 08:14:32', '2020-05-06 08:14:32', 0, 1, 3),
(39, 'Ajout d\'une nouvelle ressource : TERRE dans les paramétrages', 'insert', 'ressource', NULL, NULL, NULL, '2020-05-06 08:14:33', '2020-05-06 08:14:33', 0, 1, 4),
(40, 'Ajout d\'un nouveau type de transmission de vehicule : standart dans les paramétrages', 'insert', 'typetransmission', NULL, NULL, NULL, '2020-05-06 08:14:33', '2020-05-06 08:14:33', 0, 1, 1),
(41, 'Ajout d\'un nouveau type de prestataire : standart dans les paramétrages', 'insert', 'typeprestataire', NULL, NULL, NULL, '2020-05-06 08:14:33', '2020-05-06 08:14:33', 0, 1, 1),
(42, 'Ajout d\'un nouveau type de demande de vehicule : standart dans les paramétrages', 'insert', 'groupemanoeuvre', NULL, NULL, NULL, '2020-05-06 08:14:33', '2020-05-06 08:14:33', 0, 1, 1),
(43, 'Ajout d\'un nouveau type de vehicule : standart dans les paramétrages', 'insert', 'typesuggestion', NULL, NULL, NULL, '2020-05-06 08:14:33', '2020-05-06 08:14:33', 0, 1, 1),
(44, 'Modification des informations du employe 1 Super Administrateur', 'update', 'employe', NULL, NULL, NULL, '2020-05-06 08:15:08', '2020-05-06 08:15:08', 0, 1, 1),
(45, 'Nouvelle connexion', 'insert', 'connexion', 1, NULL, NULL, '2020-05-06 08:15:08', '2020-05-06 08:15:08', 0, 1, 1),
(46, 'Ajout d\'une nouvelle zone de livraison : Adjaké dans les paramétrages', 'insert', 'zonelivraison', 1, NULL, NULL, '2020-05-06 08:20:38', '2020-05-06 08:20:38', 0, 1, 2),
(47, 'Ajout d\'une nouvelle zone de livraison : Assini dans les paramétrages', 'insert', 'zonelivraison', 1, NULL, NULL, '2020-05-06 08:22:54', '2020-05-06 08:22:54', 0, 1, 3),
(48, 'Ajout d\'une nouvelle zone de livraison : Assini 2 dans les paramétrages', 'insert', 'zonelivraison', 1, NULL, NULL, '2020-05-06 08:26:41', '2020-05-06 08:26:41', 0, 1, 4),
(49, 'Ajout d\'une nouvelle zone de livraison : Assini  3 dans les paramétrages', 'insert', 'zonelivraison', 1, NULL, NULL, '2020-05-06 08:28:38', '2020-05-06 08:28:38', 0, 1, 5),
(50, 'Ajout d\'une nouvelle zone de livraison : Bonoua dans les paramétrages', 'insert', 'zonelivraison', 1, NULL, NULL, '2020-05-06 08:31:17', '2020-05-06 08:31:17', 0, 1, 6),
(51, 'Ajout d\'une nouvelle zone de livraison : Bonoua 2 dans les paramétrages', 'insert', 'zonelivraison', 1, NULL, NULL, '2020-05-06 08:31:33', '2020-05-06 08:31:33', 0, 1, 7),
(52, 'Ajout d\'une nouvelle zone de livraison : Bonoua  3 dans les paramétrages', 'insert', 'zonelivraison', 1, NULL, NULL, '2020-05-06 08:31:48', '2020-05-06 08:31:48', 0, 1, 8),
(53, 'Ajout d\'une nouvelle zone de livraison : Yaou  dans les paramétrages', 'insert', 'zonelivraison', 1, NULL, NULL, '2020-05-06 08:31:59', '2020-05-06 08:31:59', 0, 1, 9),
(54, 'Ajout d\'une nouvelle zone de livraison : Yaou 2 dans les paramétrages', 'insert', 'zonelivraison', 1, NULL, NULL, '2020-05-06 08:32:08', '2020-05-06 08:32:08', 0, 1, 10),
(55, 'Ajout d\'une nouvelle zone de livraison : Yaou 3 dans les paramétrages', 'insert', 'zonelivraison', 1, NULL, NULL, '2020-05-06 08:32:28', '2020-05-06 08:32:28', 0, 1, 11),
(56, 'Ajout d\'une nouvelle zone de livraison : Grand Bassam  dans les paramétrages', 'insert', 'zonelivraison', 1, NULL, NULL, '2020-05-06 08:33:13', '2020-05-06 08:33:13', 0, 1, 12),
(57, 'Ajout d\'une nouvelle zone de livraison : Grand Bassam 2 dans les paramétrages', 'insert', 'zonelivraison', 1, NULL, NULL, '2020-05-06 08:33:21', '2020-05-06 08:33:21', 0, 1, 13),
(58, 'Ajout d\'une nouvelle zone de livraison : Grand Bassam 3 dans les paramétrages', 'insert', 'zonelivraison', 1, NULL, NULL, '2020-05-06 08:33:44', '2020-05-06 08:33:44', 0, 1, 14),
(59, 'Ajout d\'une nouvelle zone de livraison : Samo dans les paramétrages', 'insert', 'zonelivraison', 1, NULL, NULL, '2020-05-06 08:33:53', '2020-05-06 08:33:53', 0, 1, 15),
(60, 'Ajout d\'une nouvelle zone de livraison : Samo 2 dans les paramétrages', 'insert', 'zonelivraison', 1, NULL, NULL, '2020-05-06 08:34:02', '2020-05-06 08:34:02', 0, 1, 16),
(61, 'Ajout d\'une nouvelle zone de livraison : Samo 3 dans les paramétrages', 'insert', 'zonelivraison', 1, NULL, NULL, '2020-05-06 08:34:17', '2020-05-06 08:34:17', 0, 1, 17),
(62, 'Ajout d\'une nouvelle zone de livraison : Abidjan 2 dans les paramétrages', 'insert', 'zonelivraison', 1, NULL, NULL, '2020-05-06 08:34:50', '2020-05-06 08:34:50', 0, 1, 18),
(63, 'Ajout d\'une nouvelle zone de livraison : Adiake 2 dans les paramétrages', 'insert', 'zonelivraison', 1, NULL, NULL, '2020-05-06 08:35:03', '2020-05-06 08:35:03', 0, 1, 19),
(64, 'Ajout d\'une nouvelle zone de livraison : Adiake 3 dans les paramétrages', 'insert', 'zonelivraison', 1, NULL, NULL, '2020-05-06 08:35:12', '2020-05-06 08:35:12', 0, 1, 20),
(65, 'Modification des informations de la zone de livraison 19 : Adjake 2 ', 'update', 'zonelivraison', 1, NULL, NULL, '2020-05-06 08:35:57', '2020-05-06 08:35:57', 0, 1, 19),
(66, 'Modification des informations de la zone de livraison 20 : Adjake 3 ', 'update', 'zonelivraison', 1, NULL, NULL, '2020-05-06 08:36:05', '2020-05-06 08:36:05', 0, 1, 20),
(67, 'Ajout d\'une nouvelle zone de livraison : Bonoua 2 dans les paramétrages', 'insert', 'zonelivraison', 1, NULL, NULL, '2020-05-06 08:36:58', '2020-05-06 08:36:58', 0, 1, 21),
(68, 'Ajout d\'un nouveau produit : AC 12 dans les paramétrages', 'insert', 'produit', 1, NULL, NULL, '2020-05-06 08:47:24', '2020-05-06 08:47:24', 0, 1, 6),
(69, 'Modification des informations du produit 2 : AC 15 ', 'update', 'produit', 1, NULL, NULL, '2020-05-06 09:05:16', '2020-05-06 09:05:16', 0, 1, 2),
(70, 'Modification des informations du produit 3 : AP 15 ', 'update', 'produit', 1, NULL, NULL, '2020-05-06 09:06:15', '2020-05-06 09:06:15', 0, 1, 3),
(71, 'Modification des informations du produit 4 : BTC 15 ', 'update', 'produit', 1, NULL, NULL, '2020-05-06 09:06:43', '2020-05-06 09:06:43', 0, 1, 4),
(72, 'Modification des informations du produit 5 : BTC 18 ', 'update', 'produit', 1, NULL, NULL, '2020-05-06 09:07:02', '2020-05-06 09:07:02', 0, 1, 5),
(73, 'Modification des informations du produit 1 : HOURDIS ', 'update', 'produit', 1, NULL, NULL, '2020-05-06 09:07:28', '2020-05-06 09:07:28', 0, 1, 1),
(74, 'Modification des informations de la connexion de Super Administrateur du  06 Mai 2020 à 08:15', 'update', 'connexion', NULL, NULL, NULL, '2020-05-06 16:51:53', '2020-05-06 16:51:53', 0, 1, 1),
(75, 'Nouvelle connexion', 'insert', 'connexion', 1, NULL, NULL, '2020-05-06 16:51:54', '2020-05-06 16:51:54', 0, 1, 2),
(76, 'Modification des informations de la connexion de Super Administrateur du  06 Mai 2020 à 16:51', 'update', 'connexion', NULL, NULL, NULL, '2020-05-06 17:47:55', '2020-05-06 17:47:55', 0, 1, 2),
(77, 'Nouvelle connexion', 'insert', 'connexion', 1, NULL, NULL, '2020-05-06 17:47:55', '2020-05-06 17:47:55', 0, 1, 3),
(78, 'Ajout d\'un nouvel employé dans votre gestion :Koffi jean', 'insert', 'client', 1, NULL, NULL, '2020-05-06 17:49:59', '2020-05-06 17:49:59', 0, 1, 2),
(79, 'Modification des informations de l\'employé Koffi jean', 'update', 'client', 1, NULL, NULL, '2020-05-06 17:52:25', '2020-05-06 17:52:25', 0, 1, 2),
(80, 'Modification des informations de la connexion de Super Administrateur du  06 Mai 2020 à 17:47', 'update', 'connexion', NULL, NULL, NULL, '2020-05-06 21:08:20', '2020-05-06 21:08:20', 0, 1, 3),
(81, 'Nouvelle connexion', 'insert', 'connexion', 1, NULL, NULL, '2020-05-06 21:08:20', '2020-05-06 21:08:20', 0, 1, 4),
(82, 'Modification des informations de la connexion de Super Administrateur du  06 Mai 2020 à 21:08', 'update', 'connexion', NULL, NULL, NULL, '2020-05-06 21:30:56', '2020-05-06 21:30:56', 0, 1, 4),
(83, 'Nouvelle connexion', 'insert', 'connexion', 1, NULL, NULL, '2020-05-06 21:30:56', '2020-05-06 21:30:56', 0, 1, 5),
(84, 'Ajout d\'une nouvelle zone de livraison : Abidjan 3 dans les paramétrages', 'insert', 'zonelivraison', 1, NULL, NULL, '2020-05-06 21:48:48', '2020-05-06 21:48:48', 0, 1, 22),
(85, 'Modification des informations de la zone de livraison 20 : Aboisso ', 'update', 'zonelivraison', 1, NULL, NULL, '2020-05-06 22:10:18', '2020-05-06 22:10:18', 0, 1, 20),
(86, 'Ajout d\'une nouvelle zone de livraison : Aboisso 2 dans les paramétrages', 'insert', 'zonelivraison', 1, NULL, NULL, '2020-05-06 22:10:35', '2020-05-06 22:10:35', 0, 1, 23),
(87, 'Ajout d\'une nouvelle zone de livraison : 8 Kilos dans les paramétrages', 'insert', 'zonelivraison', 1, NULL, NULL, '2020-05-06 22:11:22', '2020-05-06 22:11:22', 0, 1, 24),
(88, 'Ajout d\'une nouvelle zone de livraison : 8 Kilos 2 dans les paramétrages', 'insert', 'zonelivraison', 1, NULL, NULL, '2020-05-06 22:11:43', '2020-05-06 22:11:43', 0, 1, 25),
(89, 'Ajout d\'une nouvelle zone de livraison : 8 Kilos 3 dans les paramétrages', 'insert', 'zonelivraison', 1, NULL, NULL, '2020-05-06 22:11:57', '2020-05-06 22:11:57', 0, 1, 26),
(90, 'Modification des informations de la zone de livraison 3 : Assinie ', 'update', 'zonelivraison', 1, NULL, NULL, '2020-05-06 22:18:47', '2020-05-06 22:18:47', 0, 1, 3),
(91, 'Modification des informations de la zone de livraison 2 : Adiaké ', 'update', 'zonelivraison', 1, NULL, NULL, '2020-05-06 22:19:01', '2020-05-06 22:19:01', 0, 1, 2),
(92, 'Modification des informations de la zone de livraison 19 : Adiake 2 ', 'update', 'zonelivraison', 1, NULL, NULL, '2020-05-06 22:19:36', '2020-05-06 22:19:36', 0, 1, 19),
(93, 'Modification des informations de la zone de livraison 5 : Assinie  3 ', 'update', 'zonelivraison', 1, NULL, NULL, '2020-05-06 22:19:41', '2020-05-06 22:19:41', 0, 1, 5),
(94, 'Modification des informations de la zone de livraison 4 : Assinie 2 ', 'update', 'zonelivraison', 1, NULL, NULL, '2020-05-06 22:19:59', '2020-05-06 22:19:59', 0, 1, 4),
(95, 'Modification des informations de la ressource 1 : CIMENT ', 'update', 'ressource', 1, NULL, NULL, '2020-05-06 22:21:42', '2020-05-06 22:21:42', 0, 1, 1),
(96, 'Modification des informations de la ressource 3 : GRAVIER ', 'update', 'ressource', 1, NULL, NULL, '2020-05-06 22:24:18', '2020-05-06 22:24:18', 0, 1, 3),
(97, 'Modification des informations de la ressource 2 : SABLE ', 'update', 'ressource', 1, NULL, NULL, '2020-05-06 22:24:31', '2020-05-06 22:24:31', 0, 1, 2),
(98, 'Modification des informations de la ressource 4 : TERRE ', 'update', 'ressource', 1, NULL, NULL, '2020-05-06 22:25:01', '2020-05-06 22:25:01', 0, 1, 4),
(99, 'Modification des informations de la connexion de Super Administrateur du  06 Mai 2020 à 21:30', 'update', 'connexion', NULL, NULL, NULL, '2020-05-07 08:54:38', '2020-05-07 08:54:38', 0, 1, 5),
(100, 'Nouvelle connexion', 'insert', 'connexion', 1, NULL, NULL, '2020-05-07 08:54:38', '2020-05-07 08:54:38', 0, 1, 6),
(101, 'Modification des informations de la connexion de Super Administrateur du  07 Mai 2020 à 08:54', 'update', 'connexion', NULL, NULL, NULL, '2020-05-07 09:28:02', '2020-05-07 09:28:02', 0, 1, 6),
(102, 'Nouvelle connexion', 'insert', 'connexion', 1, NULL, NULL, '2020-05-07 09:28:02', '2020-05-07 09:28:02', 0, 1, 7),
(103, 'Modification des informations du produit 1 : HOURDIS ', 'update', 'produit', 1, NULL, NULL, '2020-05-07 09:31:47', '2020-05-07 09:31:47', 0, 1, 1),
(104, 'Modification des informations du produit 1 : HOURDIS ', 'update', 'produit', 1, NULL, NULL, '2020-05-07 09:31:47', '2020-05-07 09:31:47', 0, 1, 1),
(105, 'Modification des informations du produit 5 : BTC 18 ', 'update', 'produit', 1, NULL, NULL, '2020-05-07 09:32:02', '2020-05-07 09:32:02', 0, 1, 5),
(106, 'Modification des informations du produit 5 : BTC 18 ', 'update', 'produit', 1, NULL, NULL, '2020-05-07 09:32:02', '2020-05-07 09:32:02', 0, 1, 5),
(107, 'Modification des informations du produit 4 : BTC 15 ', 'update', 'produit', 1, NULL, NULL, '2020-05-07 09:32:17', '2020-05-07 09:32:17', 0, 1, 4),
(108, 'Modification des informations du produit 4 : BTC 15 ', 'update', 'produit', 1, NULL, NULL, '2020-05-07 09:32:17', '2020-05-07 09:32:17', 0, 1, 4),
(109, 'Modification des informations du produit 3 : AP 15 ', 'update', 'produit', 1, NULL, NULL, '2020-05-07 09:32:37', '2020-05-07 09:32:37', 0, 1, 3),
(110, 'Modification des informations du produit 3 : AP 15 ', 'update', 'produit', 1, NULL, NULL, '2020-05-07 09:32:37', '2020-05-07 09:32:37', 0, 1, 3),
(111, 'Modification des informations du produit 2 : AC 15 ', 'update', 'produit', 1, NULL, NULL, '2020-05-07 09:32:55', '2020-05-07 09:32:55', 0, 1, 2),
(112, 'Modification des informations du produit 2 : AC 15 ', 'update', 'produit', 1, NULL, NULL, '2020-05-07 09:32:55', '2020-05-07 09:32:55', 0, 1, 2),
(113, 'Modification des informations de la connexion de Super Administrateur du  07 Mai 2020 à 09:28', 'update', 'connexion', NULL, NULL, NULL, '2020-05-07 09:49:22', '2020-05-07 09:49:22', 0, 1, 7),
(114, 'Nouvelle connexion', 'insert', 'connexion', 1, NULL, NULL, '2020-05-07 09:49:22', '2020-05-07 09:49:22', 0, 1, 8),
(115, 'Ajout d\'un nouveau employe dans le parc auto : Konan', 'insert', 'employe', 1, NULL, NULL, '2020-05-07 09:54:09', '2020-05-07 09:54:09', 0, 1, 2),
(116, 'Ajout d\'un nouveau employe dans le parc auto : Dandjinou', 'insert', 'employe', 1, NULL, NULL, '2020-05-07 09:56:33', '2020-05-07 09:56:33', 0, 1, 3),
(117, 'Modification des informations du employe 2 Konan', 'update', 'employe', NULL, NULL, NULL, '2020-05-07 10:00:58', '2020-05-07 10:00:58', 0, 1, 2),
(118, 'Nouvelle connexion', 'insert', 'connexion', 2, NULL, NULL, '2020-05-07 10:00:58', '2020-05-07 10:00:58', 0, 1, 9),
(119, 'Modification des informations du employe 3 Dandjinou', 'update', 'employe', NULL, NULL, NULL, '2020-05-07 10:02:00', '2020-05-07 10:02:00', 0, 1, 3),
(120, 'Nouvelle connexion', 'insert', 'connexion', 3, NULL, NULL, '2020-05-07 10:02:00', '2020-05-07 10:02:00', 0, 1, 10),
(121, 'Modification des informations de la connexion de Konan du  07 Mai 2020 à 10:00', 'update', 'connexion', 2, NULL, NULL, '2020-05-07 10:02:33', '2020-05-07 10:02:33', 0, 1, 9),
(122, 'Modification des informations du employe 2 Konan Modeste', 'update', 'employe', 1, NULL, NULL, '2020-05-07 10:02:44', '2020-05-07 10:02:44', 0, 1, 2),
(123, 'Nouvelle connexion', 'insert', 'connexion', 2, NULL, NULL, '2020-05-07 10:03:01', '2020-05-07 10:03:01', 0, 1, 11),
(124, 'Modification des informations du employe 3 Dandjinou Marie Ange', 'update', 'employe', 1, NULL, NULL, '2020-05-07 10:03:15', '2020-05-07 10:03:15', 0, 1, 3),
(125, 'Modification des informations de la connexion de Dandjinou Marie Ange du  07 Mai 2020 à 10:02', 'update', 'connexion', NULL, NULL, NULL, '2020-05-07 10:04:27', '2020-05-07 10:04:27', 0, 1, 10),
(126, 'Nouvelle connexion', 'insert', 'connexion', 3, NULL, NULL, '2020-05-07 10:04:27', '2020-05-07 10:04:27', 0, 1, 12),
(127, 'Modification des informations de la connexion de Konan Modeste du  07 Mai 2020 à 10:03', 'update', 'connexion', NULL, NULL, NULL, '2020-05-07 10:42:17', '2020-05-07 10:42:17', 0, 1, 11),
(128, 'Nouvelle connexion', 'insert', 'connexion', 2, NULL, NULL, '2020-05-07 10:42:17', '2020-05-07 10:42:17', 0, 1, 13),
(129, 'Modification des informations de la connexion de Super Administrateur du  07 Mai 2020 à 09:49', 'update', 'connexion', NULL, NULL, NULL, '2020-05-07 11:00:52', '2020-05-07 11:00:52', 0, 1, 8),
(130, 'Nouvelle connexion', 'insert', 'connexion', 1, NULL, NULL, '2020-05-07 11:00:52', '2020-05-07 11:00:52', 0, 1, 14),
(131, 'Modification des informations de la connexion de Konan Modeste du  07 Mai 2020 à 10:42', 'update', 'connexion', NULL, NULL, NULL, '2020-05-07 11:02:02', '2020-05-07 11:02:02', 0, 1, 13),
(132, 'Nouvelle connexion', 'insert', 'connexion', 2, NULL, NULL, '2020-05-07 11:02:02', '2020-05-07 11:02:02', 0, 1, 15),
(133, 'Ajout d\'un nouveau type de sinistre : Camionnette dans les paramétrages', 'insert', 'typevehicule', 1, NULL, NULL, '2020-05-07 11:07:10', '2020-05-07 11:07:10', 0, 1, 5),
(134, 'Ajout d\'un nouveau type de sinistre : Remorque dans les paramétrages', 'insert', 'typevehicule', 1, NULL, NULL, '2020-05-07 11:08:04', '2020-05-07 11:08:04', 0, 1, 6),
(135, 'Modification des informations de la connexion de Konan Modeste du  07 Mai 2020 à 11:02', 'update', 'connexion', NULL, NULL, NULL, '2020-05-07 11:08:22', '2020-05-07 11:08:22', 0, 1, 15),
(136, 'Nouvelle connexion', 'insert', 'connexion', 2, NULL, NULL, '2020-05-07 11:08:22', '2020-05-07 11:08:22', 0, 1, 16),
(137, 'Enregistrement d\'un nouveau véhicule N°3 immatriculé 7363FR01.', 'insert', 'vehicule', 3, NULL, NULL, '2020-05-07 11:10:29', '2020-05-07 11:10:29', 0, 1, 3),
(138, 'Enregistrement d\'un nouveau véhicule N°4 immatriculé 6030HE01.', 'insert', 'vehicule', 3, NULL, NULL, '2020-05-07 11:14:00', '2020-05-07 11:14:00', 0, 1, 4),
(139, 'Enregistrement d\'un nouveau véhicule N°5 immatriculé 1322GH01.', 'insert', 'vehicule', 3, NULL, NULL, '2020-05-07 11:16:12', '2020-05-07 11:16:12', 0, 1, 5),
(140, 'Modification des infos du véhicule N°5 immatriculé 1322GH01.', 'update', 'vehicule', 1, NULL, NULL, '2020-05-07 11:18:58', '2020-05-07 11:18:58', 0, 1, 5),
(141, 'Ajout d\'un nouveau chauffeur dans votre gestion : kone soulemane', 'insert', 'chauffeur', 2, NULL, NULL, '2020-05-07 11:21:04', '2020-05-07 11:21:04', 0, 1, 1),
(142, 'Enregistrement d\'un nouveau véhicule N°6 immatriculé 1403JN01 /337JN01.', 'insert', 'vehicule', 3, NULL, NULL, '2020-05-07 11:25:15', '2020-05-07 11:25:15', 0, 1, 6),
(143, 'Enregistrement d\'un nouveau machine Malaxeur Electrique', 'insert', 'machine', 3, NULL, NULL, '2020-05-07 11:28:59', '2020-05-07 11:28:59', 0, 1, 1),
(144, 'Modification des informations de la connexion de Konan Modeste du  07 Mai 2020 à 11:08', 'update', 'connexion', NULL, NULL, NULL, '2020-05-07 11:31:10', '2020-05-07 11:31:10', 0, 1, 16),
(145, 'Nouvelle connexion', 'insert', 'connexion', 2, NULL, NULL, '2020-05-07 11:31:10', '2020-05-07 11:31:10', 0, 1, 17),
(146, 'Enregistrement d\'un nouveau machine Gros Malaxeur', 'insert', 'machine', 3, NULL, NULL, '2020-05-07 11:31:28', '2020-05-07 11:31:28', 0, 1, 2),
(147, 'Enregistrement d\'un nouveau machine twin Une Tete', 'insert', 'machine', 3, NULL, NULL, '2020-05-07 11:37:02', '2020-05-07 11:37:02', 0, 1, 3),
(148, 'Ajout d\'un nouveau chauffeur dans votre gestion : kone adama', 'insert', 'chauffeur', 2, NULL, NULL, '2020-05-07 11:37:10', '2020-05-07 11:37:10', 0, 1, 2),
(149, 'Enregistrement d\'un nouveau machine Machine Electrique', 'insert', 'machine', 3, NULL, NULL, '2020-05-07 11:38:31', '2020-05-07 11:38:31', 0, 1, 4),
(150, 'Ajout d\'un nouveau chauffeur dans votre gestion : kone adama', 'insert', 'chauffeur', 2, NULL, NULL, '2020-05-07 11:39:22', '2020-05-07 11:39:22', 0, 1, 3),
(151, 'Enregistrement d\'un nouveau machine Machine Agglos', 'insert', 'machine', 3, NULL, NULL, '2020-05-07 11:39:42', '2020-05-07 11:39:42', 0, 1, 5),
(152, 'Modification des informations de la connexion de Konan Modeste du  07 Mai 2020 à 11:31', 'update', 'connexion', NULL, NULL, NULL, '2020-05-07 11:39:55', '2020-05-07 11:39:55', 0, 1, 17),
(153, 'Nouvelle connexion', 'insert', 'connexion', 2, NULL, NULL, '2020-05-07 11:39:55', '2020-05-07 11:39:55', 0, 1, 18),
(154, 'Ajout d\'un nouveau chauffeur dans votre gestion : ouedrawogo aboulay', 'insert', 'chauffeur', 2, NULL, NULL, '2020-05-07 11:43:26', '2020-05-07 11:43:26', 0, 1, 4),
(155, 'Enregistrement d\'un nouveau machine M7 Super 01 BTC', 'insert', 'machine', 3, NULL, NULL, '2020-05-07 11:44:11', '2020-05-07 11:44:11', 0, 1, 6),
(156, 'Enregistrement d\'un nouveau machine M7 Super02 BTC', 'insert', 'machine', 3, NULL, NULL, '2020-05-07 11:45:21', '2020-05-07 11:45:21', 0, 1, 7),
(157, 'Enregistrement d\'un nouveau machine M7 2 Tete', 'insert', 'machine', 3, NULL, NULL, '2020-05-07 11:46:14', '2020-05-07 11:46:14', 0, 1, 8),
(158, 'Ajout d\'un nouveau chauffeur dans votre gestion : fofana oumar', 'insert', 'chauffeur', 2, NULL, NULL, '2020-05-07 11:47:47', '2020-05-07 11:47:47', 0, 1, 5),
(159, 'Modification des informations de la connexion de Super Administrateur du  07 Mai 2020 à 11:00', 'update', 'connexion', 1, NULL, NULL, '2020-05-07 12:16:39', '2020-05-07 12:16:39', 0, 1, 14),
(160, 'Modification des informations de la connexion de Konan Modeste du  07 Mai 2020 à 11:39', 'update', 'connexion', NULL, NULL, NULL, '2020-05-07 12:17:14', '2020-05-07 12:17:14', 0, 1, 18),
(161, 'Nouvelle connexion', 'insert', 'connexion', 2, NULL, NULL, '2020-05-07 12:17:14', '2020-05-07 12:17:14', 0, 1, 19),
(162, 'Modification des informations de la connexion de Dandjinou Marie Ange du  07 Mai 2020 à 10:04', 'update', 'connexion', NULL, NULL, NULL, '2020-05-07 12:17:36', '2020-05-07 12:17:36', 0, 1, 12),
(163, 'Nouvelle connexion', 'insert', 'connexion', 3, NULL, NULL, '2020-05-07 12:17:36', '2020-05-07 12:17:36', 0, 1, 20),
(164, 'Ajout d\'un nouvel employé dans votre gestion :ME ', 'insert', 'client', 2, NULL, NULL, '2020-05-07 12:20:08', '2020-05-07 12:20:08', 0, 1, 3),
(165, 'Ajout d\'un nouvel employé dans votre gestion :ME ', 'insert', 'client', 2, NULL, NULL, '2020-05-07 12:20:09', '2020-05-07 12:20:09', 0, 1, 4),
(166, 'Ajout d\'un nouvel employé dans votre gestion :Mr Diabi', 'insert', 'client', 3, NULL, NULL, '2020-05-07 12:21:20', '2020-05-07 12:21:20', 0, 1, 5),
(167, 'Modification des informations de la connexion de Konan Modeste du  07 Mai 2020 à 12:17', 'update', 'connexion', NULL, NULL, NULL, '2020-05-07 12:21:38', '2020-05-07 12:21:38', 0, 1, 19),
(168, 'Nouvelle connexion', 'insert', 'connexion', 2, NULL, NULL, '2020-05-07 12:21:38', '2020-05-07 12:21:38', 0, 1, 21),
(169, 'Ajout d\'un nouvel employé dans votre gestion :me ouattara', 'insert', 'client', 2, NULL, NULL, '2020-05-07 12:25:03', '2020-05-07 12:25:03', 0, 1, 6),
(170, 'Ajout d\'un nouvel employé dans votre gestion :Mr SOTTI', 'insert', 'client', 3, NULL, NULL, '2020-05-07 12:29:00', '2020-05-07 12:29:00', 0, 1, 7),
(171, 'Modification des informations de la connexion de Konan Modeste du  07 Mai 2020 à 12:21', 'update', 'connexion', NULL, NULL, NULL, '2020-05-07 12:53:39', '2020-05-07 12:53:39', 0, 1, 21),
(172, 'Nouvelle connexion', 'insert', 'connexion', 2, NULL, NULL, '2020-05-07 12:53:39', '2020-05-07 12:53:39', 0, 1, 22),
(173, 'Ajout d\'un nouvel employé dans votre gestion :Mr Kouamé', 'insert', 'client', 3, NULL, NULL, '2020-05-07 12:54:24', '2020-05-07 12:54:24', 0, 1, 8),
(174, 'Ajout d\'un nouvel employé dans votre gestion :MR KRAIDY', 'insert', 'client', 2, NULL, NULL, '2020-05-07 12:58:27', '2020-05-07 12:58:27', 0, 1, 9),
(175, 'Modification des informations de la connexion de Konan Modeste du  07 Mai 2020 à 12:53', 'update', 'connexion', NULL, NULL, NULL, '2020-05-07 12:59:02', '2020-05-07 12:59:02', 0, 1, 22),
(176, 'Nouvelle connexion', 'insert', 'connexion', 2, NULL, NULL, '2020-05-07 12:59:02', '2020-05-07 12:59:02', 0, 1, 23),
(177, 'Ajout d\'un nouvel employé dans votre gestion :MR EDEE', 'insert', 'client', 3, NULL, NULL, '2020-05-07 13:01:09', '2020-05-07 13:01:09', 0, 1, 10),
(178, 'Ajout d\'un nouvel employé dans votre gestion :MR NOGBOU', 'insert', 'client', 2, NULL, NULL, '2020-05-07 13:07:34', '2020-05-07 13:07:34', 0, 1, 11),
(179, 'Ajout d\'un nouvel employé dans votre gestion :Mr Maboui', 'insert', 'client', 3, NULL, NULL, '2020-05-07 13:09:15', '2020-05-07 13:09:15', 0, 1, 12),
(180, 'Ajout d\'un nouvel employé dans votre gestion :Mr Kouassi', 'insert', 'client', 3, NULL, NULL, '2020-05-07 13:11:13', '2020-05-07 13:11:13', 0, 1, 13),
(181, 'Ajout d\'un nouvel employé dans votre gestion :Mr Yao Bi', 'insert', 'client', 3, NULL, NULL, '2020-05-07 13:13:46', '2020-05-07 13:13:46', 0, 1, 14),
(182, 'Modification des informations de la connexion de Konan Modeste du  07 Mai 2020 à 12:59', 'update', 'connexion', NULL, NULL, NULL, '2020-05-07 13:17:04', '2020-05-07 13:17:04', 0, 1, 23),
(183, 'Nouvelle connexion', 'insert', 'connexion', 2, NULL, NULL, '2020-05-07 13:17:04', '2020-05-07 13:17:04', 0, 1, 24),
(184, 'Ajout d\'un nouvel employé dans votre gestion :Mr Porké', 'insert', 'client', 3, NULL, NULL, '2020-05-07 13:17:07', '2020-05-07 13:17:07', 0, 1, 15),
(185, 'Ajout d\'un nouvel employé dans votre gestion :Mme Elisabeth', 'insert', 'client', 3, NULL, NULL, '2020-05-07 13:21:06', '2020-05-07 13:21:06', 0, 1, 16),
(186, 'Ajout d\'un nouvel employé dans votre gestion :couple kanbou', 'insert', 'client', 2, NULL, NULL, '2020-05-07 13:21:09', '2020-05-07 13:21:09', 0, 1, 17),
(187, 'Ajout d\'un nouvel employé dans votre gestion :Mr N\'doua', 'insert', 'client', 3, NULL, NULL, '2020-05-07 13:22:54', '2020-05-07 13:22:54', 0, 1, 18),
(188, 'Nouvelle connexion', 'insert', 'connexion', 1, NULL, NULL, '2020-05-07 13:25:59', '2020-05-07 13:25:59', 0, 1, 25),
(189, 'Ajout d\'un nouvel employé dans votre gestion :Mr Gossan', 'insert', 'client', 1, NULL, NULL, '2020-05-07 13:27:09', '2020-05-07 13:27:09', 0, 1, 19),
(190, 'Ajout d\'un nouvel employé dans votre gestion :mr attian', 'insert', 'client', 2, NULL, NULL, '2020-05-07 13:27:42', '2020-05-07 13:27:42', 0, 1, 20),
(191, 'Ajout d\'un nouvel employé dans votre gestion :Mr Apkele N\'Cho', 'insert', 'client', 1, NULL, NULL, '2020-05-07 13:28:43', '2020-05-07 13:28:43', 0, 1, 21),
(192, 'Ajout d\'un nouvel employé dans votre gestion :Mr Koffi Aristide', 'insert', 'client', 1, NULL, NULL, '2020-05-07 13:33:57', '2020-05-07 13:33:57', 0, 1, 22),
(193, 'Ajout d\'un nouvel employé dans votre gestion :Mr Kouassi', 'insert', 'client', 1, NULL, NULL, '2020-05-07 13:35:45', '2020-05-07 13:35:45', 0, 1, 23),
(194, 'Modification des informations de la connexion de Super Administrateur du  07 Mai 2020 à 13:25', 'update', 'connexion', NULL, NULL, NULL, '2020-05-07 13:37:29', '2020-05-07 13:37:29', 0, 1, 25),
(195, 'Nouvelle connexion', 'insert', 'connexion', 1, NULL, NULL, '2020-05-07 13:37:29', '2020-05-07 13:37:29', 0, 1, 26),
(196, 'Modification des informations de la connexion de Super Administrateur du  07 Mai 2020 à 13:37', 'update', 'connexion', NULL, NULL, NULL, '2020-05-07 14:19:32', '2020-05-07 14:19:32', 0, 1, 26),
(197, 'Nouvelle connexion', 'insert', 'connexion', 1, NULL, NULL, '2020-05-07 14:19:32', '2020-05-07 14:19:32', 0, 1, 27),
(198, 'Modification des informations de la connexion de Konan Modeste du  07 Mai 2020 à 13:17', 'update', 'connexion', NULL, NULL, NULL, '2020-05-07 14:20:19', '2020-05-07 14:20:19', 0, 1, 24),
(199, 'Nouvelle connexion', 'insert', 'connexion', 2, NULL, NULL, '2020-05-07 14:20:20', '2020-05-07 14:20:20', 0, 1, 28),
(200, 'Modification des informations de la connexion de Super Administrateur du  07 Mai 2020 à 14:19', 'update', 'connexion', 1, NULL, NULL, '2020-05-07 14:26:54', '2020-05-07 14:26:54', 0, 1, 27),
(201, 'Modification des informations de la connexion de Konan Modeste du  07 Mai 2020 à 14:20', 'update', 'connexion', NULL, NULL, NULL, '2020-05-07 14:35:01', '2020-05-07 14:35:01', 0, 1, 28),
(202, 'Nouvelle connexion', 'insert', 'connexion', 2, NULL, NULL, '2020-05-07 14:35:01', '2020-05-07 14:35:01', 0, 1, 29),
(203, 'Modification des informations de la connexion de Konan Modeste du  07 Mai 2020 à 14:35', 'update', 'connexion', NULL, NULL, NULL, '2020-05-07 15:59:29', '2020-05-07 15:59:29', 0, 1, 29),
(204, 'Nouvelle connexion', 'insert', 'connexion', 2, NULL, NULL, '2020-05-07 15:59:29', '2020-05-07 15:59:29', 0, 1, 30),
(205, 'Modification des informations de la connexion de Konan Modeste du  07 Mai 2020 à 15:59', 'update', 'connexion', NULL, NULL, NULL, '2020-05-07 16:39:14', '2020-05-07 16:39:14', 0, 1, 30),
(206, 'Nouvelle connexion', 'insert', 'connexion', 2, NULL, NULL, '2020-05-07 16:39:14', '2020-05-07 16:39:14', 0, 1, 31),
(207, 'Modification des informations de l\'employé MR EDEE', 'update', 'client', 2, NULL, NULL, '2020-05-07 16:46:11', '2020-05-07 16:46:11', 0, 1, 10),
(208, 'Modification des informations de la connexion de Konan Modeste du  07 Mai 2020 à 16:39', 'update', 'connexion', NULL, NULL, NULL, '2020-05-07 17:20:16', '2020-05-07 17:20:16', 0, 1, 31),
(209, 'Nouvelle connexion', 'insert', 'connexion', 2, NULL, NULL, '2020-05-07 17:20:16', '2020-05-07 17:20:16', 0, 1, 32),
(210, 'Modification des informations de la connexion de Konan Modeste du  07 Mai 2020 à 17:20', 'update', 'connexion', NULL, NULL, NULL, '2020-05-07 17:23:05', '2020-05-07 17:23:05', 0, 1, 32),
(211, 'Nouvelle connexion', 'insert', 'connexion', 2, NULL, NULL, '2020-05-07 17:23:05', '2020-05-07 17:23:05', 0, 1, 33),
(212, 'Modification des informations de l\'employé MR EDEE', 'update', 'client', 2, NULL, NULL, '2020-05-07 17:32:23', '2020-05-07 17:32:23', 0, 1, 10),
(213, 'Modification des informations de la connexion de Konan Modeste du  07 Mai 2020 à 17:23', 'update', 'connexion', NULL, NULL, NULL, '2020-05-07 17:42:45', '2020-05-07 17:42:45', 0, 1, 33),
(214, 'Nouvelle connexion', 'insert', 'connexion', 2, NULL, NULL, '2020-05-07 17:42:45', '2020-05-07 17:42:45', 0, 1, 34),
(215, 'Nouvelle connexion', 'insert', 'connexion', 1, NULL, NULL, '2020-05-07 17:49:44', '2020-05-07 17:49:44', 0, 1, 35),
(216, 'Modification des informations de la connexion de Konan Modeste du  07 Mai 2020 à 17:42', 'update', 'connexion', NULL, NULL, NULL, '2020-05-07 17:59:47', '2020-05-07 17:59:47', 0, 1, 34),
(217, 'Nouvelle connexion', 'insert', 'connexion', 2, NULL, NULL, '2020-05-07 17:59:47', '2020-05-07 17:59:47', 0, 1, 36),
(218, 'Modification des informations de la connexion de Konan Modeste du  07 Mai 2020 à 17:59', 'update', 'connexion', NULL, NULL, NULL, '2020-05-07 18:10:25', '2020-05-07 18:10:25', 0, 1, 36),
(219, 'Nouvelle connexion', 'insert', 'connexion', 2, NULL, NULL, '2020-05-07 18:10:25', '2020-05-07 18:10:25', 0, 1, 37),
(220, 'Modification des informations de la connexion de Super Administrateur du  07 Mai 2020 à 17:49', 'update', 'connexion', NULL, NULL, NULL, '2020-05-07 20:02:12', '2020-05-07 20:02:12', 0, 1, 35),
(221, 'Nouvelle connexion', 'insert', 'connexion', 1, NULL, NULL, '2020-05-07 20:02:12', '2020-05-07 20:02:12', 0, 1, 38),
(222, 'Modification des informations de la connexion de Super Administrateur du  07 Mai 2020 à 20:02', 'update', 'connexion', NULL, NULL, NULL, '2020-05-08 08:55:06', '2020-05-08 08:55:06', 0, 1, 38),
(223, 'Nouvelle connexion', 'insert', 'connexion', 1, NULL, NULL, '2020-05-08 08:55:06', '2020-05-08 08:55:06', 0, 1, 39),
(224, 'Modification des informations de la connexion de Super Administrateur du  08 Mai 2020 à 08:55', 'update', 'connexion', 1, NULL, NULL, '2020-05-08 09:04:16', '2020-05-08 09:04:16', 0, 1, 39),
(225, 'Modification des informations de la connexion de Dandjinou Marie Ange du  07 Mai 2020 à 12:17', 'update', 'connexion', NULL, NULL, NULL, '2020-05-08 09:07:57', '2020-05-08 09:07:57', 0, 1, 20),
(226, 'Nouvelle connexion', 'insert', 'connexion', 3, NULL, NULL, '2020-05-08 09:07:57', '2020-05-08 09:07:57', 0, 1, 40),
(227, 'Ajout d\'un nouvel employé dans votre gestion :Mr LAVIGNON', 'insert', 'client', 3, NULL, NULL, '2020-05-08 09:15:55', '2020-05-08 09:15:55', 0, 1, 24),
(228, 'Ajout d\'un nouvel employé dans votre gestion :MR KAMAGATE', 'insert', 'client', 3, NULL, NULL, '2020-05-08 09:16:51', '2020-05-08 09:16:51', 0, 1, 25),
(229, 'Ajout d\'un nouvel employé dans votre gestion :MR KOMOE BAKARY', 'insert', 'client', 3, NULL, NULL, '2020-05-08 09:18:12', '2020-05-08 09:18:12', 0, 1, 26),
(230, 'Ajout d\'un nouvel employé dans votre gestion :MR TIEMTORE', 'insert', 'client', 3, NULL, NULL, '2020-05-08 09:22:11', '2020-05-08 09:22:11', 0, 1, 27),
(231, 'Modification des informations de la connexion de Dandjinou Marie Ange du  08 Mai 2020 à 09:07', 'update', 'connexion', NULL, NULL, NULL, '2020-05-08 09:25:44', '2020-05-08 09:25:44', 0, 1, 40),
(232, 'Nouvelle connexion', 'insert', 'connexion', 3, NULL, NULL, '2020-05-08 09:25:44', '2020-05-08 09:25:44', 0, 1, 41),
(233, 'Nouvelle connexion', 'insert', 'connexion', 1, NULL, NULL, '2020-05-08 09:25:49', '2020-05-08 09:25:49', 0, 1, 42),
(234, 'Ajout d\'un nouvel employé dans votre gestion :MR MINA', 'insert', 'client', 3, NULL, NULL, '2020-05-08 09:27:20', '2020-05-08 09:27:20', 0, 1, 28),
(235, 'Modification des informations de l\'employé MR MINA', 'update', 'client', 3, NULL, NULL, '2020-05-08 09:37:40', '2020-05-08 09:37:40', 0, 1, 28),
(236, 'Modification des informations de la connexion de Dandjinou Marie Ange du  08 Mai 2020 à 09:25', 'update', 'connexion', 3, NULL, NULL, '2020-05-08 09:48:23', '2020-05-08 09:48:23', 0, 1, 41),
(237, 'Modification des informations de la connexion de Super Administrateur du  08 Mai 2020 à 09:25', 'update', 'connexion', NULL, NULL, NULL, '2020-05-08 09:48:34', '2020-05-08 09:48:34', 0, 1, 42),
(238, 'Nouvelle connexion', 'insert', 'connexion', 1, NULL, NULL, '2020-05-08 09:48:34', '2020-05-08 09:48:34', 0, 1, 43),
(239, 'Modification des informations de la connexion de Super Administrateur du  08 Mai 2020 à 09:48', 'update', 'connexion', 1, NULL, NULL, '2020-05-08 10:13:27', '2020-05-08 10:13:27', 0, 1, 43),
(240, 'Nouvelle connexion', 'insert', 'connexion', 3, NULL, NULL, '2020-05-08 10:15:01', '2020-05-08 10:15:01', 0, 1, 44),
(241, 'Modification des informations de l\'employé Mme EDEE', 'update', 'client', 3, NULL, NULL, '2020-05-08 10:21:19', '2020-05-08 10:21:19', 0, 1, 10),
(242, 'Modification des informations de l\'employé Mr Diabi', 'update', 'client', 3, NULL, NULL, '2020-05-08 10:23:14', '2020-05-08 10:23:14', 0, 1, 5),
(243, 'Modification des informations de la connexion de Super Administrateur du  08 Mai 2020 à 10:34', 'update', 'connexion', NULL, NULL, NULL, '2020-05-08 10:35:31', '2020-05-08 10:35:31', 0, 1, 45),
(244, 'Nouvelle connexion', 'insert', 'connexion', 1, NULL, NULL, '2020-05-08 10:35:31', '2020-05-08 10:35:31', 0, 1, 46),
(245, 'Ajout d\'un nouveau prestataire : FRANKS GROUP', 'insert', 'fournisseur', 3, NULL, NULL, '2020-05-08 10:43:35', '2020-05-08 10:43:35', 0, 1, 2),
(246, 'Ajout d\'un nouveau prestataire : CARRIERE DE TERRE', 'insert', 'fournisseur', 3, NULL, NULL, '2020-05-08 10:50:25', '2020-05-08 10:50:25', 0, 1, 3),
(247, 'Ajout d\'un nouveau prestataire : CARRIERE DE SABLE', 'insert', 'fournisseur', 3, NULL, NULL, '2020-05-08 10:53:02', '2020-05-08 10:53:02', 0, 1, 4),
(248, 'Ajout d\'un nouveau prestataire : CIM IVOIR', 'insert', 'fournisseur', 3, NULL, NULL, '2020-05-08 10:55:07', '2020-05-08 10:55:07', 0, 1, 5),
(249, 'Modification des informations du produit 3 : AP 15 ', 'update', 'produit', 3, NULL, NULL, '2020-05-08 12:05:23', '2020-05-08 12:05:23', 0, 1, 3),
(250, 'Modification des infos du véhicule N°4 immatriculé 6030HE01.', 'update', 'vehicule', 3, NULL, NULL, '2020-05-08 12:05:23', '2020-05-08 12:05:23', 0, 1, 4),
(251, 'Modification des informations du chauffeur N°3 : kone adama.', 'update', 'chauffeur', 3, NULL, NULL, '2020-05-08 12:23:41', '2020-05-08 12:23:41', 0, 1, 3),
(252, 'Modification des infos du véhicule N°4 immatriculé 6030HE01.', 'update', 'vehicule', 3, NULL, NULL, '2020-05-08 12:23:41', '2020-05-08 12:23:41', 0, 1, 4),
(253, 'Ajout d\'un nouvel employé dans votre gestion :MR AHOUA', 'insert', 'client', 3, NULL, NULL, '2020-05-08 12:28:40', '2020-05-08 12:28:40', 0, 1, 29),
(254, 'Modification des informations de l\'employé MR AHOUA', 'update', 'client', 3, NULL, NULL, '2020-05-08 12:35:13', '2020-05-08 12:35:13', 0, 1, 29),
(255, 'Modification des informations de la connexion de Super Administrateur du  08 Mai 2020 à 10:35', 'update', 'connexion', NULL, NULL, NULL, '2020-05-08 12:47:41', '2020-05-08 12:47:41', 0, 1, 46),
(256, 'Nouvelle connexion', 'insert', 'connexion', 1, NULL, NULL, '2020-05-08 12:47:41', '2020-05-08 12:47:41', 0, 1, 47),
(257, 'Ajout d\'une nouvelle zone de livraison : Yaou 1 dans les paramétrages', 'insert', 'zonelivraison', 1, NULL, NULL, '2020-05-08 12:48:25', '2020-05-08 12:48:25', 0, 1, 27),
(258, 'Modification des informations de la connexion de Konan Modeste du  07 Mai 2020 à 18:10', 'update', 'connexion', NULL, NULL, NULL, '2020-05-08 13:08:42', '2020-05-08 13:08:42', 0, 1, 37),
(259, 'Nouvelle connexion', 'insert', 'connexion', 2, NULL, NULL, '2020-05-08 13:08:42', '2020-05-08 13:08:42', 0, 1, 48),
(260, 'Modification des informations de la connexion de Konan Modeste du  08 Mai 2020 à 13:08', 'update', 'connexion', NULL, NULL, NULL, '2020-05-08 13:25:58', '2020-05-08 13:25:58', 0, 1, 48),
(261, 'Nouvelle connexion', 'insert', 'connexion', 2, NULL, NULL, '2020-05-08 13:25:58', '2020-05-08 13:25:58', 0, 1, 49),
(262, 'Modification des informations du produit 2 : AC 15 ', 'update', 'produit', 2, NULL, NULL, '2020-05-08 13:44:39', '2020-05-08 13:44:39', 0, 1, 2),
(263, 'Modification des informations du produit 3 : AP 15 ', 'update', 'produit', 2, NULL, NULL, '2020-05-08 13:44:39', '2020-05-08 13:44:39', 0, 1, 3),
(264, 'Modification des infos du véhicule N°1 immatriculé ....', 'update', 'vehicule', 2, NULL, NULL, '2020-05-08 13:47:48', '2020-05-08 13:47:48', 0, 1, 1),
(265, 'Modification des informations de la connexion de Super Administrateur du  08 Mai 2020 à 12:47', 'update', 'connexion', NULL, NULL, NULL, '2020-05-08 13:51:33', '2020-05-08 13:51:33', 0, 1, 47),
(266, 'Nouvelle connexion', 'insert', 'connexion', 1, NULL, NULL, '2020-05-08 13:51:33', '2020-05-08 13:51:33', 0, 1, 50),
(267, 'Modification des informations du produit 3 : AP 15 ', 'update', 'produit', 2, NULL, NULL, '2020-05-08 13:53:38', '2020-05-08 13:53:38', 0, 1, 3),
(268, 'Modification des infos du véhicule N°4 immatriculé 6030HE01.', 'update', 'vehicule', 2, NULL, NULL, '2020-05-08 13:53:40', '2020-05-08 13:53:40', 0, 1, 4),
(269, 'Modification des informations de la connexion de Dandjinou Marie Ange du  08 Mai 2020 à 10:15', 'update', 'connexion', NULL, NULL, NULL, '2020-05-08 13:59:27', '2020-05-08 13:59:27', 0, 1, 44),
(270, 'Nouvelle connexion', 'insert', 'connexion', 3, NULL, NULL, '2020-05-08 13:59:27', '2020-05-08 13:59:27', 0, 1, 51),
(271, 'Modification des informations du chauffeur N°3 : kone adama.', 'update', 'chauffeur', 2, NULL, NULL, '2020-05-08 14:18:09', '2020-05-08 14:18:09', 0, 1, 3),
(272, 'Modification des infos du véhicule N°4 immatriculé 6030HE01.', 'update', 'vehicule', 2, NULL, NULL, '2020-05-08 14:18:10', '2020-05-08 14:18:10', 0, 1, 4),
(273, 'Modification des informations de la connexion de Dandjinou Marie Ange du  08 Mai 2020 à 13:59', 'update', 'connexion', NULL, NULL, NULL, '2020-05-08 14:27:31', '2020-05-08 14:27:31', 0, 1, 51),
(274, 'Nouvelle connexion', 'insert', 'connexion', 3, NULL, NULL, '2020-05-08 14:27:31', '2020-05-08 14:27:31', 0, 1, 52),
(275, 'Modification des informations de la connexion de Konan Modeste du  08 Mai 2020 à 13:25', 'update', 'connexion', NULL, NULL, NULL, '2020-05-08 14:47:11', '2020-05-08 14:47:11', 0, 1, 49),
(276, 'Nouvelle connexion', 'insert', 'connexion', 2, NULL, NULL, '2020-05-08 14:47:11', '2020-05-08 14:47:11', 0, 1, 53),
(277, 'Modification des informations du produit 2 : AC 15 ', 'update', 'produit', 2, NULL, NULL, '2020-05-08 14:53:17', '2020-05-08 14:53:17', 0, 1, 2),
(278, 'Modification des infos du véhicule N°4 immatriculé 6030HE01.', 'update', 'vehicule', 2, NULL, NULL, '2020-05-08 14:53:19', '2020-05-08 14:53:19', 0, 1, 4),
(279, 'Modification des informations du chauffeur N°3 : kone adama.', 'update', 'chauffeur', 2, NULL, NULL, '2020-05-08 15:06:01', '2020-05-08 15:06:01', 0, 1, 3),
(280, 'Modification des infos du véhicule N°4 immatriculé 6030HE01.', 'update', 'vehicule', 2, NULL, NULL, '2020-05-08 15:06:01', '2020-05-08 15:06:01', 0, 1, 4),
(281, 'Modification des informations de la connexion de Konan Modeste du  08 Mai 2020 à 14:47', 'update', 'connexion', NULL, NULL, NULL, '2020-05-08 15:09:16', '2020-05-08 15:09:16', 0, 1, 53),
(282, 'Nouvelle connexion', 'insert', 'connexion', 2, NULL, NULL, '2020-05-08 15:09:16', '2020-05-08 15:09:16', 0, 1, 54),
(283, 'Modification des informations de la connexion de Super Administrateur du  08 Mai 2020 à 13:51', 'update', 'connexion', NULL, NULL, NULL, '2020-05-08 15:28:01', '2020-05-08 15:28:01', 0, 1, 50),
(284, 'Nouvelle connexion', 'insert', 'connexion', 1, NULL, NULL, '2020-05-08 15:28:01', '2020-05-08 15:28:01', 0, 1, 55),
(285, 'Enregistrement d\'une nouvelle demande d\'entretien de vehicule pour le vehicule Camionnette MITSUBISHI camionnette Kia immatriculé 7363FR01 par ', 'insert', 'demandeentretien', 3, NULL, NULL, '2020-05-08 15:35:14', '2020-05-08 15:35:14', 0, 1, 1),
(286, 'Modification des infos du véhicule N°3 immatriculé 7363FR01.', 'update', 'vehicule', 3, NULL, NULL, '2020-05-08 15:35:14', '2020-05-08 15:35:14', 0, 1, 3),
(287, 'Ajout d\'un nouveau employe dans le parc auto : Koné Franck', 'insert', 'employe', 1, NULL, NULL, '2020-05-08 15:41:39', '2020-05-08 15:41:39', 0, 1, 4),
(288, 'Modification des informations du employe 4 Koné Franck', 'update', 'employe', NULL, NULL, NULL, '2020-05-08 15:44:15', '2020-05-08 15:44:15', 0, 1, 4),
(289, 'Nouvelle connexion', 'insert', 'connexion', 4, NULL, NULL, '2020-05-08 15:44:15', '2020-05-08 15:44:15', 0, 1, 56),
(290, 'Ajout d\'un nouveau employe dans le parc auto : Dayato Dovalice', 'insert', 'employe', 1, NULL, NULL, '2020-05-08 16:04:38', '2020-05-08 16:04:38', 0, 1, 5),
(291, 'Modification des informations de la connexion de Dandjinou Marie Ange du  08 Mai 2020 à 14:27', 'update', 'connexion', NULL, NULL, NULL, '2020-05-08 16:31:12', '2020-05-08 16:31:12', 0, 1, 52),
(292, 'Nouvelle connexion', 'insert', 'connexion', 3, NULL, NULL, '2020-05-08 16:31:13', '2020-05-08 16:31:13', 0, 1, 57),
(293, 'Modification des informations de la connexion de Konan Modeste du  08 Mai 2020 à 15:09', 'update', 'connexion', NULL, NULL, NULL, '2020-05-08 18:24:39', '2020-05-08 18:24:39', 0, 1, 54),
(294, 'Nouvelle connexion', 'insert', 'connexion', 2, NULL, NULL, '2020-05-08 18:24:39', '2020-05-08 18:24:39', 0, 1, 58),
(295, 'Modification des informations de la connexion de Konan Modeste du  08 Mai 2020 à 18:24', 'update', 'connexion', NULL, NULL, NULL, '2020-05-08 18:50:11', '2020-05-08 18:50:11', 0, 1, 58),
(296, 'Nouvelle connexion', 'insert', 'connexion', 2, NULL, NULL, '2020-05-08 18:50:11', '2020-05-08 18:50:11', 0, 1, 59),
(297, 'Modification des informations de la connexion de Super Administrateur du  08 Mai 2020 à 15:28', 'update', 'connexion', NULL, NULL, NULL, '2020-05-09 02:15:58', '2020-05-09 02:15:58', 0, 1, 55),
(298, 'Nouvelle connexion', 'insert', 'connexion', 1, NULL, NULL, '2020-05-09 02:15:58', '2020-05-09 02:15:58', 0, 1, 60),
(299, 'Modification des informations de la connexion de Dandjinou Marie Ange du  08 Mai 2020 à 16:31', 'update', 'connexion', NULL, NULL, NULL, '2020-05-09 07:40:00', '2020-05-09 07:40:00', 0, 1, 57),
(300, 'Nouvelle connexion', 'insert', 'connexion', 3, NULL, NULL, '2020-05-09 07:40:00', '2020-05-09 07:40:00', 0, 1, 61),
(301, 'Modification des informations de la connexion de Super Administrateur du  09 Mai 2020 à 02:15', 'update', 'connexion', NULL, NULL, NULL, '2020-05-09 08:20:49', '2020-05-09 08:20:49', 0, 1, 60),
(302, 'Nouvelle connexion', 'insert', 'connexion', 1, NULL, NULL, '2020-05-09 08:20:49', '2020-05-09 08:20:49', 0, 1, 62),
(303, 'Modification des informations de la connexion de Dandjinou Marie Ange du  09 Mai 2020 à 07:40', 'update', 'connexion', NULL, NULL, NULL, '2020-05-09 08:50:46', '2020-05-09 08:50:46', 0, 1, 61),
(304, 'Nouvelle connexion', 'insert', 'connexion', 3, NULL, NULL, '2020-05-09 08:50:46', '2020-05-09 08:50:46', 0, 1, 63),
(305, 'Modification des informations de la connexion de Dandjinou Marie Ange du  09 Mai 2020 à 08:50', 'update', 'connexion', NULL, NULL, NULL, '2020-05-09 09:40:22', '2020-05-09 09:40:22', 0, 1, 63),
(306, 'Nouvelle connexion', 'insert', 'connexion', 3, NULL, NULL, '2020-05-09 09:40:22', '2020-05-09 09:40:22', 0, 1, 64),
(307, 'Ajout d\'un nouvel employé dans votre gestion :Mme CAMENENN', 'insert', 'client', 3, NULL, NULL, '2020-05-09 09:43:55', '2020-05-09 09:43:55', 0, 1, 30);
INSERT INTO `history` (`id`, `sentense`, `type_save`, `record`, `employe_id`, `carplan_id`, `prestataire_id`, `created`, `modified`, `protected`, `valide`, `record_key`) VALUES
(308, 'Modification des informations de la connexion de Dandjinou Marie Ange du  09 Mai 2020 à 09:40', 'update', 'connexion', NULL, NULL, NULL, '2020-05-09 09:56:18', '2020-05-09 09:56:18', 0, 1, 64),
(309, 'Nouvelle connexion', 'insert', 'connexion', 3, NULL, NULL, '2020-05-09 09:56:18', '2020-05-09 09:56:18', 0, 1, 65),
(310, 'Modification des informations de la connexion de Super Administrateur du  09 Mai 2020 à 08:20', 'update', 'connexion', NULL, NULL, NULL, '2020-05-09 10:23:36', '2020-05-09 10:23:36', 0, 1, 62),
(311, 'Nouvelle connexion', 'insert', 'connexion', 1, NULL, NULL, '2020-05-09 10:23:36', '2020-05-09 10:23:36', 0, 1, 66),
(312, 'Modification des informations de la connexion de Konan Modeste du  08 Mai 2020 à 18:50', 'update', 'connexion', NULL, NULL, NULL, '2020-05-09 11:18:39', '2020-05-09 11:18:39', 0, 1, 59),
(313, 'Nouvelle connexion', 'insert', 'connexion', 2, NULL, NULL, '2020-05-09 11:18:39', '2020-05-09 11:18:39', 0, 1, 67),
(314, 'Modification des informations de la connexion de Dandjinou Marie Ange du  09 Mai 2020 à 09:56', 'update', 'connexion', NULL, NULL, NULL, '2020-05-09 11:20:12', '2020-05-09 11:20:12', 0, 1, 65),
(315, 'Nouvelle connexion', 'insert', 'connexion', 3, NULL, NULL, '2020-05-09 11:20:12', '2020-05-09 11:20:12', 0, 1, 68),
(316, 'Modification des informations de la connexion de Konan Modeste du  09 Mai 2020 à 11:18', 'update', 'connexion', NULL, NULL, NULL, '2020-05-09 11:28:40', '2020-05-09 11:28:40', 0, 1, 67),
(317, 'Nouvelle connexion', 'insert', 'connexion', 2, NULL, NULL, '2020-05-09 11:28:40', '2020-05-09 11:28:40', 0, 1, 69),
(318, 'Modification des informations de la connexion de Konan Modeste du  09 Mai 2020 à 11:28', 'update', 'connexion', NULL, NULL, NULL, '2020-05-09 11:29:34', '2020-05-09 11:29:34', 0, 1, 69),
(319, 'Nouvelle connexion', 'insert', 'connexion', 2, NULL, NULL, '2020-05-09 11:29:34', '2020-05-09 11:29:34', 0, 1, 70),
(320, 'Modification des informations de la connexion de Super Administrateur du  09 Mai 2020 à 10:23', 'update', 'connexion', NULL, NULL, NULL, '2020-05-09 13:16:45', '2020-05-09 13:16:45', 0, 1, 66),
(321, 'Nouvelle connexion', 'insert', 'connexion', 1, NULL, NULL, '2020-05-09 13:16:45', '2020-05-09 13:16:45', 0, 1, 71),
(322, 'Modification des informations de la connexion de Super Administrateur du  09 Mai 2020 à 13:16', 'update', 'connexion', NULL, NULL, NULL, '2020-05-09 13:58:27', '2020-05-09 13:58:27', 0, 1, 71),
(323, 'Nouvelle connexion', 'insert', 'connexion', 1, NULL, NULL, '2020-05-09 13:58:27', '2020-05-09 13:58:27', 0, 1, 72),
(324, 'Modification des informations de la connexion de Super Administrateur du  09 Mai 2020 à 13:58', 'update', 'connexion', NULL, NULL, NULL, '2020-05-09 14:07:56', '2020-05-09 14:07:56', 0, 1, 72),
(325, 'Nouvelle connexion', 'insert', 'connexion', 1, NULL, NULL, '2020-05-09 14:07:56', '2020-05-09 14:07:56', 0, 1, 73),
(326, 'Modification des informations de la connexion de Dandjinou Marie Ange du  09 Mai 2020 à 11:20', 'update', 'connexion', NULL, NULL, NULL, '2020-05-09 14:17:36', '2020-05-09 14:17:36', 0, 1, 68),
(327, 'Nouvelle connexion', 'insert', 'connexion', 3, NULL, NULL, '2020-05-09 14:17:36', '2020-05-09 14:17:36', 0, 1, 74),
(328, 'Modification des informations du prestataire 2 : FRANKS GROUP ', 'update', 'fournisseur', 3, NULL, NULL, '2020-05-09 14:31:00', '2020-05-09 14:31:00', 0, 1, 2),
(329, 'Modification des informations de la connexion de Super Administrateur du  09 Mai 2020 à 14:07', 'update', 'connexion', NULL, NULL, NULL, '2020-05-09 14:40:16', '2020-05-09 14:40:16', 0, 1, 73),
(330, 'Nouvelle connexion', 'insert', 'connexion', 1, NULL, NULL, '2020-05-09 14:40:16', '2020-05-09 14:40:16', 0, 1, 75),
(331, 'Modification des informations de la connexion de Super Administrateur du  09 Mai 2020 à 14:40', 'update', 'connexion', NULL, NULL, NULL, '2020-05-09 15:17:36', '2020-05-09 15:17:36', 0, 1, 75),
(332, 'Nouvelle connexion', 'insert', 'connexion', 1, NULL, NULL, '2020-05-09 15:17:36', '2020-05-09 15:17:36', 0, 1, 76),
(333, 'Modification des informations de la connexion de Konan Modeste du  09 Mai 2020 à 11:29', 'update', 'connexion', NULL, NULL, NULL, '2020-05-09 15:23:07', '2020-05-09 15:23:07', 0, 1, 70),
(334, 'Nouvelle connexion', 'insert', 'connexion', 2, NULL, NULL, '2020-05-09 15:23:08', '2020-05-09 15:23:08', 0, 1, 77),
(335, 'Modification des informations de la connexion de Dandjinou Marie Ange du  09 Mai 2020 à 14:17', 'update', 'connexion', NULL, NULL, NULL, '2020-05-09 15:37:27', '2020-05-09 15:37:27', 0, 1, 74),
(336, 'Nouvelle connexion', 'insert', 'connexion', 3, NULL, NULL, '2020-05-09 15:37:27', '2020-05-09 15:37:27', 0, 1, 78),
(337, 'Modification des informations de la connexion de Dandjinou Marie Ange du  09 Mai 2020 à 15:37', 'update', 'connexion', 3, NULL, NULL, '2020-05-09 15:39:13', '2020-05-09 15:39:13', 0, 1, 78),
(338, 'Modification des informations de la connexion de Super Administrateur du  09 Mai 2020 à 15:17', 'update', 'connexion', NULL, NULL, NULL, '2020-05-09 15:39:27', '2020-05-09 15:39:27', 0, 1, 76),
(339, 'Nouvelle connexion', 'insert', 'connexion', 1, NULL, NULL, '2020-05-09 15:39:27', '2020-05-09 15:39:27', 0, 1, 79),
(340, 'Modification des informations de la connexion de Super Administrateur du  09 Mai 2020 à 15:39', 'update', 'connexion', 1, NULL, NULL, '2020-05-09 15:48:25', '2020-05-09 15:48:25', 0, 1, 79),
(341, 'Nouvelle connexion', 'insert', 'connexion', 3, NULL, NULL, '2020-05-09 15:48:45', '2020-05-09 15:48:45', 0, 1, 80),
(342, 'Modification des informations de la connexion de Dandjinou Marie Ange du  09 Mai 2020 à 15:48', 'update', 'connexion', NULL, NULL, NULL, '2020-05-09 16:07:50', '2020-05-09 16:07:50', 0, 1, 80),
(343, 'Nouvelle connexion', 'insert', 'connexion', 3, NULL, NULL, '2020-05-09 16:07:50', '2020-05-09 16:07:50', 0, 1, 81),
(344, 'Modification des informations de la connexion de Konan Modeste du  09 Mai 2020 à 15:23', 'update', 'connexion', NULL, NULL, NULL, '2020-05-09 17:12:14', '2020-05-09 17:12:14', 0, 1, 77),
(345, 'Nouvelle connexion', 'insert', 'connexion', 2, NULL, NULL, '2020-05-09 17:12:14', '2020-05-09 17:12:14', 0, 1, 82),
(346, 'Modification des informations de la connexion de Dandjinou Marie Ange du  09 Mai 2020 à 16:07', 'update', 'connexion', NULL, NULL, NULL, '2020-05-09 17:16:41', '2020-05-09 17:16:41', 0, 1, 81),
(347, 'Nouvelle connexion', 'insert', 'connexion', 3, NULL, NULL, '2020-05-09 17:16:41', '2020-05-09 17:16:41', 0, 1, 83),
(348, 'Modification des informations de la connexion de Dandjinou Marie Ange du  09 Mai 2020 à 17:16', 'update', 'connexion', NULL, NULL, NULL, '2020-05-09 17:17:12', '2020-05-09 17:17:12', 0, 1, 83),
(349, 'Nouvelle connexion', 'insert', 'connexion', 3, NULL, NULL, '2020-05-09 17:17:12', '2020-05-09 17:17:12', 0, 1, 84),
(350, 'Nouvelle connexion', 'insert', 'connexion', 1, NULL, NULL, '2020-05-09 21:53:46', '2020-05-09 21:53:46', 0, 1, 85),
(351, 'Modification des informations de la connexion de Super Administrateur du  09 Mai 2020 à 21:53', 'update', 'connexion', NULL, NULL, NULL, '2020-05-10 10:00:22', '2020-05-10 10:00:22', 0, 1, 85),
(352, 'Nouvelle connexion', 'insert', 'connexion', 1, NULL, NULL, '2020-05-10 10:00:22', '2020-05-10 10:00:22', 0, 1, 86),
(353, 'Modification des informations de la zone de livraison 11 : Yaou 4 ', 'update', 'zonelivraison', 1, NULL, NULL, '2020-05-10 10:05:25', '2020-05-10 10:05:25', 0, 1, 11),
(354, 'Ajout d\'une nouvelle zone de livraison : Yaou 3 dans les paramétrages', 'insert', 'zonelivraison', 1, NULL, NULL, '2020-05-10 10:05:49', '2020-05-10 10:05:49', 0, 1, 28),
(355, 'Modification des informations de la connexion de Dandjinou Marie Ange du  09 Mai 2020 à 17:17', 'update', 'connexion', NULL, NULL, NULL, '2020-05-11 08:01:37', '2020-05-11 08:01:37', 0, 1, 84),
(356, 'Nouvelle connexion', 'insert', 'connexion', 3, NULL, NULL, '2020-05-11 08:01:37', '2020-05-11 08:01:37', 0, 1, 87),
(357, 'Modification des informations de la connexion de Dandjinou Marie Ange du  11 Mai 2020 à 08:01', 'update', 'connexion', NULL, NULL, NULL, '2020-05-11 09:38:50', '2020-05-11 09:38:50', 0, 1, 87),
(358, 'Nouvelle connexion', 'insert', 'connexion', 3, NULL, NULL, '2020-05-11 09:38:50', '2020-05-11 09:38:50', 0, 1, 88),
(359, 'Modification des informations du produit 2 : AC 15 ', 'update', 'produit', 3, NULL, NULL, '2020-05-11 09:46:03', '2020-05-11 09:46:03', 0, 1, 2),
(360, 'Modification des infos du véhicule N°4 immatriculé 6030HE01.', 'update', 'vehicule', 3, NULL, NULL, '2020-05-11 09:46:06', '2020-05-11 09:46:06', 0, 1, 4),
(361, 'Modification des informations du chauffeur N°2 : kone adama.', 'update', 'chauffeur', 3, NULL, NULL, '2020-05-11 09:51:31', '2020-05-11 09:51:31', 0, 1, 2),
(362, 'Modification des infos du véhicule N°4 immatriculé 6030HE01.', 'update', 'vehicule', 3, NULL, NULL, '2020-05-11 09:51:31', '2020-05-11 09:51:31', 0, 1, 4),
(363, 'Modification des informations de la connexion de Dandjinou Marie Ange du  11 Mai 2020 à 09:38', 'update', 'connexion', NULL, NULL, NULL, '2020-05-11 09:54:29', '2020-05-11 09:54:29', 0, 1, 88),
(364, 'Nouvelle connexion', 'insert', 'connexion', 3, NULL, NULL, '2020-05-11 09:54:29', '2020-05-11 09:54:29', 0, 1, 89),
(365, 'Modification des informations du produit 2 : AC 15 ', 'update', 'produit', 3, NULL, NULL, '2020-05-11 10:16:09', '2020-05-11 10:16:09', 0, 1, 2),
(366, 'Modification des informations de la connexion de Dandjinou Marie Ange du  11 Mai 2020 à 09:54', 'update', 'connexion', NULL, NULL, NULL, '2020-05-11 10:28:10', '2020-05-11 10:28:10', 0, 1, 89),
(367, 'Nouvelle connexion', 'insert', 'connexion', 3, NULL, NULL, '2020-05-11 10:28:10', '2020-05-11 10:28:10', 0, 1, 90),
(368, 'Modification des informations de la connexion de Dandjinou Marie Ange du  11 Mai 2020 à 10:28', 'update', 'connexion', NULL, NULL, NULL, '2020-05-11 11:10:39', '2020-05-11 11:10:39', 0, 1, 90),
(369, 'Nouvelle connexion', 'insert', 'connexion', 3, NULL, NULL, '2020-05-11 11:10:39', '2020-05-11 11:10:39', 0, 1, 91),
(370, 'Modification des informations de la connexion de Konan Modeste du  09 Mai 2020 à 17:12', 'update', 'connexion', NULL, NULL, NULL, '2020-05-11 11:13:30', '2020-05-11 11:13:30', 0, 1, 82),
(371, 'Nouvelle connexion', 'insert', 'connexion', 2, NULL, NULL, '2020-05-11 11:13:30', '2020-05-11 11:13:30', 0, 1, 92),
(372, 'Modification des informations de la connexion de Dandjinou Marie Ange du  11 Mai 2020 à 11:10', 'update', 'connexion', NULL, NULL, NULL, '2020-05-11 11:51:02', '2020-05-11 11:51:02', 0, 1, 91),
(373, 'Nouvelle connexion', 'insert', 'connexion', 3, NULL, NULL, '2020-05-11 11:51:03', '2020-05-11 11:51:03', 0, 1, 93),
(374, 'Modification des informations du produit 3 : AP 15 ', 'update', 'produit', 3, NULL, NULL, '2020-05-11 11:57:44', '2020-05-11 11:57:44', 0, 1, 3),
(375, 'Modification des infos du véhicule N°4 immatriculé 6030HE01.', 'update', 'vehicule', 3, NULL, NULL, '2020-05-11 11:57:44', '2020-05-11 11:57:44', 0, 1, 4),
(376, 'Modification des informations de la connexion de Dandjinou Marie Ange du  11 Mai 2020 à 11:51', 'update', 'connexion', NULL, NULL, NULL, '2020-05-11 11:58:40', '2020-05-11 11:58:40', 0, 1, 93),
(377, 'Nouvelle connexion', 'insert', 'connexion', 3, NULL, NULL, '2020-05-11 11:58:41', '2020-05-11 11:58:41', 0, 1, 94),
(378, 'Modification des informations de la connexion de Dandjinou Marie Ange du  11 Mai 2020 à 11:58', 'update', 'connexion', NULL, NULL, NULL, '2020-05-11 11:59:55', '2020-05-11 11:59:55', 0, 1, 94),
(379, 'Nouvelle connexion', 'insert', 'connexion', 3, NULL, NULL, '2020-05-11 11:59:55', '2020-05-11 11:59:55', 0, 1, 95),
(380, 'Modification des informations de la connexion de Konan Modeste du  11 Mai 2020 à 11:13', 'update', 'connexion', NULL, NULL, NULL, '2020-05-11 12:14:51', '2020-05-11 12:14:51', 0, 1, 92),
(381, 'Nouvelle connexion', 'insert', 'connexion', 2, NULL, NULL, '2020-05-11 12:14:51', '2020-05-11 12:14:51', 0, 1, 96),
(382, 'Modification des informations de la connexion de Dandjinou Marie Ange du  11 Mai 2020 à 11:59', 'update', 'connexion', NULL, NULL, NULL, '2020-05-11 12:16:00', '2020-05-11 12:16:00', 0, 1, 95),
(383, 'Nouvelle connexion', 'insert', 'connexion', 3, NULL, NULL, '2020-05-11 12:16:00', '2020-05-11 12:16:00', 0, 1, 97),
(384, 'Modification des informations du produit 2 : AC 15 ', 'update', 'produit', 3, NULL, NULL, '2020-05-11 12:52:49', '2020-05-11 12:52:49', 0, 1, 2),
(385, 'Modification des informations de la connexion de Dandjinou Marie Ange du  11 Mai 2020 à 12:16', 'update', 'connexion', NULL, NULL, NULL, '2020-05-11 13:16:40', '2020-05-11 13:16:40', 0, 1, 97),
(386, 'Nouvelle connexion', 'insert', 'connexion', 3, NULL, NULL, '2020-05-11 13:16:40', '2020-05-11 13:16:40', 0, 1, 98),
(387, 'Modification des informations de la connexion de Super Administrateur du  10 Mai 2020 à 10:00', 'update', 'connexion', NULL, NULL, NULL, '2020-05-11 13:38:26', '2020-05-11 13:38:26', 0, 1, 86),
(388, 'Nouvelle connexion', 'insert', 'connexion', 1, NULL, NULL, '2020-05-11 13:38:26', '2020-05-11 13:38:26', 0, 1, 99),
(389, 'Modification des informations de la connexion de Dandjinou Marie Ange du  11 Mai 2020 à 13:16', 'update', 'connexion', NULL, NULL, NULL, '2020-05-11 13:40:26', '2020-05-11 13:40:26', 0, 1, 98),
(390, 'Nouvelle connexion', 'insert', 'connexion', 3, NULL, NULL, '2020-05-11 13:40:26', '2020-05-11 13:40:26', 0, 1, 100),
(391, 'Modification des informations du produit 2 : AC 15 ', 'update', 'produit', 3, NULL, NULL, '2020-05-11 13:48:53', '2020-05-11 13:48:53', 0, 1, 2),
(392, 'Modification des infos du véhicule N°5 immatriculé 1322GH01.', 'update', 'vehicule', 3, NULL, NULL, '2020-05-11 13:48:53', '2020-05-11 13:48:53', 0, 1, 5),
(393, 'Modification des infos du véhicule N°2 immatriculé ....', 'update', 'vehicule', 3, NULL, NULL, '2020-05-11 13:53:24', '2020-05-11 13:53:24', 0, 1, 2),
(394, 'Modification des informations du chauffeur N°1 : kone soulemane.', 'update', 'chauffeur', 3, NULL, NULL, '2020-05-11 13:57:09', '2020-05-11 13:57:09', 0, 1, 1),
(395, 'Modification des infos du véhicule N°5 immatriculé 1322GH01.', 'update', 'vehicule', 3, NULL, NULL, '2020-05-11 13:57:09', '2020-05-11 13:57:09', 0, 1, 5),
(396, 'Modification des informations du chauffeur N°3 : kone adama.', 'update', 'chauffeur', 3, NULL, NULL, '2020-05-11 14:05:42', '2020-05-11 14:05:42', 0, 1, 3),
(397, 'Modification des infos du véhicule N°4 immatriculé 6030HE01.', 'update', 'vehicule', 3, NULL, NULL, '2020-05-11 14:05:42', '2020-05-11 14:05:42', 0, 1, 4),
(398, 'Modification des infos du véhicule N°2 immatriculé ....', 'update', 'vehicule', 3, NULL, NULL, '2020-05-11 14:11:30', '2020-05-11 14:11:30', 0, 1, 2),
(399, 'Ajout d\'un nouvel employé dans votre gestion :Mr Martin', 'insert', 'client', 3, NULL, NULL, '2020-05-11 14:33:44', '2020-05-11 14:33:44', 0, 1, 31),
(400, 'Modification des informations du produit 2 : AC 15 ', 'update', 'produit', 3, NULL, NULL, '2020-05-11 14:44:06', '2020-05-11 14:44:06', 0, 1, 2),
(401, 'Modification des informations de la connexion de Dandjinou Marie Ange du  11 Mai 2020 à 13:40', 'update', 'connexion', NULL, NULL, NULL, '2020-05-11 14:54:48', '2020-05-11 14:54:48', 0, 1, 100),
(402, 'Nouvelle connexion', 'insert', 'connexion', 3, NULL, NULL, '2020-05-11 14:54:48', '2020-05-11 14:54:48', 0, 1, 101),
(403, 'Modification des informations de la connexion de Konan Modeste du  11 Mai 2020 à 12:14', 'update', 'connexion', NULL, NULL, NULL, '2020-05-11 15:20:39', '2020-05-11 15:20:39', 0, 1, 96),
(404, 'Nouvelle connexion', 'insert', 'connexion', 2, NULL, NULL, '2020-05-11 15:20:39', '2020-05-11 15:20:39', 0, 1, 102),
(405, 'Modification des informations du produit 1 : HOURDIS ', 'update', 'produit', 3, NULL, NULL, '2020-05-11 15:21:56', '2020-05-11 15:21:56', 0, 1, 1),
(406, 'Modification des infos du véhicule N°4 immatriculé 6030HE01.', 'update', 'vehicule', 3, NULL, NULL, '2020-05-11 15:21:56', '2020-05-11 15:21:56', 0, 1, 4),
(407, 'Modification des informations de la connexion de Konan Modeste du  11 Mai 2020 à 15:20', 'update', 'connexion', NULL, NULL, NULL, '2020-05-11 15:24:31', '2020-05-11 15:24:31', 0, 1, 102),
(408, 'Nouvelle connexion', 'insert', 'connexion', 2, NULL, NULL, '2020-05-11 15:24:31', '2020-05-11 15:24:31', 0, 1, 103),
(409, 'Modification des informations de la connexion de Dandjinou Marie Ange du  11 Mai 2020 à 14:54', 'update', 'connexion', NULL, NULL, NULL, '2020-05-11 15:32:30', '2020-05-11 15:32:30', 0, 1, 101),
(410, 'Nouvelle connexion', 'insert', 'connexion', 3, NULL, NULL, '2020-05-11 15:32:30', '2020-05-11 15:32:30', 0, 1, 104),
(411, 'Modification des informations du produit 2 : AC 15 ', 'update', 'produit', 3, NULL, NULL, '2020-05-11 15:36:54', '2020-05-11 15:36:54', 0, 1, 2),
(412, 'Modification des infos du véhicule N°2 immatriculé ....', 'update', 'vehicule', 3, NULL, NULL, '2020-05-11 15:45:55', '2020-05-11 15:45:55', 0, 1, 2),
(413, 'Modification des informations de la connexion de Dandjinou Marie Ange du  11 Mai 2020 à 15:32', 'update', 'connexion', 3, NULL, NULL, '2020-05-11 16:05:09', '2020-05-11 16:05:09', 0, 1, 104),
(414, 'Nouvelle connexion', 'insert', 'connexion', 3, NULL, NULL, '2020-05-11 16:05:09', '2020-05-11 16:05:09', 0, 1, 105),
(415, 'Modification des infos du véhicule N°2 immatriculé ....', 'update', 'vehicule', 3, NULL, NULL, '2020-05-11 16:30:15', '2020-05-11 16:30:15', 0, 1, 2),
(416, 'Modification des informations de la connexion de Dandjinou Marie Ange du  11 Mai 2020 à 16:05', 'update', 'connexion', NULL, NULL, NULL, '2020-05-11 17:06:43', '2020-05-11 17:06:43', 0, 1, 105),
(417, 'Nouvelle connexion', 'insert', 'connexion', 3, NULL, NULL, '2020-05-11 17:06:43', '2020-05-11 17:06:43', 0, 1, 106),
(418, 'Modification des informations du chauffeur N°2 : kone adama.', 'update', 'chauffeur', 3, NULL, NULL, '2020-05-11 17:12:56', '2020-05-11 17:12:56', 0, 1, 2),
(419, 'Modification des infos du véhicule N°4 immatriculé 6030HE01.', 'update', 'vehicule', 3, NULL, NULL, '2020-05-11 17:12:56', '2020-05-11 17:12:56', 0, 1, 4),
(420, 'Modification des informations de la connexion de Super Administrateur du  11 Mai 2020 à 13:38', 'update', 'connexion', NULL, NULL, NULL, '2020-05-11 21:10:02', '2020-05-11 21:10:02', 0, 1, 99),
(421, 'Nouvelle connexion', 'insert', 'connexion', 1, NULL, NULL, '2020-05-11 21:10:02', '2020-05-11 21:10:02', 0, 1, 107),
(422, 'Modification des informations de la connexion de Super Administrateur du  11 Mai 2020 à 21:10', 'update', 'connexion', NULL, NULL, NULL, '2020-05-11 21:19:18', '2020-05-11 21:19:18', 0, 1, 107),
(423, 'Nouvelle connexion', 'insert', 'connexion', 1, NULL, NULL, '2020-05-11 21:19:18', '2020-05-11 21:19:18', 0, 1, 108),
(424, 'Modification des informations de la connexion de Konan Modeste du  11 Mai 2020 à 15:24', 'update', 'connexion', NULL, NULL, NULL, '2020-05-11 21:28:24', '2020-05-11 21:28:24', 0, 1, 103),
(425, 'Nouvelle connexion', 'insert', 'connexion', 2, NULL, NULL, '2020-05-11 21:28:24', '2020-05-11 21:28:24', 0, 1, 109),
(426, 'Modification des informations de la connexion de Dandjinou Marie Ange du  11 Mai 2020 à 17:06', 'update', 'connexion', NULL, NULL, NULL, '2020-05-12 07:43:42', '2020-05-12 07:43:42', 0, 1, 106),
(427, 'Nouvelle connexion', 'insert', 'connexion', 3, NULL, NULL, '2020-05-12 07:43:42', '2020-05-12 07:43:42', 0, 1, 110),
(428, 'Modification des informations de la connexion de Super Administrateur du  11 Mai 2020 à 21:19', 'update', 'connexion', NULL, NULL, NULL, '2020-05-12 08:19:48', '2020-05-12 08:19:48', 0, 1, 108),
(429, 'Nouvelle connexion', 'insert', 'connexion', 1, NULL, NULL, '2020-05-12 08:19:48', '2020-05-12 08:19:48', 0, 1, 111),
(430, 'Modification des informations de la connexion de Dandjinou Marie Ange du  12 Mai 2020 à 07:43', 'update', 'connexion', NULL, NULL, NULL, '2020-05-12 08:27:29', '2020-05-12 08:27:29', 0, 1, 110),
(431, 'Nouvelle connexion', 'insert', 'connexion', 3, NULL, NULL, '2020-05-12 08:27:29', '2020-05-12 08:27:29', 0, 1, 112),
(432, 'Modification des informations de la connexion de Dandjinou Marie Ange du  12 Mai 2020 à 08:27', 'update', 'connexion', NULL, NULL, NULL, '2020-05-12 08:30:04', '2020-05-12 08:30:04', 0, 1, 112),
(433, 'Nouvelle connexion', 'insert', 'connexion', 3, NULL, NULL, '2020-05-12 08:30:04', '2020-05-12 08:30:04', 0, 1, 113),
(434, 'Modification des informations de la connexion de Konan Modeste du  11 Mai 2020 à 21:28', 'update', 'connexion', NULL, NULL, NULL, '2020-05-12 08:47:50', '2020-05-12 08:47:50', 0, 1, 109),
(435, 'Nouvelle connexion', 'insert', 'connexion', 2, NULL, NULL, '2020-05-12 08:47:50', '2020-05-12 08:47:50', 0, 1, 114),
(436, 'Modification des informations de la connexion de Super Administrateur du  12 Mai 2020 à 08:19', 'update', 'connexion', NULL, NULL, NULL, '2020-05-12 09:15:57', '2020-05-12 09:15:57', 0, 1, 111),
(437, 'Nouvelle connexion', 'insert', 'connexion', 1, NULL, NULL, '2020-05-12 09:15:57', '2020-05-12 09:15:57', 0, 1, 115),
(438, 'Modification des informations du employe 4 Koné Franck', 'update', 'employe', 1, NULL, NULL, '2020-05-12 09:16:26', '2020-05-12 09:16:26', 0, 1, 4),
(439, 'Modification des informations du employe 4 Koné Franck', 'update', 'employe', 1, NULL, NULL, '2020-05-12 09:45:01', '2020-05-12 09:45:01', 0, 1, 4),
(440, 'Modification des informations du employe 4 Koné Franck', 'update', 'employe', 1, NULL, NULL, '2020-05-12 09:59:55', '2020-05-12 09:59:55', 0, 1, 4),
(441, 'Modification des informations du employe 4 Koné Franck', 'update', 'employe', NULL, NULL, NULL, '2020-05-12 10:06:06', '2020-05-12 10:06:06', 0, 1, 4),
(442, 'Modification des informations de la connexion de Koné Franck du  08 Mai 2020 à 15:44', 'update', 'connexion', NULL, NULL, NULL, '2020-05-12 10:06:06', '2020-05-12 10:06:06', 0, 1, 56),
(443, 'Nouvelle connexion', 'insert', 'connexion', 4, NULL, NULL, '2020-05-12 10:06:06', '2020-05-12 10:06:06', 0, 1, 116),
(444, 'Modification des informations de la connexion de Koné Franck du  12 Mai 2020 à 10:06', 'update', 'connexion', NULL, NULL, NULL, '2020-05-12 10:16:38', '2020-05-12 10:16:38', 0, 1, 116),
(445, 'Nouvelle connexion', 'insert', 'connexion', 4, NULL, NULL, '2020-05-12 10:16:39', '2020-05-12 10:16:39', 0, 1, 117),
(446, 'Modification des informations de la connexion de Dandjinou Marie Ange du  12 Mai 2020 à 08:30', 'update', 'connexion', NULL, NULL, NULL, '2020-05-12 11:45:35', '2020-05-12 11:45:35', 0, 1, 113),
(447, 'Nouvelle connexion', 'insert', 'connexion', 3, NULL, NULL, '2020-05-12 11:45:35', '2020-05-12 11:45:35', 0, 1, 118),
(448, 'Modification des informations de la connexion de Koné Franck du  12 Mai 2020 à 10:16', 'update', 'connexion', NULL, NULL, NULL, '2020-05-12 11:51:54', '2020-05-12 11:51:54', 0, 1, 117),
(449, 'Nouvelle connexion', 'insert', 'connexion', 4, NULL, NULL, '2020-05-12 11:51:54', '2020-05-12 11:51:54', 0, 1, 119),
(450, 'Modification des informations de la connexion de Dandjinou Marie Ange du  12 Mai 2020 à 11:45', 'update', 'connexion', NULL, NULL, NULL, '2020-05-12 13:25:23', '2020-05-12 13:25:23', 0, 1, 118),
(451, 'Nouvelle connexion', 'insert', 'connexion', 3, NULL, NULL, '2020-05-12 13:25:23', '2020-05-12 13:25:23', 0, 1, 120),
(452, 'Modification des informations de la connexion de Dandjinou Marie Ange du  12 Mai 2020 à 13:25', 'update', 'connexion', NULL, NULL, NULL, '2020-05-12 14:19:49', '2020-05-12 14:19:49', 0, 1, 120),
(453, 'Nouvelle connexion', 'insert', 'connexion', 3, NULL, NULL, '2020-05-12 14:19:49', '2020-05-12 14:19:49', 0, 1, 121),
(454, 'Modification des informations de l\'employé couple kanbou', 'update', 'client', 3, NULL, NULL, '2020-05-12 14:25:46', '2020-05-12 14:25:46', 0, 1, 17),
(455, 'Modification des informations de la connexion de Dandjinou Marie Ange du  12 Mai 2020 à 14:19', 'update', 'connexion', NULL, NULL, NULL, '2020-05-12 14:44:00', '2020-05-12 14:44:00', 0, 1, 121),
(456, 'Nouvelle connexion', 'insert', 'connexion', 3, NULL, NULL, '2020-05-12 14:44:00', '2020-05-12 14:44:00', 0, 1, 122),
(457, 'Modification des informations de la connexion de Dandjinou Marie Ange du  12 Mai 2020 à 14:44', 'update', 'connexion', NULL, NULL, NULL, '2020-05-12 14:44:05', '2020-05-12 14:44:05', 0, 1, 122),
(458, 'Nouvelle connexion', 'insert', 'connexion', 3, NULL, NULL, '2020-05-12 14:44:05', '2020-05-12 14:44:05', 0, 1, 123),
(459, 'Modification des informations de la connexion de Konan Modeste du  12 Mai 2020 à 08:47', 'update', 'connexion', NULL, NULL, NULL, '2020-05-12 14:44:12', '2020-05-12 14:44:12', 0, 1, 114),
(460, 'Nouvelle connexion', 'insert', 'connexion', 2, NULL, NULL, '2020-05-12 14:44:12', '2020-05-12 14:44:12', 0, 1, 124),
(461, 'Modification des informations de la connexion de Dandjinou Marie Ange du  12 Mai 2020 à 14:44', 'update', 'connexion', 3, NULL, NULL, '2020-05-12 14:44:24', '2020-05-12 14:44:24', 0, 1, 123),
(462, 'Nouvelle connexion', 'insert', 'connexion', 3, NULL, NULL, '2020-05-12 14:44:24', '2020-05-12 14:44:24', 0, 1, 125),
(463, 'Modification des informations de la connexion de Dandjinou Marie Ange du  12 Mai 2020 à 14:44', 'update', 'connexion', NULL, NULL, NULL, '2020-05-12 14:50:09', '2020-05-12 14:50:09', 0, 1, 125),
(464, 'Nouvelle connexion', 'insert', 'connexion', 3, NULL, NULL, '2020-05-12 14:50:09', '2020-05-12 14:50:09', 0, 1, 126),
(465, 'Modification des informations de la connexion de Super Administrateur du  12 Mai 2020 à 09:15', 'update', 'connexion', NULL, NULL, NULL, '2020-05-12 15:33:18', '2020-05-12 15:33:18', 0, 1, 115),
(466, 'Nouvelle connexion', 'insert', 'connexion', 1, NULL, NULL, '2020-05-12 15:33:18', '2020-05-12 15:33:18', 0, 1, 127),
(467, 'Modification des informations de la connexion de Konan Modeste du  12 Mai 2020 à 14:44', 'update', 'connexion', NULL, NULL, NULL, '2020-05-12 15:34:26', '2020-05-12 15:34:26', 0, 1, 124),
(468, 'Nouvelle connexion', 'insert', 'connexion', 2, NULL, NULL, '2020-05-12 15:34:26', '2020-05-12 15:34:26', 0, 1, 128),
(469, 'Modification des informations de la connexion de Dandjinou Marie Ange du  12 Mai 2020 à 14:50', 'update', 'connexion', NULL, NULL, NULL, '2020-05-12 17:38:19', '2020-05-12 17:38:19', 0, 1, 126),
(470, 'Nouvelle connexion', 'insert', 'connexion', 3, NULL, NULL, '2020-05-12 17:38:19', '2020-05-12 17:38:19', 0, 1, 129),
(471, 'Modification des informations de la connexion de Dandjinou Marie Ange du  12 Mai 2020 à 17:38', 'update', 'connexion', NULL, NULL, NULL, '2020-05-12 17:48:18', '2020-05-12 17:48:18', 0, 1, 129),
(472, 'Nouvelle connexion', 'insert', 'connexion', 3, NULL, NULL, '2020-05-12 17:48:18', '2020-05-12 17:48:18', 0, 1, 130),
(473, 'Modification des informations de la connexion de Super Administrateur du  12 Mai 2020 à 15:33', 'update', 'connexion', NULL, NULL, NULL, '2020-05-12 18:27:07', '2020-05-12 18:27:07', 0, 1, 127),
(474, 'Nouvelle connexion', 'insert', 'connexion', 1, NULL, NULL, '2020-05-12 18:27:07', '2020-05-12 18:27:07', 0, 1, 131),
(475, 'Modification des informations de la connexion de Super Administrateur du  12 Mai 2020 à 18:27', 'update', 'connexion', NULL, NULL, NULL, '2020-05-12 22:20:13', '2020-05-12 22:20:13', 0, 1, 131),
(476, 'Nouvelle connexion', 'insert', 'connexion', 1, NULL, NULL, '2020-05-12 22:20:13', '2020-05-12 22:20:13', 0, 1, 132),
(477, 'Modification des informations de la connexion de Dandjinou Marie Ange du  12 Mai 2020 à 17:48', 'update', 'connexion', NULL, NULL, NULL, '2020-05-13 07:12:37', '2020-05-13 07:12:37', 0, 1, 130),
(478, 'Nouvelle connexion', 'insert', 'connexion', 3, NULL, NULL, '2020-05-13 07:12:37', '2020-05-13 07:12:37', 0, 1, 133),
(479, 'Modification des informations de la connexion de Super Administrateur du  12 Mai 2020 à 22:20', 'update', 'connexion', NULL, NULL, NULL, '2020-05-13 10:05:45', '2020-05-13 10:05:45', 0, 1, 132),
(480, 'Nouvelle connexion', 'insert', 'connexion', 1, NULL, NULL, '2020-05-13 10:05:45', '2020-05-13 10:05:45', 0, 1, 134),
(481, 'Modification des informations de la connexion de Dandjinou Marie Ange du  13 Mai 2020 à 07:12', 'update', 'connexion', NULL, NULL, NULL, '2020-05-13 12:59:03', '2020-05-13 12:59:03', 0, 1, 133),
(482, 'Nouvelle connexion', 'insert', 'connexion', 3, NULL, NULL, '2020-05-13 12:59:03', '2020-05-13 12:59:03', 0, 1, 135),
(483, 'Modification des informations de la connexion de Konan Modeste du  12 Mai 2020 à 15:34', 'update', 'connexion', NULL, NULL, NULL, '2020-05-13 13:00:19', '2020-05-13 13:00:19', 0, 1, 128),
(484, 'Nouvelle connexion', 'insert', 'connexion', 2, NULL, NULL, '2020-05-13 13:00:19', '2020-05-13 13:00:19', 0, 1, 136),
(485, 'Modification des informations de la connexion de Super Administrateur du  13 Mai 2020 à 10:05', 'update', 'connexion', NULL, NULL, NULL, '2020-05-13 13:15:53', '2020-05-13 13:15:53', 0, 1, 134),
(486, 'Nouvelle connexion', 'insert', 'connexion', 1, NULL, NULL, '2020-05-13 13:15:53', '2020-05-13 13:15:53', 0, 1, 137),
(487, 'Modification des informations de la connexion de Dandjinou Marie Ange du  13 Mai 2020 à 12:59', 'update', 'connexion', NULL, NULL, NULL, '2020-05-13 13:18:15', '2020-05-13 13:18:15', 0, 1, 135),
(488, 'Nouvelle connexion', 'insert', 'connexion', 3, NULL, NULL, '2020-05-13 13:18:15', '2020-05-13 13:18:15', 0, 1, 138),
(489, 'Ajout d\'un nouvel employé dans votre gestion :Mme MOUNA', 'insert', 'client', 3, NULL, NULL, '2020-05-13 13:23:27', '2020-05-13 13:23:27', 0, 1, 32),
(490, 'Modification des informations de la connexion de Super Administrateur du  13 Mai 2020 à 13:15', 'update', 'connexion', NULL, NULL, NULL, '2020-05-13 13:32:16', '2020-05-13 13:32:16', 0, 1, 137),
(491, 'Nouvelle connexion', 'insert', 'connexion', 1, NULL, NULL, '2020-05-13 13:32:16', '2020-05-13 13:32:16', 0, 1, 139),
(492, 'Modification des informations de la connexion de Dandjinou Marie Ange du  13 Mai 2020 à 13:18', 'update', 'connexion', NULL, NULL, NULL, '2020-05-13 14:32:17', '2020-05-13 14:32:17', 0, 1, 138),
(493, 'Nouvelle connexion', 'insert', 'connexion', 3, NULL, NULL, '2020-05-13 14:32:17', '2020-05-13 14:32:17', 0, 1, 140),
(494, 'Modification des informations de la connexion de Dandjinou Marie Ange du  13 Mai 2020 à 14:32', 'update', 'connexion', NULL, NULL, NULL, '2020-05-13 16:15:16', '2020-05-13 16:15:16', 0, 1, 140),
(495, 'Nouvelle connexion', 'insert', 'connexion', 3, NULL, NULL, '2020-05-13 16:15:16', '2020-05-13 16:15:16', 0, 1, 141),
(496, 'Modification des informations de la connexion de Dandjinou Marie Ange du  13 Mai 2020 à 16:15', 'update', 'connexion', NULL, NULL, NULL, '2020-05-13 16:40:11', '2020-05-13 16:40:11', 0, 1, 141),
(497, 'Nouvelle connexion', 'insert', 'connexion', 3, NULL, NULL, '2020-05-13 16:40:12', '2020-05-13 16:40:12', 0, 1, 142),
(498, 'Modification des informations de la connexion de Super Administrateur du  13 Mai 2020 à 13:32', 'update', 'connexion', NULL, NULL, NULL, '2020-05-13 16:42:38', '2020-05-13 16:42:38', 0, 1, 139),
(499, 'Nouvelle connexion', 'insert', 'connexion', 1, NULL, NULL, '2020-05-13 16:42:38', '2020-05-13 16:42:38', 0, 1, 143),
(500, 'Modification des informations de la connexion de Dandjinou Marie Ange du  13 Mai 2020 à 16:40', 'update', 'connexion', NULL, NULL, NULL, '2020-05-13 16:48:57', '2020-05-13 16:48:57', 0, 1, 142),
(501, 'Nouvelle connexion', 'insert', 'connexion', 3, NULL, NULL, '2020-05-13 16:48:57', '2020-05-13 16:48:57', 0, 1, 144),
(502, 'Modification des informations de la connexion de Dandjinou Marie Ange du  13 Mai 2020 à 16:48', 'update', 'connexion', NULL, NULL, NULL, '2020-05-13 17:00:35', '2020-05-13 17:00:35', 0, 1, 144),
(503, 'Nouvelle connexion', 'insert', 'connexion', 3, NULL, NULL, '2020-05-13 17:00:36', '2020-05-13 17:00:36', 0, 1, 145),
(504, 'Modification des informations de la connexion de Dandjinou Marie Ange du  13 Mai 2020 à 17:00', 'update', 'connexion', NULL, NULL, NULL, '2020-05-13 17:38:43', '2020-05-13 17:38:43', 0, 1, 145),
(505, 'Nouvelle connexion', 'insert', 'connexion', 3, NULL, NULL, '2020-05-13 17:38:43', '2020-05-13 17:38:43', 0, 1, 146),
(506, 'Modification des informations de la connexion de Dandjinou Marie Ange du  13 Mai 2020 à 17:38', 'update', 'connexion', NULL, NULL, NULL, '2020-05-13 17:41:54', '2020-05-13 17:41:54', 0, 1, 146),
(507, 'Nouvelle connexion', 'insert', 'connexion', 3, NULL, NULL, '2020-05-13 17:41:54', '2020-05-13 17:41:54', 0, 1, 147),
(508, 'Modification des informations de la connexion de Dandjinou Marie Ange du  13 Mai 2020 à 17:41', 'update', 'connexion', NULL, NULL, NULL, '2020-05-14 07:59:50', '2020-05-14 07:59:50', 0, 1, 147),
(509, 'Nouvelle connexion', 'insert', 'connexion', 3, NULL, NULL, '2020-05-14 07:59:50', '2020-05-14 07:59:50', 0, 1, 148),
(510, 'Modification des informations de la connexion de Dandjinou Marie Ange du  14 Mai 2020 à 07:59', 'update', 'connexion', NULL, NULL, NULL, '2020-05-14 08:00:33', '2020-05-14 08:00:33', 0, 1, 148),
(511, 'Nouvelle connexion', 'insert', 'connexion', 3, NULL, NULL, '2020-05-14 08:00:33', '2020-05-14 08:00:33', 0, 1, 149),
(512, 'Modification des informations de la connexion de Dandjinou Marie Ange du  14 Mai 2020 à 08:00', 'update', 'connexion', NULL, NULL, NULL, '2020-05-14 08:03:27', '2020-05-14 08:03:27', 0, 1, 149),
(513, 'Nouvelle connexion', 'insert', 'connexion', 3, NULL, NULL, '2020-05-14 08:03:27', '2020-05-14 08:03:27', 0, 1, 150),
(514, 'Modification des informations de la connexion de Dandjinou Marie Ange du  14 Mai 2020 à 08:03', 'update', 'connexion', NULL, NULL, NULL, '2020-05-14 09:16:14', '2020-05-14 09:16:14', 0, 1, 150),
(515, 'Nouvelle connexion', 'insert', 'connexion', 3, NULL, NULL, '2020-05-14 09:16:14', '2020-05-14 09:16:14', 0, 1, 151),
(516, 'Modification des informations de la connexion de Super Administrateur du  13 Mai 2020 à 16:42', 'update', 'connexion', NULL, NULL, NULL, '2020-05-14 09:16:48', '2020-05-14 09:16:48', 0, 1, 143),
(517, 'Nouvelle connexion', 'insert', 'connexion', 1, NULL, NULL, '2020-05-14 09:16:48', '2020-05-14 09:16:48', 0, 1, 152),
(518, 'Modification des informations de la connexion de Super Administrateur du  14 Mai 2020 à 09:16', 'update', 'connexion', NULL, NULL, NULL, '2020-05-14 09:19:03', '2020-05-14 09:19:03', 0, 1, 152),
(519, 'Nouvelle connexion', 'insert', 'connexion', 1, NULL, NULL, '2020-05-14 09:19:03', '2020-05-14 09:19:03', 0, 1, 153),
(520, 'Modification des informations de la connexion de Dandjinou Marie Ange du  14 Mai 2020 à 09:16', 'update', 'connexion', NULL, NULL, NULL, '2020-05-14 09:58:13', '2020-05-14 09:58:13', 0, 1, 151),
(521, 'Nouvelle connexion', 'insert', 'connexion', 3, NULL, NULL, '2020-05-14 09:58:13', '2020-05-14 09:58:13', 0, 1, 154),
(522, 'Modification des informations du produit 1 : HOURDIS ', 'update', 'produit', 3, NULL, NULL, '2020-05-14 10:03:33', '2020-05-14 10:03:33', 0, 1, 1),
(523, 'Modification des infos du véhicule N°6 immatriculé 1403JN01 /337JN01.', 'update', 'vehicule', 3, NULL, NULL, '2020-05-14 10:03:34', '2020-05-14 10:03:34', 0, 1, 6),
(524, 'Modification des informations de la connexion de Dandjinou Marie Ange du  14 Mai 2020 à 09:58', 'update', 'connexion', NULL, NULL, NULL, '2020-05-14 10:24:54', '2020-05-14 10:24:54', 0, 1, 154),
(525, 'Nouvelle connexion', 'insert', 'connexion', 3, NULL, NULL, '2020-05-14 10:24:54', '2020-05-14 10:24:54', 0, 1, 155),
(526, 'Modification des informations de la connexion de Super Administrateur du  14 Mai 2020 à 09:19', 'update', 'connexion', NULL, NULL, NULL, '2020-05-14 11:32:42', '2020-05-14 11:32:42', 0, 1, 153),
(527, 'Nouvelle connexion', 'insert', 'connexion', 1, NULL, NULL, '2020-05-14 11:32:42', '2020-05-14 11:32:42', 0, 1, 156),
(528, 'Modification des informations de la connexion de Dandjinou Marie Ange du  14 Mai 2020 à 10:24', 'update', 'connexion', NULL, NULL, NULL, '2020-05-14 11:37:59', '2020-05-14 11:37:59', 0, 1, 155),
(529, 'Nouvelle connexion', 'insert', 'connexion', 3, NULL, NULL, '2020-05-14 11:37:59', '2020-05-14 11:37:59', 0, 1, 157),
(530, 'Modification des informations du produit 1 : HOURDIS ', 'update', 'produit', 3, NULL, NULL, '2020-05-14 11:41:39', '2020-05-14 11:41:39', 0, 1, 1),
(531, 'Modification des infos du véhicule N°5 immatriculé 1322GH01.', 'update', 'vehicule', 3, NULL, NULL, '2020-05-14 11:41:39', '2020-05-14 11:41:39', 0, 1, 5),
(532, 'Modification des informations de la connexion de Dandjinou Marie Ange du  14 Mai 2020 à 11:37', 'update', 'connexion', NULL, NULL, NULL, '2020-05-14 11:42:40', '2020-05-14 11:42:40', 0, 1, 157),
(533, 'Nouvelle connexion', 'insert', 'connexion', 3, NULL, NULL, '2020-05-14 11:42:40', '2020-05-14 11:42:40', 0, 1, 158),
(534, 'Modification des informations de la connexion de Dandjinou Marie Ange du  14 Mai 2020 à 11:42', 'update', 'connexion', NULL, NULL, NULL, '2020-05-14 11:57:23', '2020-05-14 11:57:23', 0, 1, 158),
(535, 'Nouvelle connexion', 'insert', 'connexion', 3, NULL, NULL, '2020-05-14 11:57:23', '2020-05-14 11:57:23', 0, 1, 159),
(536, 'Modification des informations de la connexion de Dandjinou Marie Ange du  14 Mai 2020 à 11:57', 'update', 'connexion', NULL, NULL, NULL, '2020-05-14 12:05:04', '2020-05-14 12:05:04', 0, 1, 159),
(537, 'Nouvelle connexion', 'insert', 'connexion', 3, NULL, NULL, '2020-05-14 12:05:04', '2020-05-14 12:05:04', 0, 1, 160),
(538, 'Modification des informations du prestataire 2 : FRANKS GROUP ', 'update', 'fournisseur', 3, NULL, NULL, '2020-05-14 12:10:57', '2020-05-14 12:10:57', 0, 1, 2),
(539, 'Modification des informations de la connexion de Dandjinou Marie Ange du  14 Mai 2020 à 12:05', 'update', 'connexion', NULL, NULL, NULL, '2020-05-14 12:45:05', '2020-05-14 12:45:05', 0, 1, 160),
(540, 'Nouvelle connexion', 'insert', 'connexion', 3, NULL, NULL, '2020-05-14 12:45:05', '2020-05-14 12:45:05', 0, 1, 161),
(541, 'Modification des informations de la connexion de Super Administrateur du  14 Mai 2020 à 11:32', 'update', 'connexion', NULL, NULL, NULL, '2020-05-14 12:57:09', '2020-05-14 12:57:09', 0, 1, 156),
(542, 'Nouvelle connexion', 'insert', 'connexion', 1, NULL, NULL, '2020-05-14 12:57:09', '2020-05-14 12:57:09', 0, 1, 162),
(543, 'Modification des informations de la connexion de Dandjinou Marie Ange du  14 Mai 2020 à 12:45', 'update', 'connexion', NULL, NULL, NULL, '2020-05-14 13:08:21', '2020-05-14 13:08:21', 0, 1, 161),
(544, 'Nouvelle connexion', 'insert', 'connexion', 3, NULL, NULL, '2020-05-14 13:08:21', '2020-05-14 13:08:21', 0, 1, 163),
(545, 'Modification des informations de la connexion de Dandjinou Marie Ange du  14 Mai 2020 à 13:08', 'update', 'connexion', NULL, NULL, NULL, '2020-05-14 13:15:59', '2020-05-14 13:15:59', 0, 1, 163),
(546, 'Nouvelle connexion', 'insert', 'connexion', 3, NULL, NULL, '2020-05-14 13:15:59', '2020-05-14 13:15:59', 0, 1, 164),
(547, 'Modification des informations de la connexion de Dandjinou Marie Ange du  14 Mai 2020 à 13:15', 'update', 'connexion', NULL, NULL, NULL, '2020-05-14 13:23:49', '2020-05-14 13:23:49', 0, 1, 164),
(548, 'Nouvelle connexion', 'insert', 'connexion', 3, NULL, NULL, '2020-05-14 13:23:49', '2020-05-14 13:23:49', 0, 1, 165),
(549, 'Modification des informations du prestataire 2 : FRANKS GROUP ', 'update', 'fournisseur', 3, NULL, NULL, '2020-05-14 13:34:21', '2020-05-14 13:34:21', 0, 1, 2),
(550, 'Modification des informations de la connexion de Dandjinou Marie Ange du  14 Mai 2020 à 13:23', 'update', 'connexion', NULL, NULL, NULL, '2020-05-14 13:41:50', '2020-05-14 13:41:50', 0, 1, 165),
(551, 'Nouvelle connexion', 'insert', 'connexion', 3, NULL, NULL, '2020-05-14 13:41:50', '2020-05-14 13:41:50', 0, 1, 166),
(552, 'Modification des informations du prestataire 2 : FRANKS GROUP ', 'update', 'fournisseur', 3, NULL, NULL, '2020-05-14 13:44:01', '2020-05-14 13:44:01', 0, 1, 2),
(553, 'Modification des informations du prestataire 2 : FRANKS GROUP ', 'update', 'fournisseur', 3, NULL, NULL, '2020-05-14 13:45:33', '2020-05-14 13:45:33', 0, 1, 2),
(554, 'Modification des informations du prestataire 2 : FRANKS GROUP ', 'update', 'fournisseur', 3, NULL, NULL, '2020-05-14 13:46:37', '2020-05-14 13:46:37', 0, 1, 2),
(555, 'Modification des informations de la connexion de Dandjinou Marie Ange du  14 Mai 2020 à 13:41', 'update', 'connexion', NULL, NULL, NULL, '2020-05-14 14:20:09', '2020-05-14 14:20:09', 0, 1, 166),
(556, 'Nouvelle connexion', 'insert', 'connexion', 3, NULL, NULL, '2020-05-14 14:20:09', '2020-05-14 14:20:09', 0, 1, 167),
(557, 'Modification des informations du prestataire 2 : FRANKS GROUP ', 'update', 'fournisseur', 3, NULL, NULL, '2020-05-14 14:26:00', '2020-05-14 14:26:00', 0, 1, 2),
(558, 'Modification des informations de la connexion de Dandjinou Marie Ange du  14 Mai 2020 à 14:20', 'update', 'connexion', NULL, NULL, NULL, '2020-05-14 15:44:56', '2020-05-14 15:44:56', 0, 1, 167),
(559, 'Nouvelle connexion', 'insert', 'connexion', 3, NULL, NULL, '2020-05-14 15:44:56', '2020-05-14 15:44:56', 0, 1, 168),
(560, 'Modification des informations de la connexion de Dandjinou Marie Ange du  14 Mai 2020 à 15:44', 'update', 'connexion', NULL, NULL, NULL, '2020-05-14 16:17:14', '2020-05-14 16:17:14', 0, 1, 168),
(561, 'Nouvelle connexion', 'insert', 'connexion', 3, NULL, NULL, '2020-05-14 16:17:14', '2020-05-14 16:17:14', 0, 1, 169),
(562, 'Modification des informations de la connexion de Dandjinou Marie Ange du  14 Mai 2020 à 16:17', 'update', 'connexion', NULL, NULL, NULL, '2020-05-14 16:28:46', '2020-05-14 16:28:46', 0, 1, 169),
(563, 'Nouvelle connexion', 'insert', 'connexion', 3, NULL, NULL, '2020-05-14 16:28:46', '2020-05-14 16:28:46', 0, 1, 170),
(564, 'Modification des informations de la connexion de Koné Franck du  12 Mai 2020 à 11:51', 'update', 'connexion', NULL, NULL, NULL, '2020-05-14 16:43:53', '2020-05-14 16:43:53', 0, 1, 119),
(565, 'Nouvelle connexion', 'insert', 'connexion', 4, NULL, NULL, '2020-05-14 16:43:53', '2020-05-14 16:43:53', 0, 1, 171),
(566, 'Modification des informations de la connexion de Super Administrateur du  14 Mai 2020 à 12:57', 'update', 'connexion', NULL, NULL, NULL, '2020-05-14 17:02:02', '2020-05-14 17:02:02', 0, 1, 162),
(567, 'Nouvelle connexion', 'insert', 'connexion', 1, NULL, NULL, '2020-05-14 17:02:02', '2020-05-14 17:02:02', 0, 1, 172),
(568, 'Modification des informations de la connexion de Koné Franck du  14 Mai 2020 à 16:43', 'update', 'connexion', NULL, NULL, NULL, '2020-05-14 17:11:11', '2020-05-14 17:11:11', 0, 1, 171),
(569, 'Nouvelle connexion', 'insert', 'connexion', 4, NULL, NULL, '2020-05-14 17:11:11', '2020-05-14 17:11:11', 0, 1, 173),
(570, 'Modification des informations de la connexion de Dandjinou Marie Ange du  14 Mai 2020 à 16:28', 'update', 'connexion', NULL, NULL, NULL, '2020-05-14 17:16:48', '2020-05-14 17:16:48', 0, 1, 170),
(571, 'Nouvelle connexion', 'insert', 'connexion', 3, NULL, NULL, '2020-05-14 17:16:48', '2020-05-14 17:16:48', 0, 1, 174),
(572, 'Modification des informations de la connexion de Dandjinou Marie Ange du  14 Mai 2020 à 17:16', 'update', 'connexion', NULL, NULL, NULL, '2020-05-14 17:18:39', '2020-05-14 17:18:39', 0, 1, 174),
(573, 'Nouvelle connexion', 'insert', 'connexion', 3, NULL, NULL, '2020-05-14 17:18:39', '2020-05-14 17:18:39', 0, 1, 175),
(574, 'Modification des informations de la connexion de Dandjinou Marie Ange du  14 Mai 2020 à 17:18', 'update', 'connexion', NULL, NULL, NULL, '2020-05-14 17:35:08', '2020-05-14 17:35:08', 0, 1, 175),
(575, 'Nouvelle connexion', 'insert', 'connexion', 3, NULL, NULL, '2020-05-14 17:35:08', '2020-05-14 17:35:08', 0, 1, 176),
(576, 'Modification des informations de la connexion de Dandjinou Marie Ange du  14 Mai 2020 à 17:35', 'update', 'connexion', NULL, NULL, NULL, '2020-05-14 17:43:35', '2020-05-14 17:43:35', 0, 1, 176),
(577, 'Nouvelle connexion', 'insert', 'connexion', 3, NULL, NULL, '2020-05-14 17:43:36', '2020-05-14 17:43:36', 0, 1, 177),
(578, 'Modification des informations de la connexion de Dandjinou Marie Ange du  14 Mai 2020 à 17:43', 'update', 'connexion', NULL, NULL, NULL, '2020-05-14 17:59:49', '2020-05-14 17:59:49', 0, 1, 177),
(579, 'Nouvelle connexion', 'insert', 'connexion', 3, NULL, NULL, '2020-05-14 17:59:49', '2020-05-14 17:59:49', 0, 1, 178),
(580, 'Modification des informations du produit 3 : AP 15 ', 'update', 'produit', 3, NULL, NULL, '2020-05-14 18:07:24', '2020-05-14 18:07:24', 0, 1, 3),
(581, 'Modification des informations de la connexion de Dandjinou Marie Ange du  14 Mai 2020 à 17:59', 'update', 'connexion', NULL, NULL, NULL, '2020-05-14 18:10:59', '2020-05-14 18:10:59', 0, 1, 178),
(582, 'Nouvelle connexion', 'insert', 'connexion', 3, NULL, NULL, '2020-05-14 18:10:59', '2020-05-14 18:10:59', 0, 1, 179),
(583, 'Modification des informations du produit 3 : AP 15 ', 'update', 'produit', 3, NULL, NULL, '2020-05-14 18:15:19', '2020-05-14 18:15:19', 0, 1, 3),
(584, 'Modification des informations du chauffeur N°1 : kone soulemane.', 'update', 'chauffeur', 3, NULL, NULL, '2020-05-14 18:23:59', '2020-05-14 18:23:59', 0, 1, 1),
(585, 'Modification des infos du véhicule N°6 immatriculé 1403JN01 /337JN01.', 'update', 'vehicule', 3, NULL, NULL, '2020-05-14 18:23:59', '2020-05-14 18:23:59', 0, 1, 6),
(586, 'Modification des informations de la connexion de Dandjinou Marie Ange du  14 Mai 2020 à 18:10', 'update', 'connexion', NULL, NULL, NULL, '2020-05-14 18:24:12', '2020-05-14 18:24:12', 0, 1, 179),
(587, 'Nouvelle connexion', 'insert', 'connexion', 3, NULL, NULL, '2020-05-14 18:24:12', '2020-05-14 18:24:12', 0, 1, 180),
(588, 'Modification des informations du chauffeur N°1 : kone soulemane.', 'update', 'chauffeur', 3, NULL, NULL, '2020-05-14 18:25:50', '2020-05-14 18:25:50', 0, 1, 1),
(589, 'Modification des infos du véhicule N°5 immatriculé 1322GH01.', 'update', 'vehicule', 3, NULL, NULL, '2020-05-14 18:25:51', '2020-05-14 18:25:51', 0, 1, 5),
(590, 'Modification des infos du véhicule N°2 immatriculé ....', 'update', 'vehicule', 3, NULL, NULL, '2020-05-14 18:27:10', '2020-05-14 18:27:10', 0, 1, 2),
(591, 'Modification des infos du véhicule N°2 immatriculé ....', 'update', 'vehicule', 3, NULL, NULL, '2020-05-14 18:29:47', '2020-05-14 18:29:47', 0, 1, 2),
(592, 'Modification des informations de la connexion de Dandjinou Marie Ange du  14 Mai 2020 à 18:24', 'update', 'connexion', NULL, NULL, NULL, '2020-05-15 07:41:49', '2020-05-15 07:41:49', 0, 1, 180),
(593, 'Nouvelle connexion', 'insert', 'connexion', 3, NULL, NULL, '2020-05-15 07:41:49', '2020-05-15 07:41:49', 0, 1, 181),
(594, 'Modification des informations de la connexion de Dandjinou Marie Ange du  15 Mai 2020 à 07:41', 'update', 'connexion', 3, NULL, NULL, '2020-05-15 07:41:53', '2020-05-15 07:41:53', 0, 1, 181),
(595, 'Nouvelle connexion', 'insert', 'connexion', 3, NULL, NULL, '2020-05-15 07:41:53', '2020-05-15 07:41:53', 0, 1, 182),
(596, 'Ajout d\'un nouvel employé dans votre gestion :mr AMAGLO', 'insert', 'client', 3, NULL, NULL, '2020-05-15 07:57:49', '2020-05-15 07:57:49', 0, 1, 33),
(597, 'Modification des informations du produit 4 : BTC 15 ', 'update', 'produit', 3, NULL, NULL, '2020-05-15 08:01:13', '2020-05-15 08:01:13', 0, 1, 4),
(598, 'Modification des informations de la connexion de Dandjinou Marie Ange du  15 Mai 2020 à 07:41', 'update', 'connexion', NULL, NULL, NULL, '2020-05-15 08:41:22', '2020-05-15 08:41:22', 0, 1, 182),
(599, 'Nouvelle connexion', 'insert', 'connexion', 3, NULL, NULL, '2020-05-15 08:41:22', '2020-05-15 08:41:22', 0, 1, 183);

-- --------------------------------------------------------

--
-- Structure de la table `ligneapprovisionnement`
--

CREATE TABLE `ligneapprovisionnement` (
  `id` int(11) NOT NULL,
  `approvisionnement_id` int(11) NOT NULL,
  `ressource_id` int(11) NOT NULL,
  `quantite` float NOT NULL,
  `quantite_recu` float NOT NULL,
  `price` int(11) NOT NULL,
  `created` datetime DEFAULT NULL,
  `modified` datetime DEFAULT NULL,
  `protected` int(11) NOT NULL DEFAULT 0,
  `valide` int(11) NOT NULL DEFAULT 1
) ENGINE=InnoDB DEFAULT CHARSET=utf8 COLLATE=utf8_bin;

--
-- Déchargement des données de la table `ligneapprovisionnement`
--

INSERT INTO `ligneapprovisionnement` (`id`, `approvisionnement_id`, `ressource_id`, `quantite`, `quantite_recu`, `price`, `created`, `modified`, `protected`, `valide`) VALUES
(1, 1, 1, 440, 440, 0, '2020-05-06 08:14:32', '2020-05-06 08:14:32', 0, 1),
(2, 1, 2, 2, 2, 0, '2020-05-06 08:14:32', '2020-05-06 08:14:32', 0, 1),
(3, 1, 3, 50, 50, 0, '2020-05-06 08:14:32', '2020-05-06 08:14:32', 0, 1),
(4, 1, 4, 3, 3, 0, '2020-05-06 08:14:33', '2020-05-06 08:14:33', 0, 1),
(5, 2, 4, 2, 2, 30000, '2020-05-08 11:03:55', '2020-05-08 11:03:55', 0, 1),
(6, 3, 2, 1, 1, 31000, '2020-05-08 11:34:38', '2020-05-08 11:34:38', 0, 1),
(8, 5, 3, 41.54, 41.54, 407092, '2020-05-09 14:31:00', '2020-05-09 14:31:00', 0, 1),
(9, 6, 2, 1, 1, 31000, '2020-05-09 14:38:08', '2020-05-09 14:38:08', 0, 1),
(11, 9, 3, 39.22, 39.22, 384356, '2020-05-14 13:44:02', '2020-05-14 13:44:02', 0, 1),
(12, 10, 3, 42.4, 42.4, 415520, '2020-05-14 13:45:33', '2020-05-14 13:45:33', 0, 1),
(13, 11, 3, 38.5, 38.5, 377300, '2020-05-14 13:46:37', '2020-05-14 13:46:37', 0, 1),
(14, 12, 3, 39.6, 39.6, 388080, '2020-05-14 14:26:01', '2020-05-14 14:26:01', 0, 1);

-- --------------------------------------------------------

--
-- Structure de la table `lignecommande`
--

CREATE TABLE `lignecommande` (
  `id` int(11) NOT NULL,
  `commande_id` int(11) NOT NULL,
  `produit_id` int(11) NOT NULL,
  `quantite` int(11) NOT NULL,
  `price` int(11) NOT NULL,
  `created` datetime DEFAULT NULL,
  `modified` datetime DEFAULT NULL,
  `protected` int(11) NOT NULL DEFAULT 0,
  `valide` int(11) NOT NULL DEFAULT 1
) ENGINE=InnoDB DEFAULT CHARSET=utf8 COLLATE=utf8_bin;

--
-- Déchargement des données de la table `lignecommande`
--

INSERT INTO `lignecommande` (`id`, `commande_id`, `produit_id`, `quantite`, `price`, `created`, `modified`, `protected`, `valide`) VALUES
(1, 1, 3, 500, 207500, '2020-05-07 12:26:30', '2020-05-07 12:26:30', 0, 1),
(2, 2, 1, 4235, 1799875, '2020-05-07 12:53:25', '2020-05-07 12:53:25', 0, 1),
(3, 3, 2, 3006, 946890, '2020-05-07 12:58:24', '2020-05-07 12:58:24', 0, 1),
(4, 3, 3, 2130, 883950, '2020-05-07 12:58:24', '2020-05-07 12:58:24', 0, 1),
(5, 4, 3, 942, 390930, '2020-05-07 13:05:06', '2020-05-07 13:05:06', 0, 1),
(6, 5, 2, 330, 103950, '2020-05-07 13:08:39', '2020-05-07 13:08:39', 0, 1),
(7, 6, 2, 500, 157500, '2020-05-07 13:10:32', '2020-05-07 13:10:32', 0, 1),
(8, 7, 3, 600, 249000, '2020-05-07 13:11:12', '2020-05-07 13:11:12', 0, 1),
(9, 8, 2, 953, 300195, '2020-05-07 13:13:10', '2020-05-07 13:13:10', 0, 1),
(10, 9, 3, 902, 374330, '2020-05-07 13:16:34', '2020-05-07 13:16:34', 0, 1),
(11, 10, 2, 654, 206010, '2020-05-07 13:20:28', '2020-05-07 13:20:28', 0, 1),
(12, 10, 1, 176, 73040, '2020-05-07 13:20:28', '2020-05-07 13:20:28', 0, 1),
(13, 11, 2, 100, 31500, '2020-05-07 13:22:29', '2020-05-07 13:22:29', 0, 1),
(14, 11, 1, 1213, 503395, '2020-05-07 13:22:29', '2020-05-07 13:22:29', 0, 1),
(15, 11, 5, 100, 25000, '2020-05-07 13:22:29', '2020-05-07 13:22:29', 0, 1),
(16, 12, 3, 952, 395080, '2020-05-07 13:24:39', '2020-05-07 13:24:39', 0, 1),
(17, 13, 1, 2719, 1128385, '2020-05-07 13:25:10', '2020-05-07 13:25:10', 0, 1),
(18, 14, 3, 550, 228250, '2020-05-07 13:27:54', '2020-05-07 13:27:54', 0, 1),
(19, 15, 2, 1000, 315000, '2020-05-07 13:33:00', '2020-05-07 13:33:00', 0, 1),
(20, 16, 3, 343, 142345, '2020-05-07 13:35:01', '2020-05-07 13:35:01', 0, 1),
(21, 17, 2, 1500, 130000, '2020-05-07 13:36:51', '2020-05-07 13:36:51', 0, 1),
(22, 18, 3, 760, 315400, '2020-05-07 13:36:55', '2020-05-07 13:36:55', 0, 1),
(23, 19, 1, 2067, 875500, '2020-05-07 13:41:35', '2020-05-07 13:41:35', 0, 1),
(24, 20, 2, 615, 199875, '2020-05-07 16:46:11', '2020-05-07 16:46:11', 0, 1),
(25, 21, 2, 700, 217000, '2020-05-08 09:37:39', '2020-05-08 09:37:39', 0, 1),
(26, 22, 2, 6, 1860, '2020-05-08 12:35:13', '2020-05-08 12:35:13', 0, 1),
(27, 22, 3, 2, 820, '2020-05-08 12:35:13', '2020-05-08 12:35:13', 0, 1),
(28, 23, 3, 950, 380000, '2020-05-08 12:58:46', '2020-05-08 12:58:46', 0, 1),
(29, 24, 2, 46, 14260, '2020-05-09 09:49:44', '2020-05-09 09:49:44', 0, 1),
(30, 25, 2, 800, 248000, '2020-05-11 14:35:47', '2020-05-11 14:35:47', 0, 1),
(31, 26, 3, 488, 200080, '2020-05-12 14:25:46', '2020-05-12 14:25:46', 0, 1),
(32, 27, 2, 1666, 499800, '2020-05-12 14:40:43', '2020-05-12 14:40:43', 0, 1),
(33, 28, 1, 625, 250000, '2020-05-13 13:34:08', '2020-05-13 13:34:08', 0, 1),
(34, 29, 2, 3000, 975000, '2020-05-14 10:06:58', '2020-05-14 10:06:58', 0, 1),
(35, 29, 1, 3000, 1275000, '2020-05-14 10:06:59', '2020-05-14 10:06:59', 0, 1),
(36, 30, 4, 200, 45000, '2020-05-15 07:59:29', '2020-05-15 07:59:29', 0, 1);

-- --------------------------------------------------------

--
-- Structure de la table `ligneconsommationjour`
--

CREATE TABLE `ligneconsommationjour` (
  `id` int(11) NOT NULL,
  `productionjour_id` int(11) NOT NULL,
  `ressource_id` int(11) NOT NULL,
  `consommation` int(11) NOT NULL,
  `created` datetime DEFAULT NULL,
  `modified` datetime DEFAULT NULL,
  `protected` int(11) NOT NULL DEFAULT 0,
  `valide` int(11) NOT NULL DEFAULT 1
) ENGINE=InnoDB DEFAULT CHARSET=utf8 COLLATE=utf8_bin;

--
-- Déchargement des données de la table `ligneconsommationjour`
--

INSERT INTO `ligneconsommationjour` (`id`, `productionjour_id`, `ressource_id`, `consommation`, `created`, `modified`, `protected`, `valide`) VALUES
(1, 1, 1, 0, '2020-05-06 08:14:32', '2020-05-06 08:14:32', 0, 1),
(2, 1, 2, 0, '2020-05-06 08:14:32', '2020-05-06 08:14:32', 0, 1),
(3, 1, 3, 0, '2020-05-06 08:14:33', '2020-05-06 08:14:33', 0, 1),
(4, 1, 4, 0, '2020-05-06 08:14:33', '2020-05-06 08:14:33', 0, 1),
(9, 3, 1, 36, '2020-05-07 08:45:07', '2020-05-07 08:45:07', 0, 1),
(10, 3, 2, 0, '2020-05-07 08:45:07', '2020-05-07 08:45:07', 0, 1),
(11, 3, 3, 15, '2020-05-07 08:45:07', '2020-05-07 08:45:07', 0, 1),
(12, 3, 4, 0, '2020-05-07 08:45:07', '2020-05-07 08:45:07', 0, 1),
(13, 4, 1, 43, '2020-05-08 08:55:06', '2020-05-08 08:55:06', 0, 1),
(14, 4, 2, 0, '2020-05-08 08:55:06', '2020-05-08 08:55:06', 0, 1),
(15, 4, 3, 0, '2020-05-08 08:55:06', '2020-05-08 08:55:06', 0, 1),
(16, 4, 4, 0, '2020-05-08 08:55:06', '2020-05-08 08:55:06', 0, 1),
(17, 5, 1, 70, '2020-05-09 02:15:58', '2020-05-09 02:15:58', 0, 1),
(18, 5, 2, 0, '2020-05-09 02:15:58', '2020-05-09 02:15:58', 0, 1),
(19, 5, 3, 0, '2020-05-09 02:15:58', '2020-05-09 02:15:58', 0, 1),
(20, 5, 4, 0, '2020-05-09 02:15:58', '2020-05-09 02:15:58', 0, 1),
(21, 6, 1, 0, '2020-05-10 10:00:23', '2020-05-10 10:00:23', 0, 1),
(22, 6, 2, 0, '2020-05-10 10:00:23', '2020-05-10 10:00:23', 0, 1),
(23, 6, 3, 0, '2020-05-10 10:00:23', '2020-05-10 10:00:23', 0, 1),
(24, 6, 4, 0, '2020-05-10 10:00:23', '2020-05-10 10:00:23', 0, 1),
(25, 7, 1, 68, '2020-05-11 08:01:41', '2020-05-11 08:01:41', 0, 1),
(26, 7, 2, 0, '2020-05-11 08:01:41', '2020-05-11 08:01:41', 0, 1),
(27, 7, 3, 0, '2020-05-11 08:01:42', '2020-05-11 08:01:42', 0, 1),
(28, 7, 4, 0, '2020-05-11 08:01:42', '2020-05-11 08:01:42', 0, 1),
(29, 8, 1, 58, '2020-05-12 07:43:42', '2020-05-12 07:43:42', 0, 1),
(30, 8, 2, 0, '2020-05-12 07:43:43', '2020-05-12 07:43:43', 0, 1),
(31, 8, 3, 0, '2020-05-12 07:43:43', '2020-05-12 07:43:43', 0, 1),
(32, 8, 4, 0, '2020-05-12 07:43:43', '2020-05-12 07:43:43', 0, 1),
(33, 9, 1, 72, '2020-05-13 07:12:37', '2020-05-13 07:12:37', 0, 1),
(34, 9, 2, 0, '2020-05-13 07:12:37', '2020-05-13 07:12:37', 0, 1),
(35, 9, 3, 0, '2020-05-13 07:12:37', '2020-05-13 07:12:37', 0, 1),
(36, 9, 4, 0, '2020-05-13 07:12:37', '2020-05-13 07:12:37', 0, 1),
(37, 10, 1, 33, '2020-05-14 09:19:03', '2020-05-14 09:19:03', 0, 1),
(38, 10, 2, 2, '2020-05-14 09:19:03', '2020-05-14 09:19:03', 0, 1),
(39, 10, 3, 156, '2020-05-14 09:19:03', '2020-05-14 09:19:03', 0, 1),
(40, 10, 4, 3, '2020-05-14 09:19:03', '2020-05-14 09:19:03', 0, 1),
(41, 11, 1, 0, '2020-05-15 07:41:51', '2020-05-15 07:41:51', 0, 1),
(42, 11, 2, 0, '2020-05-15 07:41:51', '2020-05-15 07:41:51', 0, 1),
(43, 11, 3, 0, '2020-05-15 07:41:51', '2020-05-15 07:41:51', 0, 1),
(44, 11, 4, 0, '2020-05-15 07:41:51', '2020-05-15 07:41:51', 0, 1);

-- --------------------------------------------------------

--
-- Structure de la table `lignelivraison`
--

CREATE TABLE `lignelivraison` (
  `id` int(11) NOT NULL,
  `livraison_id` int(11) NOT NULL,
  `produit_id` int(11) NOT NULL,
  `quantite` int(11) NOT NULL,
  `quantite_livree` int(11) NOT NULL,
  `reste` int(11) NOT NULL,
  `created` datetime DEFAULT NULL,
  `modified` datetime DEFAULT NULL,
  `protected` int(11) NOT NULL DEFAULT 0,
  `valide` int(11) NOT NULL DEFAULT 1
) ENGINE=InnoDB DEFAULT CHARSET=utf8 COLLATE=utf8_bin;

--
-- Déchargement des données de la table `lignelivraison`
--

INSERT INTO `lignelivraison` (`id`, `livraison_id`, `produit_id`, `quantite`, `quantite_livree`, `reste`, `created`, `modified`, `protected`, `valide`) VALUES
(1, 1, 3, 500, 500, 0, '2020-05-08 12:05:23', '2020-05-08 12:05:23', 0, 1),
(2, 2, 2, 6, 6, 0, '2020-05-08 13:44:39', '2020-05-08 13:44:39', 0, 1),
(3, 2, 3, 2, 2, 0, '2020-05-08 13:44:39', '2020-05-08 13:44:39', 0, 1),
(4, 3, 3, 500, 500, 1630, '2020-05-08 13:53:38', '2020-05-08 13:53:38', 0, 1),
(5, 4, 2, 1100, 1100, 400, '2020-05-08 14:53:17', '2020-05-08 14:53:17', 0, 1),
(6, 5, 2, 500, 500, 445, '2020-05-11 09:46:04', '2020-05-11 09:46:04', 0, 1),
(7, 6, 2, 400, 400, 300, '2020-05-11 10:16:09', '2020-05-11 10:16:09', 0, 1),
(8, 7, 3, 500, 496, 454, '2020-05-11 11:57:44', '2020-05-11 11:57:44', 0, 1),
(9, 8, 2, 46, 46, 0, '2020-05-11 12:52:49', '2020-05-11 12:52:49', 0, 1),
(10, 9, 2, 400, 400, 0, '2020-05-11 13:48:53', '2020-05-11 13:48:53', 0, 1),
(11, 10, 2, 170, 170, 630, '2020-05-11 14:44:06', '2020-05-11 14:44:06', 0, 1),
(12, 11, 1, 940, 929, 1790, '2020-05-11 15:21:56', '2020-05-11 15:21:56', 0, 1),
(13, 12, 2, 300, 300, 0, '2020-05-11 15:36:54', '2020-05-11 15:36:54', 0, 1),
(14, 13, 1, 2067, 1861, 206, '2020-05-14 10:03:33', '2020-05-14 10:03:33', 0, 1),
(15, 14, 1, 300, 300, 1490, '2020-05-14 11:41:39', '2020-05-14 11:41:39', 0, 1),
(16, 15, 3, 760, 760, 0, '2020-05-14 18:07:24', '2020-05-14 18:07:24', 0, 1),
(17, 16, 3, 710, 710, 920, '2020-05-14 18:15:19', '2020-05-14 18:15:19', 0, 1),
(18, 17, 4, 150, 150, 0, '2020-05-15 08:01:13', '2020-05-15 08:01:13', 0, 1);

-- --------------------------------------------------------

--
-- Structure de la table `ligneproductionjour`
--

CREATE TABLE `ligneproductionjour` (
  `id` int(11) NOT NULL,
  `productionjour_id` int(11) NOT NULL,
  `produit_id` int(11) NOT NULL,
  `production` int(11) NOT NULL,
  `perte` int(11) NOT NULL,
  `created` datetime DEFAULT NULL,
  `modified` datetime DEFAULT NULL,
  `protected` int(11) NOT NULL DEFAULT 0,
  `valide` int(11) NOT NULL DEFAULT 1
) ENGINE=InnoDB DEFAULT CHARSET=utf8 COLLATE=utf8_bin;

--
-- Déchargement des données de la table `ligneproductionjour`
--

INSERT INTO `ligneproductionjour` (`id`, `productionjour_id`, `produit_id`, `production`, `perte`, `created`, `modified`, `protected`, `valide`) VALUES
(1, 1, 1, 0, 0, '2020-05-06 00:00:00', '2020-05-06 08:14:30', 0, 1),
(2, 1, 2, 2971, 0, '2020-05-06 00:00:00', '2020-05-06 08:14:31', 0, 1),
(3, 1, 3, 1037, 0, '2020-05-06 00:00:00', '2020-05-06 08:14:31', 0, 1),
(4, 1, 4, 13296, 0, '2020-05-06 00:00:00', '2020-05-06 08:14:31', 0, 1),
(5, 1, 5, 4373, 0, '2020-05-06 00:00:00', '2020-05-06 08:14:31', 0, 1),
(11, 1, 6, 0, 0, '2020-05-06 00:00:00', '2020-05-06 08:47:26', 0, 1),
(12, 3, 1, 1614, 43, '2020-05-07 08:45:07', '2020-05-07 08:45:07', 0, 1),
(13, 3, 2, 0, 0, '2020-05-07 08:45:07', '2020-05-07 08:45:07', 0, 1),
(14, 3, 3, 0, 0, '2020-05-07 08:45:07', '2020-05-07 08:45:07', 0, 1),
(15, 3, 4, 0, 0, '2020-05-07 08:45:07', '2020-05-07 08:45:07', 0, 1),
(16, 3, 5, 0, 0, '2020-05-07 08:45:07', '2020-05-07 08:45:07', 0, 1),
(17, 3, 6, 0, 0, '2020-05-07 08:45:07', '2020-05-07 08:45:07', 0, 1),
(18, 4, 1, 0, 0, '2020-05-08 08:55:06', '2020-05-08 08:55:06', 0, 1),
(19, 4, 2, 0, 0, '2020-05-08 08:55:06', '2020-05-08 08:55:06', 0, 1),
(20, 4, 3, 1243, 14, '2020-05-08 08:55:06', '2020-05-08 08:55:06', 0, 1),
(21, 4, 4, 0, 0, '2020-05-08 08:55:06', '2020-05-08 08:55:06', 0, 1),
(22, 4, 5, 0, 0, '2020-05-08 08:55:06', '2020-05-08 08:55:06', 0, 1),
(23, 4, 6, 0, 0, '2020-05-08 08:55:06', '2020-05-08 08:55:06', 0, 1),
(24, 5, 1, 0, 0, '2020-05-09 02:15:58', '2020-05-09 02:15:58', 0, 1),
(25, 5, 2, 0, 0, '2020-05-09 02:15:58', '2020-05-09 02:15:58', 0, 1),
(26, 5, 3, 2053, 13, '2020-05-09 02:15:58', '2020-05-09 02:15:58', 0, 1),
(27, 5, 4, 0, 0, '2020-05-09 02:15:58', '2020-05-09 02:15:58', 0, 1),
(28, 5, 5, 0, 0, '2020-05-09 02:15:58', '2020-05-09 02:15:58', 0, 1),
(29, 5, 6, 0, 0, '2020-05-09 02:15:58', '2020-05-09 02:15:58', 0, 1),
(30, 6, 1, 0, 0, '2020-05-10 10:00:22', '2020-05-10 10:00:22', 0, 1),
(31, 6, 2, 0, 0, '2020-05-10 10:00:22', '2020-05-10 10:00:22', 0, 1),
(32, 6, 3, 0, 0, '2020-05-10 10:00:22', '2020-05-10 10:00:22', 0, 1),
(33, 6, 4, 0, 0, '2020-05-10 10:00:22', '2020-05-10 10:00:22', 0, 1),
(34, 6, 5, 0, 0, '2020-05-10 10:00:23', '2020-05-10 10:00:23', 0, 1),
(35, 6, 6, 0, 0, '2020-05-10 10:00:23', '2020-05-10 10:00:23', 0, 1),
(36, 7, 1, 3041, 0, '2020-05-11 08:01:38', '2020-05-11 08:01:38', 0, 1),
(37, 7, 2, 0, 0, '2020-05-11 08:01:38', '2020-05-11 08:01:38', 0, 1),
(38, 7, 3, 0, 0, '2020-05-11 08:01:39', '2020-05-11 08:01:39', 0, 1),
(39, 7, 4, 801, 0, '2020-05-11 08:01:39', '2020-05-11 08:01:39', 0, 1),
(40, 7, 5, 0, 0, '2020-05-11 08:01:40', '2020-05-11 08:01:40', 0, 1),
(41, 7, 6, 0, 0, '2020-05-11 08:01:40', '2020-05-11 08:01:40', 0, 1),
(42, 8, 1, 0, 0, '2020-05-12 07:43:42', '2020-05-12 07:43:42', 0, 1),
(43, 8, 2, 1802, 7, '2020-05-12 07:43:42', '2020-05-12 07:43:42', 0, 1),
(44, 8, 3, 0, 0, '2020-05-12 07:43:42', '2020-05-12 07:43:42', 0, 1),
(45, 8, 4, 1594, 0, '2020-05-12 07:43:42', '2020-05-12 07:43:42', 0, 1),
(46, 8, 5, 0, 0, '2020-05-12 07:43:42', '2020-05-12 07:43:42', 0, 1),
(47, 8, 6, 0, 0, '2020-05-12 07:43:42', '2020-05-12 07:43:42', 0, 1),
(48, 9, 1, 0, 0, '2020-05-13 07:12:37', '2020-05-13 07:12:37', 0, 1),
(49, 9, 2, 0, 0, '2020-05-13 07:12:37', '2020-05-13 07:12:37', 0, 1),
(50, 9, 3, 1439, 6, '2020-05-13 07:12:37', '2020-05-13 07:12:37', 0, 1),
(51, 9, 4, 1938, 0, '2020-05-13 07:12:37', '2020-05-13 07:12:37', 0, 1),
(52, 9, 5, 0, 0, '2020-05-13 07:12:37', '2020-05-13 07:12:37', 0, 1),
(53, 9, 6, 0, 0, '2020-05-13 07:12:37', '2020-05-13 07:12:37', 0, 1),
(54, 10, 1, 1414, 0, '2020-05-14 09:19:03', '2020-05-14 09:19:03', 0, 1),
(55, 10, 2, 0, 0, '2020-05-14 09:19:03', '2020-05-14 09:19:03', 0, 1),
(56, 10, 3, 0, 0, '2020-05-14 09:19:03', '2020-05-14 09:19:03', 0, 1),
(57, 10, 4, 0, 0, '2020-05-14 09:19:03', '2020-05-14 09:19:03', 0, 1),
(58, 10, 5, 0, 0, '2020-05-14 09:19:03', '2020-05-14 09:19:03', 0, 1),
(59, 10, 6, 0, 0, '2020-05-14 09:19:03', '2020-05-14 09:19:03', 0, 1),
(60, 11, 1, 0, 0, '2020-05-15 07:41:50', '2020-05-15 07:41:50', 0, 1),
(61, 11, 2, 0, 0, '2020-05-15 07:41:50', '2020-05-15 07:41:50', 0, 1),
(62, 11, 3, 0, 0, '2020-05-15 07:41:50', '2020-05-15 07:41:50', 0, 1),
(63, 11, 4, 0, 0, '2020-05-15 07:41:50', '2020-05-15 07:41:50', 0, 1),
(64, 11, 5, 0, 0, '2020-05-15 07:41:50', '2020-05-15 07:41:50', 0, 1),
(65, 11, 6, 0, 0, '2020-05-15 07:41:50', '2020-05-15 07:41:50', 0, 1);

-- --------------------------------------------------------

--
-- Structure de la table `livraison`
--

CREATE TABLE `livraison` (
  `id` int(11) NOT NULL,
  `reference` varchar(20) COLLATE utf8_bin DEFAULT NULL,
  `groupecommande_id` int(20) NOT NULL,
  `zonelivraison_id` int(11) DEFAULT NULL,
  `lieu` varchar(200) COLLATE utf8_bin DEFAULT NULL,
  `vehicule_id` int(11) DEFAULT NULL,
  `chauffeur_id` int(11) DEFAULT NULL,
  `etat_id` int(11) NOT NULL,
  `employe_id` int(11) DEFAULT NULL,
  `datelivraison` date DEFAULT NULL,
  `comment` text COLLATE utf8_bin DEFAULT NULL,
  `isLouer` int(11) NOT NULL,
  `montant_location` int(11) NOT NULL,
  `operation_id` int(11) NOT NULL,
  `nom_tricycle` varchar(50) COLLATE utf8_bin NOT NULL,
  `paye_tricycle` int(11) NOT NULL,
  `reste` int(11) NOT NULL,
  `isPayer` int(11) NOT NULL,
  `chargement_manoeuvre` varchar(5) COLLATE utf8_bin DEFAULT NULL,
  `dechargement_manoeuvre` varchar(5) COLLATE utf8_bin DEFAULT NULL,
  `nom_receptionniste` varchar(50) COLLATE utf8_bin DEFAULT NULL,
  `contact_receptionniste` varchar(50) COLLATE utf8_bin DEFAULT NULL,
  `created` datetime DEFAULT NULL,
  `modified` datetime DEFAULT NULL,
  `protected` int(11) NOT NULL DEFAULT 0,
  `valide` int(11) NOT NULL DEFAULT 1
) ENGINE=InnoDB DEFAULT CHARSET=utf8 COLLATE=utf8_bin;

--
-- Déchargement des données de la table `livraison`
--

INSERT INTO `livraison` (`id`, `reference`, `groupecommande_id`, `zonelivraison_id`, `lieu`, `vehicule_id`, `chauffeur_id`, `etat_id`, `employe_id`, `datelivraison`, `comment`, `isLouer`, `montant_location`, `operation_id`, `nom_tricycle`, `paye_tricycle`, `reste`, `isPayer`, `chargement_manoeuvre`, `dechargement_manoeuvre`, `nom_receptionniste`, `contact_receptionniste`, `created`, `modified`, `protected`, `valide`) VALUES
(1, 'BLI/08052020-B03386', 1, 9, 'yaou', 4, 3, 4, 3, '2020-05-08', 'absence de mr diaby confirmation par telephone', 0, 0, 0, '', 0, 0, 0, 'on', 'on', 'mr diaby', '89989870', '2020-05-08 12:05:23', '2020-05-08 12:05:23', 0, 1),
(2, 'BLI/08052020-24728F', 24, 10, 'devant biby', 1, 0, 4, 2, '2020-05-08', '', 0, 0, 0, '', 0, 0, 0, 'on', NULL, 'MR AHOUA', '07564844', '2020-05-08 13:44:39', '2020-05-08 13:44:39', 0, 1),
(3, 'BLI/08052020-4620AA', 4, 9, 'YAOU', 4, 3, 4, 2, '2020-05-08', '', 0, 0, 0, '', 0, 0, 0, 'on', 'on', 'AUGUSTIN', '', '2020-05-08 13:53:38', '2020-05-08 13:53:38', 0, 1),
(4, 'BLI/08052020-25D8EB', 21, 3, 'assinie', 4, 3, 4, 2, '2020-05-08', '', 0, 0, 0, '', 0, 0, 0, 'on', 'on', 'mr n\'guetta', '85254712', '2020-05-08 14:53:17', '2020-05-08 14:53:17', 0, 1),
(5, 'BLI/11052020-ED9611', 6, 6, 'bonoua', 4, 2, 4, 3, '2020-05-11', '', 0, 0, 0, '', 0, 0, 0, 'on', 'on', 'abou', '66501122', '2020-05-11 09:46:01', '2020-05-11 09:46:01', 0, 1),
(6, 'BLI/11052020-5E8816', 23, 10, 'yaou', 2, 0, 4, 3, '2020-05-11', '', 0, 0, 0, 'ady', 10000, 0, 1, NULL, NULL, 'MR NGUETTA', '85254712', '2020-05-11 10:16:08', '2020-05-11 10:16:08', 0, 1),
(7, 'BLI/11052020-DB7EBE', 25, 27, 'YAOU', 4, 3, 4, 3, '2020-05-11', '', 0, 0, 0, '', 0, 0, 0, 'on', 'on', 'ADIAH', '49066547', '2020-05-11 11:57:43', '2020-05-11 11:57:43', 0, 1),
(8, 'BLI/11052020-AA15F5', 26, 10, 'yaou', 2, 0, 4, 3, '2020-05-11', '', 0, 0, 0, 'ady', 1150, 0, 1, NULL, NULL, 'ME CAMENENN', '07812556', '2020-05-11 12:52:49', '2020-05-11 12:52:49', 0, 1),
(9, 'BLI/11052020-7C4A86', 21, 3, 'ASSINIE', 5, 1, 4, 3, '2020-05-11', '', 0, 0, 0, '', 0, 0, 0, 'on', 'on', 'MR NGUETTA', '85254712', '2020-05-11 13:48:52', '2020-05-11 13:48:52', 0, 1),
(10, 'BLI/11052020-4B624B', 27, 10, 'yaou', 2, 0, 4, 3, '2020-05-11', '', 0, 0, 0, 'alphonse ', 4250, 0, 1, NULL, NULL, 'mr martin', '07816124', '2020-05-11 14:44:06', '2020-05-11 14:44:06', 0, 1),
(11, 'BLI/11052020-D94043', 17, 24, '8 kilos', 4, 2, 4, 3, '2020-05-11', '', 0, 0, 0, '', 0, 0, 0, 'on', 'on', 'MR NDOUA', '03152926', '2020-05-11 15:21:56', '2020-05-11 15:21:56', 0, 1),
(12, 'BLI/11052020-1162F1', 23, 10, 'yaou', 2, 0, 4, 3, '2020-05-11', '', 0, 0, 0, 'ady', 7500, 0, 1, NULL, NULL, 'anguy', '48871946', '2020-05-11 15:36:54', '2020-05-11 15:36:54', 0, 1),
(13, 'BLI/14052020-774D06', 21, 3, 'assinie', 6, 1, 4, 3, '2020-05-14', '', 0, 0, 0, '', 0, 0, 0, 'on', 'on', 'MR NGUETTA', '85254712', '2020-05-14 10:03:32', '2020-05-14 10:03:32', 0, 1),
(14, 'BLI/14052020-E733E2', 17, 24, '8kilo', 5, 1, 4, 3, '2020-05-14', '', 0, 0, 0, '', 0, 0, 0, 'on', 'on', 'MR NDOUA', '03152926', '2020-05-14 11:41:39', '2020-05-14 11:41:39', 0, 1),
(15, 'BLI/14052020-8DC5D7', 22, 9, 'yaou', 2, 0, 4, 3, '2020-05-14', '', 0, 0, 0, 'ADY', 22800, 22800, 0, NULL, NULL, 'ANO', '08729183', '2020-05-14 18:07:24', '2020-05-14 18:07:24', 0, 1),
(16, 'BLI/14052020-AB766C', 4, 9, 'YAOU', 2, 0, 4, 3, '2020-05-14', '', 0, 0, 0, 'ALPHONSE ', 21300, 21300, 0, NULL, NULL, 'ANNO KOUAME', '08729183', '2020-05-14 18:15:19', '2020-05-14 18:15:19', 0, 1),
(17, 'BLI/15052020-C49122', 31, 1, 'abidjan', 1, 0, 2, 3, NULL, NULL, 0, 0, 0, '', 0, 0, 0, NULL, NULL, NULL, NULL, '2020-05-15 08:01:13', '2020-05-15 08:01:13', 0, 1);

-- --------------------------------------------------------

--
-- Structure de la table `machine`
--

CREATE TABLE `machine` (
  `id` int(11) NOT NULL,
  `name` varchar(50) COLLATE utf8_bin NOT NULL,
  `marque` varchar(50) COLLATE utf8_bin NOT NULL,
  `modele` varchar(200) COLLATE utf8_bin NOT NULL,
  `image` text COLLATE utf8_bin DEFAULT NULL,
  `etatvehicule_id` int(11) NOT NULL,
  `created` datetime DEFAULT NULL,
  `modified` datetime DEFAULT NULL,
  `protected` int(11) NOT NULL DEFAULT 0,
  `valide` int(11) NOT NULL DEFAULT 1
) ENGINE=InnoDB DEFAULT CHARSET=utf8 COLLATE=utf8_bin;

--
-- Déchargement des données de la table `machine`
--

INSERT INTO `machine` (`id`, `name`, `marque`, `modele`, `image`, `etatvehicule_id`, `created`, `modified`, `protected`, `valide`) VALUES
(1, 'Malaxeur Electrique', '...', '...', 'default.jpg', 1, '2020-05-07 11:28:59', '2020-05-07 11:28:59', 0, 1),
(2, 'Gros Malaxeur', '...', '...', 'default.jpg', 1, '2020-05-07 11:31:28', '2020-05-07 11:31:28', 0, 1),
(3, 'twin Une Tete', '...', '...', 'default.jpg', 1, '2020-05-07 11:37:02', '2020-05-07 11:37:02', 0, 1),
(4, 'Machine Electrique', '...', '...', 'default.jpg', 1, '2020-05-07 11:38:31', '2020-05-07 11:38:31', 0, 1),
(5, 'Machine Agglos', '...', '...', 'default.jpg', 1, '2020-05-07 11:39:42', '2020-05-07 11:39:42', 0, 1),
(6, 'M7 Super 01 BTC', '...', '...', 'default.jpg', 1, '2020-05-07 11:44:11', '2020-05-07 11:44:11', 0, 1),
(7, 'M7 Super02 BTC', '...', '...', 'default.jpg', 1, '2020-05-07 11:45:21', '2020-05-07 11:45:21', 0, 1),
(8, 'M7 2 Tete', '...', '...', 'default.jpg', 1, '2020-05-07 11:46:14', '2020-05-07 11:46:14', 0, 1);

-- --------------------------------------------------------

--
-- Structure de la table `manoeuvre`
--

CREATE TABLE `manoeuvre` (
  `id` int(11) NOT NULL,
  `name` varchar(50) COLLATE utf8_bin NOT NULL,
  `groupemanoeuvre_id` int(2) NOT NULL,
  `adresse` varchar(150) COLLATE utf8_bin DEFAULT NULL,
  `contact` varchar(200) COLLATE utf8_bin DEFAULT NULL,
  `image` varchar(50) COLLATE utf8_bin DEFAULT NULL,
  `created` datetime DEFAULT NULL,
  `modified` datetime DEFAULT NULL,
  `protected` int(11) NOT NULL DEFAULT 0,
  `valide` int(11) NOT NULL DEFAULT 1
) ENGINE=InnoDB DEFAULT CHARSET=utf8 COLLATE=utf8_bin;

-- --------------------------------------------------------

--
-- Structure de la table `manoeuvredujour`
--

CREATE TABLE `manoeuvredujour` (
  `id` int(11) NOT NULL,
  `productionjour_id` int(11) NOT NULL,
  `manoeuvre_id` int(11) NOT NULL,
  `price` int(11) NOT NULL,
  `created` datetime DEFAULT NULL,
  `modified` datetime DEFAULT NULL,
  `protected` int(11) NOT NULL DEFAULT 0,
  `valide` int(11) NOT NULL DEFAULT 1
) ENGINE=InnoDB DEFAULT CHARSET=utf8 COLLATE=utf8_bin;

-- --------------------------------------------------------

--
-- Structure de la table `manoeuvredurangement`
--

CREATE TABLE `manoeuvredurangement` (
  `id` int(11) NOT NULL,
  `productionjour_id` int(11) NOT NULL,
  `manoeuvre_id` int(11) NOT NULL,
  `price` int(11) NOT NULL,
  `created` datetime DEFAULT NULL,
  `modified` datetime DEFAULT NULL,
  `protected` int(11) NOT NULL DEFAULT 0,
  `valide` int(11) NOT NULL DEFAULT 1
) ENGINE=InnoDB DEFAULT CHARSET=utf8 COLLATE=utf8_bin;

-- --------------------------------------------------------

--
-- Structure de la table `marque`
--

CREATE TABLE `marque` (
  `id` int(11) NOT NULL,
  `name` varchar(50) COLLATE utf8_bin NOT NULL,
  `logo` varchar(50) COLLATE utf8_bin DEFAULT NULL,
  `created` datetime DEFAULT NULL,
  `modified` datetime DEFAULT NULL,
  `protected` int(11) NOT NULL DEFAULT 0,
  `valide` int(11) NOT NULL DEFAULT 1
) ENGINE=InnoDB DEFAULT CHARSET=utf8 COLLATE=utf8_bin;

--
-- Déchargement des données de la table `marque`
--

INSERT INTO `marque` (`id`, `name`, `logo`, `created`, `modified`, `protected`, `valide`) VALUES
(1, 'ABARTH', '', NULL, '2019-10-28 14:12:43', 0, 1),
(2, 'ACURA', '', NULL, '2019-10-28 14:12:43', 0, 1),
(3, 'ALFA ROMEO', '', NULL, '2019-10-28 14:12:43', 0, 1),
(4, 'ALPINA', '', NULL, '2019-10-28 14:12:43', 0, 1),
(5, 'AMC', '', NULL, '2019-10-28 14:12:43', 0, 1),
(6, 'ASR', '', NULL, '2019-10-28 14:12:43', 0, 1),
(7, 'ASTON MARTIN', '', NULL, '2019-10-28 14:12:43', 0, 1),
(8, 'AUDI', '', NULL, '2019-10-28 14:12:43', 0, 1),
(9, 'BENTLEY', '', NULL, '2019-10-28 14:12:43', 0, 1),
(10, 'BMW', '', NULL, '2019-10-28 14:12:43', 0, 1),
(11, 'BRILLIANCE', '', NULL, '2019-10-28 14:12:43', 0, 1),
(12, 'BUGATTI', '', NULL, '2019-10-28 14:12:43', 0, 1),
(13, 'BUICK', '', NULL, '2019-10-28 14:12:43', 0, 1),
(14, 'CADILLAC', '', NULL, '2019-10-28 14:12:43', 0, 1),
(15, 'CHERY', '', NULL, '2019-10-28 14:12:43', 0, 1),
(16, 'CHEVROLET', '', NULL, '2019-10-28 14:12:43', 0, 1),
(17, 'CHRYSLER', '', NULL, '2019-10-28 14:12:43', 0, 1),
(18, 'CIZETA', '', NULL, '2019-10-28 14:12:43', 0, 1),
(19, 'CORVETTE', '', NULL, '2019-10-28 14:12:43', 0, 1),
(20, 'COVINI', '', NULL, '2019-10-28 14:12:43', 0, 1),
(21, 'DACIA', '', NULL, '2019-10-28 14:12:43', 0, 1),
(22, 'DAEWOO', '', NULL, '2019-10-28 14:12:43', 0, 1),
(23, 'DAIHATSU', '', NULL, '2019-10-28 14:12:43', 0, 1),
(24, 'DATSUN', '', NULL, '2019-10-28 14:12:43', 0, 1),
(25, 'DKW', '', NULL, '2019-10-28 14:12:43', 0, 1),
(26, 'DODGE', '', NULL, '2019-10-28 14:12:43', 0, 1),
(27, 'EAGLE', '', NULL, '2019-10-28 14:12:43', 0, 1),
(28, 'FARBIO', '', NULL, '2019-10-28 14:12:43', 0, 1),
(29, 'FERRARI', '', NULL, '2019-10-28 14:12:43', 0, 1),
(30, 'FIAT', '', NULL, '2019-10-28 14:12:43', 0, 1),
(31, 'FISKER', '', NULL, '2019-10-28 14:12:43', 0, 1),
(32, 'FORD', '', NULL, '2019-10-28 14:12:43', 0, 1),
(33, 'GEELY', '', NULL, '2019-10-28 14:12:43', 0, 1),
(34, 'GEO', '', NULL, '2019-10-28 14:12:43', 0, 1),
(35, 'GMC', '', NULL, '2019-10-28 14:12:43', 0, 1),
(36, 'GREAT WALL', '', NULL, '2019-10-28 14:12:43', 0, 1),
(37, 'HOLDEN', '', NULL, '2019-10-28 14:12:43', 0, 1),
(38, 'HONDA', '', NULL, '2019-10-28 14:12:43', 0, 1),
(39, 'HORCH', '', NULL, '2019-10-28 14:12:43', 0, 1),
(40, 'HUMMER', '', NULL, '2019-10-28 14:12:43', 0, 1),
(41, 'HYUNDAI', '', NULL, '2019-10-28 14:12:43', 0, 1),
(42, 'INFINITI', '', NULL, '2019-10-28 14:12:43', 0, 1),
(43, 'ISUZU', '', NULL, '2019-10-28 14:12:43', 0, 1),
(44, 'JAGUAR', '', NULL, '2019-10-28 14:12:43', 0, 1),
(45, 'JEEP', '', NULL, '2019-10-28 14:12:43', 0, 1),
(46, 'KIA', '', NULL, '2019-10-28 14:12:43', 0, 1),
(47, 'KOENIGSEGG', '', NULL, '2019-10-28 14:12:43', 0, 1),
(48, 'LADA', '', NULL, '2019-10-28 14:12:43', 0, 1),
(49, 'LAMBORGHINI', '', NULL, '2019-10-28 14:12:43', 0, 1),
(50, 'LANCIA', '', NULL, '2019-10-28 14:12:43', 0, 1),
(51, 'LAND ROVER', '', NULL, '2019-10-28 14:12:43', 0, 1),
(52, 'LEBLANC', '', NULL, '2019-10-28 14:12:43', 0, 1),
(53, 'LEXUS', '', NULL, '2019-10-28 14:12:43', 0, 1),
(54, 'LINCOLN', '', NULL, '2019-10-28 14:12:43', 0, 1),
(55, 'LOTUS', '', NULL, '2019-10-28 14:12:43', 0, 1),
(56, 'MAHINDRA', '', NULL, '2019-10-28 14:12:43', 0, 1),
(57, 'MARUTI', '', NULL, '2019-10-28 14:12:43', 0, 1),
(58, 'MASERATI', '', NULL, '2019-10-28 14:12:43', 0, 1),
(59, 'MAYBACH', '', NULL, '2019-10-28 14:12:43', 0, 1),
(60, 'MAZDA', '', NULL, '2019-10-28 14:12:43', 0, 1),
(61, 'MERCEDES-BENZ', '', NULL, '2019-10-28 14:12:43', 0, 1),
(62, 'MG', '', NULL, '2019-10-28 14:12:43', 0, 1),
(63, 'MINI', '', NULL, '2019-10-28 14:12:43', 0, 1),
(64, 'MITSUBISHI', '', NULL, '2019-10-28 14:12:44', 0, 1),
(65, 'MORGAN', '', NULL, '2019-10-28 14:12:44', 0, 1),
(66, 'MOSKVICH', '', NULL, '2019-10-28 14:12:44', 0, 1),
(67, 'NANJING', '', NULL, '2019-10-28 14:12:44', 0, 1),
(68, 'NAZA', '', NULL, '2019-10-28 14:12:44', 0, 1),
(69, 'NISSAN', '', NULL, '2019-10-28 14:12:44', 0, 1),
(70, 'NOBLE', '', NULL, '2019-10-28 14:12:44', 0, 1),
(71, 'OLDSMOBILE', '', NULL, '2019-10-28 14:12:44', 0, 1),
(72, 'OPEL', '', NULL, '2019-10-28 14:12:44', 0, 1),
(73, 'PAGANI', '', NULL, '2019-10-28 14:12:44', 0, 1),
(74, 'PANOZ', '', NULL, '2019-10-28 14:12:44', 0, 1),
(75, 'PEUGEOT', '', NULL, '2019-10-28 14:12:44', 0, 1),
(76, 'PIAGGIO', '', NULL, '2019-10-28 14:12:44', 0, 1),
(77, 'PLYMOUTH', '', NULL, '2019-10-28 14:12:44', 0, 1),
(78, 'PONTIAC', '', NULL, '2019-10-28 14:12:44', 0, 1),
(79, 'PORSCHE', '', NULL, '2019-10-28 14:12:44', 0, 1),
(80, 'PERODUA', '', NULL, '2019-10-28 14:12:44', 0, 1),
(81, 'PROTON', '', NULL, '2019-10-28 14:12:44', 0, 1),
(82, 'RAPP MOTERNWERKE', '', NULL, '2019-10-28 14:12:44', 0, 1),
(83, 'RENAULT', '', NULL, '2019-10-28 14:12:44', 0, 1),
(84, 'ROEWE', '', NULL, '2019-10-28 14:12:44', 0, 1),
(85, 'ROLLS-ROYCE', '', NULL, '2019-10-28 14:12:44', 0, 1),
(86, 'ROVER', '', NULL, '2019-10-28 14:12:44', 0, 1),
(87, 'ROSSION', '', NULL, '2019-10-28 14:12:44', 0, 1),
(88, 'SAAB', '', NULL, '2019-10-28 14:12:44', 0, 1),
(89, 'SATURN', '', NULL, '2019-10-28 14:12:44', 0, 1),
(90, 'SCION', '', NULL, '2019-10-28 14:12:44', 0, 1),
(91, 'SEAT', '', NULL, '2019-10-28 14:12:44', 0, 1),
(92, 'SKODA', '', NULL, '2019-10-28 14:12:44', 0, 1),
(93, 'SMART', '', NULL, '2019-10-28 14:12:44', 0, 1),
(94, 'SPYKER', '', NULL, '2019-10-28 14:12:44', 0, 1),
(95, 'SSANGYONG', '', NULL, '2019-10-28 14:12:44', 0, 1),
(96, 'STEALTH', '', NULL, '2019-10-28 14:12:44', 0, 1),
(97, 'SUZUKI', '', NULL, '2019-10-28 14:12:44', 0, 1),
(98, 'TATA', '', NULL, '2019-10-28 14:12:44', 0, 1),
(99, 'TESLA', '', NULL, '2019-10-28 14:12:44', 0, 1),
(100, 'TOYOTA', '', NULL, '2019-10-28 14:12:44', 0, 1),
(101, 'TONIQ', '', NULL, '2019-10-28 14:12:44', 0, 1),
(102, 'TRABANT', '', NULL, '2019-10-28 14:12:44', 0, 1),
(103, 'VAUXHALL', '', NULL, '2019-10-28 14:12:44', 0, 1),
(104, 'VECTOR', '', NULL, '2019-10-28 14:12:44', 0, 1),
(105, 'VENTURI', '', NULL, '2019-10-28 14:12:44', 0, 1),
(106, 'VOLKSWAGEN', '', NULL, '2019-10-28 14:12:44', 0, 1),
(107, 'VOLVO', '', NULL, '2019-10-28 14:12:44', 0, 1),
(108, 'WANDERER', '', NULL, '2019-10-28 14:12:44', 0, 1),
(109, 'WARTBURG', '', NULL, '2019-10-28 14:12:44', 0, 1),
(110, 'WESTFIELD', '', NULL, '2019-10-28 14:12:44', 0, 1),
(111, 'ZASTAVA ', '', NULL, '2019-10-28 14:12:44', 0, 1),
(112, 'DISCOVERY', NULL, '2019-10-18 12:21:02', '2019-10-28 14:12:44', 0, 1),
(113, 'CHANGAN', NULL, '2019-10-18 12:22:32', '2019-10-28 14:12:44', 0, 1),
(114, 'OUTLANDER', NULL, '2019-10-28 11:09:31', '2019-10-28 14:12:44', 0, 1),
(115, 'DAF', NULL, NULL, NULL, 0, 1);

-- --------------------------------------------------------

--
-- Structure de la table `modepayement`
--

CREATE TABLE `modepayement` (
  `id` int(11) NOT NULL,
  `name` varchar(50) COLLATE utf8_bin NOT NULL,
  `initial` varchar(3) COLLATE utf8_bin NOT NULL,
  `etat_id` int(11) NOT NULL,
  `created` datetime DEFAULT NULL,
  `modified` datetime DEFAULT NULL,
  `protected` int(11) NOT NULL DEFAULT 0,
  `valide` int(11) NOT NULL DEFAULT 1
) ENGINE=InnoDB DEFAULT CHARSET=utf8 COLLATE=utf8_bin;

--
-- Déchargement des données de la table `modepayement`
--

INSERT INTO `modepayement` (`id`, `name`, `initial`, `etat_id`, `created`, `modified`, `protected`, `valide`) VALUES
(1, 'Espèces', 'ES', 4, '2020-05-06 08:14:30', '2020-05-06 08:14:30', 1, 1),
(2, 'Prelevement sur acompte', 'PA', 4, '2020-05-06 08:14:30', '2020-05-06 08:14:30', 1, 1),
(3, 'Chèque', 'CH', 2, '2020-05-06 08:14:30', '2020-05-06 08:14:30', 1, 1),
(4, 'Virement banquaire', 'VB', 2, '2020-05-06 08:14:30', '2020-05-06 08:14:30', 1, 1),
(5, 'Mobile money', 'MM', 2, '2020-05-06 08:14:30', '2020-05-06 08:14:30', 1, 1);

-- --------------------------------------------------------

--
-- Structure de la table `mycompte`
--

CREATE TABLE `mycompte` (
  `id` int(11) NOT NULL,
  `identifiant` varchar(9) COLLATE utf8_bin NOT NULL,
  `tentative` int(11) NOT NULL,
  `expired` datetime NOT NULL,
  `protected` int(11) NOT NULL DEFAULT 1,
  `valide` int(11) NOT NULL DEFAULT 1
) ENGINE=InnoDB DEFAULT CHARSET=utf8 COLLATE=utf8_bin;

--
-- Déchargement des données de la table `mycompte`
--

INSERT INTO `mycompte` (`id`, `identifiant`, `tentative`, `expired`, `protected`, `valide`) VALUES
(1, '1E6706F', 0, '2020-07-13 00:00:00', 1, 1);

-- --------------------------------------------------------

--
-- Structure de la table `operation`
--

CREATE TABLE `operation` (
  `id` int(11) NOT NULL,
  `categorieoperation_id` int(11) NOT NULL,
  `reference` varchar(20) COLLATE utf8_bin NOT NULL,
  `montant` int(11) NOT NULL,
  `client_id` int(11) NOT NULL,
  `manoeuvre_id` int(11) DEFAULT NULL,
  `fournisseur_id` int(11) DEFAULT NULL,
  `modepayement_id` int(11) NOT NULL,
  `structure` varchar(50) COLLATE utf8_bin DEFAULT NULL,
  `numero` varchar(50) COLLATE utf8_bin DEFAULT NULL,
  `comment` text COLLATE utf8_bin DEFAULT NULL,
  `acompteClient` int(11) NOT NULL,
  `detteClient` int(11) NOT NULL,
  `etat_id` int(11) NOT NULL,
  `employe_id` int(11) NOT NULL,
  `date_approbation` datetime DEFAULT NULL,
  `isModified` int(11) NOT NULL,
  `created` datetime DEFAULT NULL,
  `modified` datetime DEFAULT NULL,
  `protected` int(11) NOT NULL DEFAULT 0,
  `valide` int(11) NOT NULL DEFAULT 1
) ENGINE=InnoDB DEFAULT CHARSET=utf8 COLLATE=utf8_bin;

--
-- Déchargement des données de la table `operation`
--

INSERT INTO `operation` (`id`, `categorieoperation_id`, `reference`, `montant`, `client_id`, `manoeuvre_id`, `fournisseur_id`, `modepayement_id`, `structure`, `numero`, `comment`, `acompteClient`, `detteClient`, `etat_id`, `employe_id`, `date_approbation`, `isModified`, `created`, `modified`, `protected`, `valide`) VALUES
(1, 11, 'BCA/07052020-E48B79', 441500, 1, NULL, NULL, 1, '', '', 'en caisse de depart pour  commencer l\'application', 0, 0, 4, 2, NULL, 0, '2020-05-07 14:42:16', '2020-05-07 14:42:16', 0, 1),
(2, 12, 'BCA/07052020-ED2A79', 30000, 1, NULL, NULL, 1, '', '', 'achat carburant grande benne', 0, 0, 4, 2, NULL, 0, '2020-05-07 14:44:34', '2020-05-07 14:44:34', 0, 1),
(3, 6, 'BCA/07052020-262C93', 25000, 1, NULL, NULL, 1, '', '', 'COMPLEMENT SALAIRE SOULE', 0, 0, 4, 2, NULL, 0, '2020-05-07 16:08:02', '2020-05-07 16:08:02', 0, 1),
(4, 12, 'BCA/07052020-47696E', 10000, 1, NULL, NULL, 1, '', '', 'COURSE POUR BIDY PAR FRANCK', 0, 0, 4, 2, NULL, 0, '2020-05-07 16:16:54', '2020-05-07 16:16:54', 0, 1),
(5, 10, 'BCA/07052020-4B6E2B', 300, 1, NULL, NULL, 1, '', '', 'COLLE ALPHA', 0, 0, 4, 2, NULL, 0, '2020-05-07 16:17:58', '2020-05-07 16:17:58', 0, 1),
(6, 10, 'BCA/07052020-516AAC', 1500, 1, NULL, NULL, 1, '', '', 'ACHAT EAU POUR CLIENT', 0, 0, 4, 2, NULL, 0, '2020-05-07 16:19:34', '2020-05-07 16:19:34', 0, 1),
(7, 10, 'BCA/07052020-5D7505', 60000, 1, NULL, NULL, 1, '', '', 'ACHAT SABLE POUR MR DIABY', 0, 0, 4, 2, NULL, 0, '2020-05-07 16:22:47', '2020-05-07 16:22:47', 0, 1),
(8, 1, 'BCA/07052020-B53B26', 1, 10, NULL, NULL, 1, '', '', 'Réglement de la facture pour la commande N°BCO/07052020-B52D26', 0, 199874, 4, 2, NULL, 0, '2020-05-07 16:46:11', '2020-05-07 16:46:11', 0, 1),
(9, 12, 'BCA/07052020-D6AA23', 2000, 1, NULL, NULL, 1, '', '', 'CARBURANT POUR COURSE A BASSAM', 0, 0, 4, 2, NULL, 0, '2020-05-07 16:55:06', '2020-05-07 16:55:06', 0, 1),
(10, 16, 'BCA/07052020-DDC14A', 3000, 1, NULL, NULL, 1, '', '', 'ACHAT SEGMENT MOTEUR BTC', 0, 0, 4, 2, NULL, 0, '2020-05-07 16:57:00', '2020-05-07 16:57:00', 0, 1),
(11, 16, 'BCA/07052020-E387D8', 3000, 1, NULL, NULL, 1, '', '', 'ACHAT BOULON POUT LA MOULLE', 0, 0, 4, 2, NULL, 0, '2020-05-07 16:58:32', '2020-05-07 16:58:32', 0, 1),
(12, 16, 'BCA/07052020-F145A0', 9000, 1, NULL, NULL, 1, '', '', 'ACHAT COURROIE 2 POUR MARCHINE AGGLOS', 0, 0, 4, 2, NULL, 0, '2020-05-07 17:02:12', '2020-05-07 17:02:12', 0, 1),
(13, 10, 'BCA/07052020-F41018', 1000, 1, NULL, NULL, 1, '', '', 'TRANSFERT D UNITE', 0, 0, 4, 2, NULL, 0, '2020-05-07 17:02:57', '2020-05-07 17:02:57', 0, 1),
(14, 1, 'BCA/07052020-627315', 199874, 10, NULL, NULL, 1, '', '', 'Reglement de la dette du client MR EDEE d\'un montant de 199 874 Fcfa', 0, 0, 4, 2, NULL, 0, '2020-05-07 17:32:23', '2020-05-07 17:32:23', 0, 1),
(15, 10, 'BCA/07052020-E7068B', 15000, 1, NULL, NULL, 1, '', '', 'achat tami pour btc', 0, 0, 4, 2, NULL, 0, '2020-05-07 18:07:44', '2020-05-07 18:07:44', 0, 1),
(16, 13, 'BCA/07052020-F004A8', 2000, 1, NULL, NULL, 1, '', '', 'pesage livraison assinie mr attian', 0, 0, 4, 2, NULL, 0, '2020-05-07 18:10:08', '2020-05-07 18:10:08', 0, 1),
(17, 13, 'BCA/07052020-F746E8', 3000, 1, NULL, NULL, 1, '', '', 'frais de route pour livrais assinie', 0, 0, 4, 2, NULL, 0, '2020-05-07 18:12:04', '2020-05-07 18:12:04', 0, 1),
(18, 4, 'BCA/07052020-FC63A2', 60000, 1, NULL, NULL, 1, '', '', 'dette willy', 0, 0, 4, 2, NULL, 0, '2020-05-07 18:13:26', '2020-05-07 18:13:26', 0, 1),
(19, 9, 'BCA/07052020-07542A', 3300, 1, NULL, NULL, 1, '', '', '110ap15*30 mr gossan', 0, 0, 4, 2, NULL, 0, '2020-05-07 18:16:21', '2020-05-07 18:16:21', 0, 1),
(20, 6, 'BCA/08052020-3C44A1', 75000, 1, NULL, NULL, 1, '', '', 'paie du gardien cherif', 0, 0, 4, 3, NULL, 0, '2020-05-08 10:26:12', '2020-05-08 10:26:12', 0, 1),
(21, 6, 'BCA/08052020-40C16C', 60000, 1, NULL, NULL, 1, '', '', 'paie de mr jean pierre', 0, 0, 4, 3, NULL, 0, '2020-05-08 10:27:24', '2020-05-08 10:27:24', 0, 1),
(22, 10, 'BCA/08052020-48EE20', 5000, 1, NULL, NULL, 1, '', '', 'achat d\'huile de vidange', 0, 0, 4, 3, NULL, 0, '2020-05-08 10:29:34', '2020-05-08 10:29:34', 0, 1),
(23, 7, 'BCA/08052020-5215E7', 500, 1, NULL, NULL, 1, '', '', 'transport pour achat soudure (BTC)', 0, 0, 4, 3, NULL, 0, '2020-05-08 10:32:01', '2020-05-08 10:32:01', 0, 1),
(24, 7, 'BCA/08052020-54D75C', 2000, 1, NULL, NULL, 1, '', '', 'achat soudure(BTC)', 0, 0, 4, 3, NULL, 0, '2020-05-08 10:32:45', '2020-05-08 10:32:45', 0, 1),
(25, 7, 'BCA/08052020-5D1316', 20000, 1, NULL, NULL, 1, '', '', 'achat de segment pour machine(BTC)', 0, 0, 4, 3, NULL, 0, '2020-05-08 10:34:57', '2020-05-08 10:34:57', 0, 1),
(26, 7, 'BCA/08052020-637F13', 3200, 1, NULL, NULL, 1, '', '', 'transport pour achat de segment machine (BTC)', 0, 0, 4, 3, NULL, 0, '2020-05-08 10:36:39', '2020-05-08 10:36:39', 0, 1),
(27, 12, 'BCA/08052020-BD5E52', 30000, 1, NULL, NULL, 1, '', '', 'achat de carburant grand benne', 0, 0, 4, 3, NULL, 0, '2020-05-08 11:00:37', '2020-05-08 11:00:37', 0, 1),
(28, 5, 'BCA/08052020-C9AE20', 30000, 1, NULL, 3, 1, '', '', 'Réglement de la facture d\'approvisionnement N°APP/08052020-C9B2C5', 0, 0, 4, 3, NULL, 0, '2020-05-08 11:03:54', '2020-05-08 11:03:54', 0, 1),
(29, 5, 'BCA/08052020-3CDB7C', 31000, 1, NULL, 4, 1, '', '', 'Réglement de la facture d\'approvisionnement N°APP/08052020-3CDC39', 0, 0, 4, 3, NULL, 0, '2020-05-08 11:34:37', '2020-05-08 11:34:37', 0, 1),
(30, 13, 'BCA/08052020-4DD17A', 1000, 1, NULL, NULL, 1, '', '', 'frais de route', 0, 0, 4, 3, NULL, 0, '2020-05-08 11:39:09', '2020-05-08 11:39:09', 0, 1),
(31, 4, 'BCA/08052020-5813A6', 10000, 1, NULL, NULL, 1, '', '', 'pret du gardien de bidy', 0, 0, 4, 3, NULL, 0, '2020-05-08 11:41:53', '2020-05-08 11:41:53', 0, 1),
(32, 1, 'BCA/08052020-201EB5', 2500, 29, NULL, NULL, 1, '', '', 'Réglement de la facture pour la commande N°BCO/08052020-201653', 0, 180, 4, 3, NULL, 0, '2020-05-08 12:35:13', '2020-05-08 12:35:13', 0, 1),
(33, 1, 'BCA/08052020-786A70', 380000, 6, NULL, NULL, 5, 'ORANGE MONEY', '07802612', 'Réglement de la facture pour la commande N°BCO/08052020-7865FE', 0, 0, 4, 3, '2020-05-09 14:10:09', 0, '2020-05-08 12:58:46', '2020-05-08 12:58:46', 0, 1),
(34, 10, 'BCA/08052020-6B382C', 2000, 1, NULL, NULL, 1, '', '', 'Transport de ciment pour chantier ', 0, 0, 4, 3, NULL, 0, '2020-05-08 14:03:31', '2020-05-08 14:03:31', 0, 1),
(35, 10, 'BCA/08052020-75D5E4', 3000, 1, NULL, NULL, 1, '', '', 'Achat de nourriture pour Mr Aristide informaticien ', 0, 0, 4, 3, NULL, 0, '2020-05-08 14:06:21', '2020-05-08 14:06:21', 0, 1),
(36, 10, 'BCA/08052020-7C1B04', 2500, 1, NULL, NULL, 1, '', '', 'Achat soudure pour machine (BTC)', 0, 0, 4, 3, NULL, 0, '2020-05-08 14:08:01', '2020-05-08 14:08:01', 0, 1),
(37, 10, 'BCA/08052020-B80852', 2000, 1, NULL, NULL, 1, '', '', 'Livraison tricycle sable', 0, 0, 4, 3, NULL, 0, '2020-05-08 16:40:32', '2020-05-08 16:40:32', 0, 1),
(38, 1, 'BCA/09052020-CB89AD', 14260, 30, NULL, NULL, 1, '', '', 'Réglement de la facture pour la commande N°BCO/09052020-CB887A', 0, 0, 4, 3, NULL, 0, '2020-05-09 09:49:44', '2020-05-09 09:49:44', 0, 1),
(39, 10, 'BCA/09052020-536C46', 30000, 1, NULL, NULL, 1, '', '', 'Achat carburant Grand Benne ', 0, 0, 4, 3, NULL, 0, '2020-05-09 10:25:58', '2020-05-09 10:25:58', 0, 1),
(40, 10, 'BCA/09052020-57A355', 10000, 1, NULL, NULL, 1, '', '', 'Frais de route et pesage pour Grand Benne', 0, 0, 4, 3, NULL, 0, '2020-05-09 10:27:06', '2020-05-09 10:27:06', 0, 1),
(42, 12, 'BCA/09052020-D2576A', 15500, 1, NULL, NULL, 1, '', '', 'achat carburant machine BTC', 0, 0, 4, 3, NULL, 0, '2020-05-09 14:24:37', '2020-05-09 14:24:37', 0, 1),
(43, 5, 'BCA/09052020-050139', 31000, 1, NULL, 4, 1, '', '', 'Réglement de la facture d\'approvisionnement N°APP/09052020-050272', 0, 0, 4, 3, NULL, 0, '2020-05-09 14:38:08', '2020-05-09 14:38:08', 0, 1),
(44, 4, 'BCA/09052020-5C026C', 240, 1, NULL, NULL, 1, '', '', 'suplement de la commende de Mme camenenn', 0, 0, 4, 3, NULL, 0, '2020-05-09 15:01:20', '2020-05-09 15:01:20', 0, 1),
(45, 12, 'BCA/09052020-1BFEB7', 1000, 1, NULL, NULL, 1, '', '', 'achat essence  ', 0, 0, 4, 3, NULL, 0, '2020-05-09 15:52:31', '2020-05-09 15:52:31', 0, 1),
(46, 10, 'BCA/09052020-20D09F', 1000, 1, NULL, NULL, 1, '', '', 'frais dachat de sable', 0, 0, 4, 3, NULL, 0, '2020-05-09 15:53:49', '2020-05-09 15:53:49', 0, 1),
(47, 4, 'BCA/09052020-FADC98', 20000, 1, NULL, NULL, 1, '', '', 'Retour d\'argent de segment pour machine BTC', 0, 0, 4, 3, NULL, 0, '2020-05-09 16:51:57', '2020-05-09 16:51:57', 0, 1),
(48, 10, 'BCA/09052020-0A02B7', 30000, 1, NULL, NULL, 1, '', '', 'Achat de bâche noir pour terre BTC', 0, 0, 4, 3, NULL, 0, '2020-05-09 16:56:00', '2020-05-09 16:56:00', 0, 1),
(49, 10, 'BCA/11052020-CB9DA8', 19700, 1, NULL, NULL, 1, '', '', 'production du dimanche ', 0, 0, 4, 3, NULL, 0, '2020-05-11 08:28:41', '2020-05-11 08:28:41', 0, 1),
(50, 10, 'BCA/11052020-D1D5F3', 20400, 1, NULL, NULL, 1, '', '', 'rangement du dimanche ', 0, 0, 4, 3, NULL, 0, '2020-05-11 08:30:21', '2020-05-11 08:30:21', 0, 1),
(51, 10, 'BCA/11052020-4C7713', 10000, 1, NULL, NULL, 1, '', '', 'réparation de segment BTC', 0, 0, 4, 3, NULL, 0, '2020-05-11 09:03:03', '2020-05-11 09:03:03', 0, 1),
(52, 10, 'BCA/11052020-52CC20', 400, 1, NULL, NULL, 1, '', '', 'transport pour reparation de segment BTC', 0, 0, 4, 3, NULL, 0, '2020-05-11 09:04:44', '2020-05-11 09:04:44', 0, 1),
(54, 9, 'BCA/12052020-FB61F3', 10000, 1, 6, NULL, 1, NULL, NULL, 'Réglement de la paye de tricycle ady pour la commande N°BLI/11052020-5E8816', 0, 0, 4, 3, NULL, 0, '2020-05-12 08:35:02', '2020-05-12 08:35:02', 0, 1),
(55, 9, 'BCA/12052020-06C169', 1150, 1, 8, NULL, 1, NULL, NULL, 'Réglement de la paye de tricycle ady pour la commande N°BLI/11052020-AA15F5', 0, 0, 4, 3, NULL, 0, '2020-05-12 08:38:04', '2020-05-12 08:38:04', 0, 1),
(56, 9, 'BCA/12052020-0D4B0F', 4250, 1, 10, NULL, 1, NULL, NULL, 'Réglement de la paye de tricycle alphonse  pour la commande N°BLI/11052020-4B624B', 0, 0, 4, 3, NULL, 0, '2020-05-12 08:39:48', '2020-05-12 08:39:48', 0, 1),
(57, 9, 'BCA/12052020-12E3A7', 7500, 1, 12, NULL, 1, NULL, NULL, 'Réglement de la paye de tricycle ady pour la commande N°BLI/11052020-1162F1', 0, 0, 4, 3, NULL, 0, '2020-05-12 08:41:18', '2020-05-12 08:41:18', 0, 1),
(58, 10, 'BCA/12052020-B317A9', 7200, 1, NULL, NULL, 1, '', '', 'transport de mr sossou marc', 0, 0, 4, 3, NULL, 0, '2020-05-12 10:32:17', '2020-05-12 10:32:17', 0, 1),
(59, 10, 'BCA/12052020-B82AD2', 2500, 1, NULL, NULL, 1, '', '', 'achat carburant moto', 0, 0, 4, 3, NULL, 0, '2020-05-12 10:33:38', '2020-05-12 10:33:38', 0, 1),
(60, 10, 'BCA/12052020-BEF5DA', 12600, 1, NULL, NULL, 1, '', '', 'transport marie ange ', 0, 0, 4, 3, NULL, 0, '2020-05-12 10:35:27', '2020-05-12 10:35:27', 0, 1),
(61, 10, 'BCA/12052020-C8E93D', 1000, 1, NULL, NULL, 1, '', '', 'frais de route pour achat carburant ', 0, 0, 4, 3, NULL, 0, '2020-05-12 10:38:06', '2020-05-12 10:38:06', 0, 1),
(62, 10, 'BCA/12052020-DFA5BB', 1000, 1, NULL, NULL, 1, '', '', 'tricycle livre sable 1 tour ', 0, 0, 4, 3, NULL, 0, '2020-05-12 10:44:10', '2020-05-12 10:44:10', 0, 1),
(63, 20, 'BCA/12052020-E697E9', 31000, 1, NULL, NULL, 1, '', '', 'achat de sable ', 0, 0, 4, 3, NULL, 0, '2020-05-12 10:46:01', '2020-05-12 10:46:01', 0, 1),
(65, 20, 'BCA/12052020-0D94C0', 31000, 1, NULL, NULL, 1, '', '', 'achat de sable ', 0, 0, 4, 3, NULL, 0, '2020-05-12 10:56:25', '2020-05-12 10:56:25', 0, 1),
(66, 10, 'BCA/12052020-13C7DE', 1000, 1, NULL, NULL, 1, '', '', 'frais d’achat de sable', 0, 0, 4, 3, NULL, 0, '2020-05-12 10:58:04', '2020-05-12 10:58:04', 0, 1),
(67, 12, 'BCA/12052020-193CEB', 25000, 1, NULL, NULL, 1, '', '', 'achat de carburant grand benne ', 0, 0, 4, 3, NULL, 0, '2020-05-12 10:59:31', '2020-05-12 10:59:31', 0, 1),
(68, 10, 'BCA/12052020-1F8BE9', 500, 1, NULL, NULL, 1, '', '', 'tricycle livre sable ', 0, 0, 4, 3, NULL, 0, '2020-05-12 11:01:12', '2020-05-12 11:01:12', 0, 1),
(69, 10, 'BCA/12052020-38BA1D', 100000, 1, NULL, NULL, 1, '', '', 'l’argent remis a MR KONE ADAMA', 0, 0, 4, 3, NULL, 0, '2020-05-12 11:07:55', '2020-05-12 11:07:55', 0, 1),
(70, 10, 'BCA/12052020-428732', 900, 1, NULL, NULL, 1, '', '', 'achat de serpillère et de seau pour le bureau ', 0, 0, 4, 3, NULL, 0, '2020-05-12 11:10:32', '2020-05-12 11:10:32', 0, 1),
(71, 10, 'BCA/12052020-4FB5F9', 100, 1, NULL, NULL, 1, '', '', 'achat d\'omo pour bureau ', 0, 0, 4, 3, NULL, 0, '2020-05-12 11:14:03', '2020-05-12 11:14:03', 0, 1),
(72, 10, 'BCA/12052020-A1731E', 3000, 1, NULL, NULL, 1, '', '', 'paie du dimanche de mr JEAN PIERRE', 0, 0, 4, 3, NULL, 0, '2020-05-12 12:44:07', '2020-05-12 12:44:07', 0, 1),
(73, 10, 'BCA/12052020-B631FD', 12000, 1, NULL, NULL, 1, '', '', 'aide maçons MR ADJA', 0, 0, 4, 3, NULL, 0, '2020-05-12 12:49:39', '2020-05-12 12:49:39', 0, 1),
(74, 10, 'BCA/12052020-BB60FC', 3000, 1, NULL, NULL, 1, '', '', 'achat de fils de fer pour travaux de clôture', 0, 0, 4, 3, NULL, 0, '2020-05-12 12:51:02', '2020-05-12 12:51:02', 0, 1),
(75, 10, 'BCA/12052020-CADBCF', 500, 1, NULL, NULL, 1, '', '', 'achat de fils pour machine ', 0, 0, 4, 3, NULL, 0, '2020-05-12 12:55:09', '2020-05-12 12:55:09', 0, 1),
(76, 12, 'BCA/12052020-3A7C5B', 15000, 1, NULL, NULL, 1, '', '', 'achat carburant BTC', 0, 0, 4, 3, NULL, 0, '2020-05-12 13:24:55', '2020-05-12 13:24:55', 0, 1),
(77, 1, 'BCA/12052020-1EA82D', 200000, 17, NULL, NULL, 1, '', '', 'Réglement de la facture pour la commande N°BCO/12052020-1EA6D9', 0, 80, 4, 3, NULL, 0, '2020-05-12 14:25:46', '2020-05-12 14:25:46', 0, 1),
(78, 1, 'BCA/12052020-56B92A', 499800, 17, NULL, NULL, 1, '', '', 'Réglement de la facture pour la commande N°BCO/12052020-56B7ED', 0, 80, 4, 3, NULL, 0, '2020-05-12 14:40:43', '2020-05-12 14:40:43', 0, 1),
(79, 11, 'BCA/12052020-1AA214', 500000, 1, NULL, NULL, 1, '', '', '', 0, 0, 4, 3, NULL, 0, '2020-05-12 17:49:30', '2020-05-12 17:49:30', 0, 1),
(80, 10, 'BCA/12052020-243958', 40000, 1, NULL, NULL, 1, '', '', 'achat de ciment pour chantier docteure KRA', 0, 0, 4, 3, NULL, 0, '2020-05-12 17:52:03', '2020-05-12 17:52:03', 0, 1),
(81, 1, 'BCA/13052020-750CA4', 250000, 32, NULL, NULL, 1, '', '', 'Réglement de la facture pour la commande N°BCO/13052020-750B0F', 0, 0, 4, 3, NULL, 0, '2020-05-13 13:34:08', '2020-05-13 13:34:08', 0, 1),
(82, 10, 'BCA/13052020-65397A', 20000, 1, NULL, NULL, 1, '', '', 'achat d\'huile hydraulique ', 0, 0, 4, 3, NULL, 0, '2020-05-13 14:38:11', '2020-05-13 14:38:11', 0, 1),
(83, 10, 'BCA/13052020-7AC8F7', 3000, 1, NULL, NULL, 1, '', '', 'achat de boulon pour machine AGLLOS', 0, 0, 4, 3, NULL, 0, '2020-05-13 14:43:56', '2020-05-13 14:43:56', 0, 1),
(84, 10, 'BCA/13052020-81D7C0', 10000, 1, NULL, NULL, 1, '', '', 'réception du DT', 0, 0, 4, 3, NULL, 0, '2020-05-13 14:45:49', '2020-05-13 14:45:49', 0, 1),
(85, 10, 'BCA/13052020-87E2D8', 5000, 1, NULL, NULL, 1, '', '', 'technicien informatique ', 0, 0, 4, 3, NULL, 0, '2020-05-13 14:47:26', '2020-05-13 14:47:26', 0, 1),
(86, 11, 'BCA/13052020-DB4D4F', 500000, 1, NULL, NULL, 1, '', '', '', 0, 0, 4, 3, NULL, 0, '2020-05-13 16:17:56', '2020-05-13 16:17:56', 0, 1),
(87, 10, 'BCA/13052020-0DE0A4', 532465, 1, NULL, NULL, 1, '', '', 'Paiements des ouvriers', 0, 0, 4, 3, NULL, 0, '2020-05-13 16:31:26', '2020-05-13 16:31:26', 0, 1),
(88, 21, 'BCA/13052020-7851F9', 950000, 1, NULL, NULL, 1, '', '', '', 0, 0, 4, 3, NULL, 0, '2020-05-13 16:59:49', '2020-05-13 16:59:49', 0, 1),
(89, 9, 'BCA/13052020-8664EA', 2100, 1, NULL, NULL, 1, '', '', 'tricycle livre a DELEG 70AP15*30', 0, 0, 4, 3, NULL, 0, '2020-05-13 17:03:34', '2020-05-13 17:03:34', 0, 1),
(90, 9, 'BCA/13052020-8FABAA', 3000, 1, NULL, NULL, 1, '', '', 'tricycle livre a DLEG 2 toure de sable ', 0, 0, 4, 3, NULL, 0, '2020-05-13 17:06:02', '2020-05-13 17:06:02', 0, 1),
(91, 9, 'BCA/13052020-953D4A', 1500, 1, NULL, NULL, 1, '', '', 'tricycle livre a DLEG 1 voyage de granite ', 0, 0, 4, 3, NULL, 0, '2020-05-13 17:07:31', '2020-05-13 17:07:31', 0, 1),
(92, 9, 'BCA/13052020-9D0C64', 1000, 1, NULL, NULL, 1, '', '', 'tricycle livre a DLEG fer a béton + bois de coffrage ', 0, 0, 4, 3, NULL, 0, '2020-05-13 17:09:36', '2020-05-13 17:09:36', 0, 1),
(93, 1, 'BCA/14052020-84318A', 2250000, 20, NULL, NULL, 1, '', '', 'Réglement de la facture pour la commande N°BCO/14052020-84245A', 0, 0, 4, 3, NULL, 0, '2020-05-14 10:06:59', '2020-05-14 10:06:59', 0, 1),
(94, 21, 'BCA/14052020-BC98DD', 1815000, 1, NULL, NULL, 1, '', '', '', 0, 0, 4, 3, NULL, 0, '2020-05-14 10:22:01', '2020-05-14 10:22:01', 0, 1),
(95, 11, 'BCA/14052020-872C98', 3000000, 1, NULL, NULL, 1, '', '', '', 0, 0, 4, 3, NULL, 0, '2020-05-10 13:32:34', '2020-05-14 13:32:34', 0, 1),
(96, 5, 'BCA/14052020-8DD240', 3000000, 1, NULL, 2, 1, '', '', 'Acréditation du compte du fournisseur FRANKS GROUP d\'un montant de 3 000 000 Fcfa', 0, 0, 4, 3, NULL, 0, '2020-05-10 13:34:21', '2020-05-14 13:34:21', 0, 1),
(97, 4, 'BCA/14052020-FA3B5A', 72000, 1, NULL, NULL, 1, '', '', 'location chargeuse ', 0, 0, 4, 3, NULL, 0, '2020-05-14 16:19:47', '2020-05-14 16:19:47', 0, 1),
(98, 9, 'BCA/14052020-06745E', 1250, 1, NULL, NULL, 1, '', '', 'tricycle livre a DLEG 50 AC15*25', 0, 0, 4, 3, NULL, 0, '2020-05-14 16:23:03', '2020-05-14 16:23:03', 0, 1),
(99, 12, 'BCA/14052020-0A5146', 30000, 1, NULL, NULL, 1, '', '', 'ACHAT CARBURANT PETIT BENNE ', 0, 0, 4, 3, NULL, 0, '2020-05-14 16:24:05', '2020-05-14 16:24:05', 0, 1),
(100, 10, 'BCA/14052020-1B5CF5', 1000, 1, NULL, NULL, 1, '', '', 'achat d’un tournevis ', 0, 0, 4, 3, NULL, 0, '2020-05-14 16:28:37', '2020-05-14 16:28:37', 0, 1),
(101, 12, 'BCA/14052020-213A56', 16000, 1, NULL, NULL, 1, '', '', 'achat carburant petit benne ', 0, 0, 4, 3, NULL, 0, '2020-05-14 16:30:11', '2020-05-14 16:30:11', 0, 1),
(102, 10, 'BCA/14052020-290057', 20000, 1, NULL, NULL, 1, '', '', 'achat  gravier ', 0, 0, 4, 3, NULL, 0, '2020-05-14 16:32:16', '2020-05-14 16:32:16', 0, 1),
(103, 10, 'BCA/14052020-2CD6DD', 600, 1, NULL, NULL, 1, '', '', 'achat d’un scotche ', 0, 0, 4, 3, NULL, 0, '2020-05-14 16:33:17', '2020-05-14 16:33:17', 0, 1),
(104, 10, 'BCA/14052020-311AD2', 3000, 1, NULL, NULL, 1, '', '', 'frais de route ', 0, 0, 4, 3, NULL, 0, '2020-05-14 16:34:25', '2020-05-14 16:34:25', 0, 1),
(105, 10, 'BCA/14052020-3A3685', 2000, 1, NULL, NULL, 1, '', '', 'pesage camion petit benne ', 0, 0, 4, 3, NULL, 0, '2020-05-14 16:36:51', '2020-05-14 16:36:51', 0, 1),
(106, 10, 'BCA/14052020-3CB6CA', 2000, 1, NULL, NULL, 1, '', '', 'transport OUMAR', 0, 0, 4, 3, NULL, 0, '2020-05-14 16:37:31', '2020-05-14 16:37:31', 0, 1),
(107, 10, 'BCA/14052020-D5AC9D', 200, 1, NULL, NULL, 1, '', '', 'transport MR MARC pour bonoua', 0, 0, 4, 3, NULL, 0, '2020-05-14 17:18:18', '2020-05-14 17:18:18', 0, 1),
(108, 1, 'BCA/15052020-BE1EE3', 45000, 33, NULL, NULL, 1, '', '', 'Réglement de la facture pour la commande N°BCO/15052020-BE1D72', 0, 0, 4, 3, NULL, 0, '2020-05-15 07:59:29', '2020-05-15 07:59:29', 0, 1);

-- --------------------------------------------------------

--
-- Structure de la table `panne`
--

CREATE TABLE `panne` (
  `id` int(11) NOT NULL,
  `title` text COLLATE utf8_bin NOT NULL,
  `reference` varchar(10) COLLATE utf8_bin DEFAULT NULL,
  `machine_id` int(11) NOT NULL,
  `manoeuvre_id` int(11) DEFAULT NULL,
  `comment` text COLLATE utf8_bin NOT NULL,
  `image` varchar(200) COLLATE utf8_bin DEFAULT NULL,
  `etat_id` int(11) NOT NULL,
  `date_approuve` datetime DEFAULT NULL,
  `employe_id` int(11) DEFAULT NULL,
  `created` datetime DEFAULT NULL,
  `modified` datetime DEFAULT NULL,
  `protected` int(11) NOT NULL DEFAULT 0,
  `valide` int(11) NOT NULL DEFAULT 1
) ENGINE=InnoDB DEFAULT CHARSET=utf8 COLLATE=utf8_bin;

-- --------------------------------------------------------

--
-- Structure de la table `params`
--

CREATE TABLE `params` (
  `id` int(11) NOT NULL,
  `societe` varchar(50) COLLATE utf8_bin NOT NULL,
  `email` varchar(200) COLLATE utf8_bin NOT NULL,
  `contact` varchar(50) COLLATE utf8_bin DEFAULT NULL,
  `fax` varchar(50) COLLATE utf8_bin DEFAULT NULL,
  `devise` varchar(50) COLLATE utf8_bin NOT NULL,
  `tva` int(11) NOT NULL,
  `seuilCredit` int(11) NOT NULL,
  `adresse` varchar(200) COLLATE utf8_bin DEFAULT NULL,
  `postale` varchar(200) COLLATE utf8_bin DEFAULT NULL,
  `image` varchar(50) COLLATE utf8_bin DEFAULT NULL,
  `autoriserVersementAttente` varchar(11) COLLATE utf8_bin NOT NULL,
  `bloquerOrfonds` varchar(11) COLLATE utf8_bin NOT NULL,
  `protected` int(11) NOT NULL DEFAULT 1,
  `valide` int(11) NOT NULL DEFAULT 1
) ENGINE=InnoDB DEFAULT CHARSET=utf8 COLLATE=utf8_bin;

--
-- Déchargement des données de la table `params`
--

INSERT INTO `params` (`id`, `societe`, `email`, `contact`, `fax`, `devise`, `tva`, `seuilCredit`, `adresse`, `postale`, `image`, `autoriserVersementAttente`, `bloquerOrfonds`, `protected`, `valide`) VALUES
(1, 'Briqueterie Industrielle de Yaou', 'bidy@gmail.com', '07023773 / 07515651 / 46015555', '', 'Fcfa', 0, 1000000, 'Yaou, route de Bonoua', '', '541148c2.png', 'on', 'off', 1, 1);

-- --------------------------------------------------------

--
-- Structure de la table `payeferie_produit`
--

CREATE TABLE `payeferie_produit` (
  `id` int(11) NOT NULL,
  `produit_id` int(11) NOT NULL,
  `price` int(11) NOT NULL,
  `price_rangement` int(11) NOT NULL,
  `price_livraison` int(11) NOT NULL,
  `created` datetime DEFAULT NULL,
  `modified` datetime DEFAULT NULL,
  `protected` int(11) NOT NULL DEFAULT 0,
  `valide` int(11) NOT NULL DEFAULT 1
) ENGINE=InnoDB DEFAULT CHARSET=utf8 COLLATE=utf8_bin;

--
-- Déchargement des données de la table `payeferie_produit`
--

INSERT INTO `payeferie_produit` (`id`, `produit_id`, `price`, `price_rangement`, `price_livraison`, `created`, `modified`, `protected`, `valide`) VALUES
(1, 1, 17, 10, 12, '2020-05-06 08:14:30', '2020-05-06 08:14:30', 0, 1),
(2, 2, 15, 10, 12, '2020-05-06 08:14:31', '2020-05-06 08:14:31', 0, 1),
(3, 3, 17, 10, 12, '2020-05-06 08:14:31', '2020-05-06 08:14:31', 0, 1),
(4, 4, 22, 7, 12, '2020-05-06 08:14:31', '2020-05-06 08:14:31', 0, 1),
(5, 5, 22, 7, 12, '2020-05-06 08:14:31', '2020-05-06 08:14:31', 0, 1),
(6, 6, 15, 10, 12, '2020-05-06 08:47:26', '2020-05-06 08:47:26', 0, 1);

-- --------------------------------------------------------

--
-- Structure de la table `paye_chauffeur`
--

CREATE TABLE `paye_chauffeur` (
  `id` int(11) NOT NULL,
  `chauffeur_id` int(11) NOT NULL,
  `mois` int(11) NOT NULL,
  `annee` int(11) NOT NULL,
  `price` int(11) NOT NULL,
  `created` datetime DEFAULT NULL,
  `modified` datetime DEFAULT NULL,
  `protected` int(11) NOT NULL DEFAULT 0,
  `valide` int(11) NOT NULL DEFAULT 1
) ENGINE=InnoDB DEFAULT CHARSET=utf8 COLLATE=utf8_bin;

-- --------------------------------------------------------

--
-- Structure de la table `paye_produit`
--

CREATE TABLE `paye_produit` (
  `id` int(11) NOT NULL,
  `produit_id` int(11) NOT NULL,
  `price` int(11) NOT NULL,
  `price_rangement` int(11) NOT NULL,
  `price_livraison` int(11) NOT NULL,
  `created` datetime DEFAULT NULL,
  `modified` datetime DEFAULT NULL,
  `protected` int(11) NOT NULL DEFAULT 0,
  `valide` int(11) NOT NULL DEFAULT 1
) ENGINE=InnoDB DEFAULT CHARSET=utf8 COLLATE=utf8_bin;

--
-- Déchargement des données de la table `paye_produit`
--

INSERT INTO `paye_produit` (`id`, `produit_id`, `price`, `price_rangement`, `price_livraison`, `created`, `modified`, `protected`, `valide`) VALUES
(1, 1, 15, 7, 10, '2020-05-06 08:14:30', '2020-05-06 08:14:30', 0, 1),
(2, 2, 12, 7, 10, '2020-05-06 08:14:31', '2020-05-06 08:14:31', 0, 1),
(3, 3, 15, 7, 10, '2020-05-06 08:14:31', '2020-05-06 08:14:31', 0, 1),
(4, 4, 20, 7, 10, '2020-05-06 08:14:31', '2020-05-06 08:14:31', 0, 1),
(5, 5, 20, 7, 10, '2020-05-06 08:14:31', '2020-05-06 08:14:31', 0, 1),
(6, 6, 12, 7, 10, '2020-05-06 08:47:25', '2020-05-06 08:47:25', 0, 1);

-- --------------------------------------------------------

--
-- Structure de la table `prestataire`
--

CREATE TABLE `prestataire` (
  `id` int(11) NOT NULL,
  `name` varchar(200) COLLATE utf8_bin NOT NULL,
  `typeprestataire_id` int(11) NOT NULL,
  `contact` varchar(150) COLLATE utf8_bin DEFAULT NULL,
  `fax` varchar(200) COLLATE utf8_bin DEFAULT NULL,
  `email` text COLLATE utf8_bin DEFAULT NULL,
  `adresse` text COLLATE utf8_bin DEFAULT NULL,
  `registre` varchar(50) COLLATE utf8_bin DEFAULT NULL,
  `login` text COLLATE utf8_bin NOT NULL,
  `password` text COLLATE utf8_bin NOT NULL,
  `is_new` int(11) NOT NULL,
  `image` varchar(50) COLLATE utf8_bin DEFAULT NULL,
  `is_allowed` int(11) NOT NULL,
  `created` datetime DEFAULT NULL,
  `modified` datetime DEFAULT NULL,
  `protected` int(11) NOT NULL DEFAULT 0,
  `valide` int(11) NOT NULL DEFAULT 1
) ENGINE=InnoDB DEFAULT CHARSET=utf8 COLLATE=utf8_bin;

--
-- Déchargement des données de la table `prestataire`
--

INSERT INTO `prestataire` (`id`, `name`, `typeprestataire_id`, `contact`, `fax`, `email`, `adresse`, `registre`, `login`, `password`, `is_new`, `image`, `is_allowed`, `created`, `modified`, `protected`, `valide`) VALUES
(1, 'Devaris PRESTATAIRE', 1, '...', NULL, 'info@devaris21.com', '...', NULL, '...', '...', 1, 'default.png', 1, '2020-05-06 08:14:30', '2020-05-06 08:14:30', 1, 1);

-- --------------------------------------------------------

--
-- Structure de la table `prix_zonelivraison`
--

CREATE TABLE `prix_zonelivraison` (
  `id` int(11) NOT NULL,
  `produit_id` int(11) NOT NULL,
  `zonelivraison_id` int(11) NOT NULL,
  `price` int(11) NOT NULL,
  `created` datetime DEFAULT NULL,
  `modified` datetime DEFAULT NULL,
  `protected` int(11) NOT NULL DEFAULT 0,
  `valide` int(11) NOT NULL DEFAULT 1
) ENGINE=InnoDB DEFAULT CHARSET=utf8 COLLATE=utf8_bin;

--
-- Déchargement des données de la table `prix_zonelivraison`
--

INSERT INTO `prix_zonelivraison` (`id`, `produit_id`, `zonelivraison_id`, `price`, `created`, `modified`, `protected`, `valide`) VALUES
(1, 1, 1, 450, '2020-05-06 08:14:30', '2020-05-06 08:14:30', 0, 1),
(2, 2, 1, 350, '2020-05-06 08:14:31', '2020-05-06 08:14:31', 0, 1),
(3, 3, 1, 450, '2020-05-06 08:14:31', '2020-05-06 08:14:31', 0, 1),
(4, 4, 1, 225, '2020-05-06 08:14:31', '2020-05-06 08:14:31', 0, 1),
(5, 5, 1, 250, '2020-05-06 08:14:31', '2020-05-06 08:14:31', 0, 1),
(6, 1, 2, 475, '2020-05-06 08:20:38', '2020-05-06 08:20:38', 0, 1),
(7, 2, 2, 350, '2020-05-06 08:20:38', '2020-05-06 08:20:38', 0, 1),
(8, 3, 2, 350, '2020-05-06 08:20:38', '2020-05-06 08:20:38', 0, 1),
(9, 4, 2, 250, '2020-05-06 08:20:38', '2020-05-06 08:20:38', 0, 1),
(10, 5, 2, 250, '2020-05-06 08:20:38', '2020-05-06 08:20:38', 0, 1),
(11, 1, 3, 425, '2020-05-06 08:22:54', '2020-05-06 08:22:54', 0, 1),
(12, 2, 3, 325, '2020-05-06 08:22:54', '2020-05-06 08:22:54', 0, 1),
(13, 3, 3, 425, '2020-05-06 08:22:54', '2020-05-06 08:22:54', 0, 1),
(14, 4, 3, 225, '2020-05-06 08:22:54', '2020-05-06 08:22:54', 0, 1),
(15, 5, 3, 250, '2020-05-06 08:22:54', '2020-05-06 08:22:54', 0, 1),
(16, 1, 4, 415, '2020-05-06 08:26:41', '2020-05-06 08:26:41', 0, 1),
(17, 2, 4, 315, '2020-05-06 08:26:41', '2020-05-06 08:26:41', 0, 1),
(18, 3, 4, 415, '2020-05-06 08:26:42', '2020-05-06 08:26:42', 0, 1),
(19, 4, 4, 225, '2020-05-06 08:26:42', '2020-05-06 08:26:42', 0, 1),
(20, 5, 4, 250, '2020-05-06 08:26:42', '2020-05-06 08:26:42', 0, 1),
(21, 1, 5, 450, '2020-05-06 08:28:38', '2020-05-06 08:28:38', 0, 1),
(22, 2, 5, 350, '2020-05-06 08:28:38', '2020-05-06 08:28:38', 0, 1),
(23, 3, 5, 450, '2020-05-06 08:28:38', '2020-05-06 08:28:38', 0, 1),
(24, 4, 5, 225, '2020-05-06 08:28:38', '2020-05-06 08:28:38', 0, 1),
(25, 5, 5, 250, '2020-05-06 08:28:38', '2020-05-06 08:28:38', 0, 1),
(26, 1, 6, 415, '2020-05-06 08:31:17', '2020-05-06 08:31:17', 0, 1),
(27, 2, 6, 315, '2020-05-06 08:31:17', '2020-05-06 08:31:17', 0, 1),
(28, 3, 6, 415, '2020-05-06 08:31:17', '2020-05-06 08:31:17', 0, 1),
(29, 4, 6, 225, '2020-05-06 08:31:17', '2020-05-06 08:31:17', 0, 1),
(30, 5, 6, 250, '2020-05-06 08:31:17', '2020-05-06 08:31:17', 0, 1),
(31, 1, 7, 410, '2020-05-06 08:31:33', '2020-05-06 08:31:33', 0, 1),
(32, 2, 7, 310, '2020-05-06 08:31:33', '2020-05-06 08:31:33', 0, 1),
(33, 3, 7, 410, '2020-05-06 08:31:33', '2020-05-06 08:31:33', 0, 1),
(34, 4, 7, 225, '2020-05-06 08:31:33', '2020-05-06 08:31:33', 0, 1),
(35, 5, 7, 250, '2020-05-06 08:31:33', '2020-05-06 08:31:33', 0, 1),
(36, 1, 8, 425, '2020-05-06 08:31:48', '2020-05-06 08:31:48', 0, 1),
(37, 2, 8, 325, '2020-05-06 08:31:48', '2020-05-06 08:31:48', 0, 1),
(38, 3, 8, 425, '2020-05-06 08:31:48', '2020-05-06 08:31:48', 0, 1),
(39, 4, 8, 225, '2020-05-06 08:31:48', '2020-05-06 08:31:48', 0, 1),
(40, 5, 8, 250, '2020-05-06 08:31:48', '2020-05-06 08:31:48', 0, 1),
(41, 1, 9, 415, '2020-05-06 08:31:59', '2020-05-06 08:31:59', 0, 1),
(42, 2, 9, 315, '2020-05-06 08:31:59', '2020-05-06 08:31:59', 0, 1),
(43, 3, 9, 415, '2020-05-06 08:31:59', '2020-05-06 08:31:59', 0, 1),
(44, 4, 9, 225, '2020-05-06 08:31:59', '2020-05-06 08:31:59', 0, 1),
(45, 5, 9, 250, '2020-05-06 08:32:00', '2020-05-06 08:32:00', 0, 1),
(46, 1, 10, 410, '2020-05-06 08:32:08', '2020-05-06 08:32:08', 0, 1),
(47, 2, 10, 310, '2020-05-06 08:32:08', '2020-05-06 08:32:08', 0, 1),
(48, 3, 10, 410, '2020-05-06 08:32:08', '2020-05-06 08:32:08', 0, 1),
(49, 4, 10, 225, '2020-05-06 08:32:09', '2020-05-06 08:32:09', 0, 1),
(50, 5, 10, 250, '2020-05-06 08:32:09', '2020-05-06 08:32:09', 0, 1),
(51, 1, 11, 425, '2020-05-06 08:32:28', '2020-05-06 08:32:28', 0, 1),
(52, 2, 11, 325, '2020-05-06 08:32:29', '2020-05-06 08:32:29', 0, 1),
(53, 3, 11, 425, '2020-05-06 08:32:29', '2020-05-06 08:32:29', 0, 1),
(54, 4, 11, 225, '2020-05-06 08:32:29', '2020-05-06 08:32:29', 0, 1),
(55, 5, 11, 250, '2020-05-06 08:32:29', '2020-05-06 08:32:29', 0, 1),
(56, 1, 12, 415, '2020-05-06 08:33:13', '2020-05-06 08:33:13', 0, 1),
(57, 2, 12, 315, '2020-05-06 08:33:13', '2020-05-06 08:33:13', 0, 1),
(58, 3, 12, 415, '2020-05-06 08:33:13', '2020-05-06 08:33:13', 0, 1),
(59, 4, 12, 225, '2020-05-06 08:33:13', '2020-05-06 08:33:13', 0, 1),
(60, 5, 12, 250, '2020-05-06 08:33:13', '2020-05-06 08:33:13', 0, 1),
(61, 1, 13, 410, '2020-05-06 08:33:21', '2020-05-06 08:33:21', 0, 1),
(62, 2, 13, 310, '2020-05-06 08:33:21', '2020-05-06 08:33:21', 0, 1),
(63, 3, 13, 410, '2020-05-06 08:33:21', '2020-05-06 08:33:21', 0, 1),
(64, 4, 13, 225, '2020-05-06 08:33:21', '2020-05-06 08:33:21', 0, 1),
(65, 5, 13, 250, '2020-05-06 08:33:21', '2020-05-06 08:33:21', 0, 1),
(66, 1, 14, 430, '2020-05-06 08:33:44', '2020-05-06 08:33:44', 0, 1),
(67, 2, 14, 325, '2020-05-06 08:33:44', '2020-05-06 08:33:44', 0, 1),
(68, 3, 14, 430, '2020-05-06 08:33:44', '2020-05-06 08:33:44', 0, 1),
(69, 4, 14, 225, '2020-05-06 08:33:44', '2020-05-06 08:33:44', 0, 1),
(70, 5, 14, 250, '2020-05-06 08:33:44', '2020-05-06 08:33:44', 0, 1),
(71, 1, 15, 425, '2020-05-06 08:33:53', '2020-05-06 08:33:53', 0, 1),
(72, 2, 15, 325, '2020-05-06 08:33:53', '2020-05-06 08:33:53', 0, 1),
(73, 3, 15, 425, '2020-05-06 08:33:53', '2020-05-06 08:33:53', 0, 1),
(74, 4, 15, 225, '2020-05-06 08:33:53', '2020-05-06 08:33:53', 0, 1),
(75, 5, 15, 250, '2020-05-06 08:33:53', '2020-05-06 08:33:53', 0, 1),
(76, 1, 16, 415, '2020-05-06 08:34:02', '2020-05-06 08:34:02', 0, 1),
(77, 2, 16, 315, '2020-05-06 08:34:02', '2020-05-06 08:34:02', 0, 1),
(78, 3, 16, 415, '2020-05-06 08:34:02', '2020-05-06 08:34:02', 0, 1),
(79, 4, 16, 225, '2020-05-06 08:34:02', '2020-05-06 08:34:02', 0, 1),
(80, 5, 16, 250, '2020-05-06 08:34:02', '2020-05-06 08:34:02', 0, 1),
(81, 1, 17, 430, '2020-05-06 08:34:17', '2020-05-06 08:34:17', 0, 1),
(82, 2, 17, 330, '2020-05-06 08:34:18', '2020-05-06 08:34:18', 0, 1),
(83, 3, 17, 430, '2020-05-06 08:34:18', '2020-05-06 08:34:18', 0, 1),
(84, 4, 17, 225, '2020-05-06 08:34:18', '2020-05-06 08:34:18', 0, 1),
(85, 5, 17, 250, '2020-05-06 08:34:18', '2020-05-06 08:34:18', 0, 1),
(86, 1, 18, 425, '2020-05-06 08:34:50', '2020-05-06 08:34:50', 0, 1),
(87, 2, 18, 325, '2020-05-06 08:34:50', '2020-05-06 08:34:50', 0, 1),
(88, 3, 18, 425, '2020-05-06 08:34:50', '2020-05-06 08:34:50', 0, 1),
(89, 4, 18, 225, '2020-05-06 08:34:50', '2020-05-06 08:34:50', 0, 1),
(90, 5, 18, 250, '2020-05-06 08:34:50', '2020-05-06 08:34:50', 0, 1),
(91, 1, 19, 475, '2020-05-06 08:35:03', '2020-05-06 08:35:03', 0, 1),
(92, 2, 19, 325, '2020-05-06 08:35:03', '2020-05-06 08:35:03', 0, 1),
(93, 3, 19, 325, '2020-05-06 08:35:03', '2020-05-06 08:35:03', 0, 1),
(94, 4, 19, 250, '2020-05-06 08:35:03', '2020-05-06 08:35:03', 0, 1),
(95, 5, 19, 250, '2020-05-06 08:35:03', '2020-05-06 08:35:03', 0, 1),
(96, 1, 20, 475, '2020-05-06 08:35:12', '2020-05-06 08:35:12', 0, 1),
(97, 2, 20, 375, '2020-05-06 08:35:12', '2020-05-06 08:35:12', 0, 1),
(98, 3, 20, 475, '2020-05-06 08:35:12', '2020-05-06 08:35:12', 0, 1),
(99, 4, 20, 225, '2020-05-06 08:35:12', '2020-05-06 08:35:12', 0, 1),
(100, 5, 20, 250, '2020-05-06 08:35:12', '2020-05-06 08:35:12', 0, 1),
(101, 1, 21, 0, '2020-05-06 08:36:58', '2020-05-06 08:36:58', 0, 1),
(102, 2, 21, 0, '2020-05-06 08:36:58', '2020-05-06 08:36:58', 0, 1),
(103, 3, 21, 0, '2020-05-06 08:36:58', '2020-05-06 08:36:58', 0, 1),
(104, 4, 21, 0, '2020-05-06 08:36:58', '2020-05-06 08:36:58', 0, 1),
(105, 5, 21, 0, '2020-05-06 08:36:58', '2020-05-06 08:36:58', 0, 1),
(106, 6, 1, 300, '2020-05-06 08:47:24', '2020-05-06 08:47:24', 0, 1),
(107, 6, 2, 315, '2020-05-06 08:47:25', '2020-05-06 08:47:25', 0, 1),
(108, 6, 3, 315, '2020-05-06 08:47:25', '2020-05-06 08:47:25', 0, 1),
(109, 6, 4, 300, '2020-05-06 08:47:25', '2020-05-06 08:47:25', 0, 1),
(110, 6, 5, 315, '2020-05-06 08:47:25', '2020-05-06 08:47:25', 0, 1),
(111, 6, 6, 290, '2020-05-06 08:47:25', '2020-05-06 08:47:25', 0, 1),
(112, 6, 7, 280, '2020-05-06 08:47:25', '2020-05-06 08:47:25', 0, 1),
(113, 6, 8, 300, '2020-05-06 08:47:25', '2020-05-06 08:47:25', 0, 1),
(114, 6, 9, 280, '2020-05-06 08:47:25', '2020-05-06 08:47:25', 0, 1),
(115, 6, 10, 275, '2020-05-06 08:47:25', '2020-05-06 08:47:25', 0, 1),
(116, 6, 11, 280, '2020-05-06 08:47:25', '2020-05-06 08:47:25', 0, 1),
(117, 6, 12, 280, '2020-05-06 08:47:25', '2020-05-06 08:47:25', 0, 1),
(118, 6, 13, 250, '2020-05-06 08:47:25', '2020-05-06 08:47:25', 0, 1),
(119, 6, 14, 300, '2020-05-06 08:47:25', '2020-05-06 08:47:25', 0, 1),
(120, 6, 15, 300, '2020-05-06 08:47:25', '2020-05-06 08:47:25', 0, 1),
(121, 6, 16, 300, '2020-05-06 08:47:25', '2020-05-06 08:47:25', 0, 1),
(122, 6, 17, 300, '2020-05-06 08:47:25', '2020-05-06 08:47:25', 0, 1),
(123, 6, 18, 300, '2020-05-06 08:47:25', '2020-05-06 08:47:25', 0, 1),
(124, 6, 19, 315, '2020-05-06 08:47:25', '2020-05-06 08:47:25', 0, 1),
(125, 6, 20, 325, '2020-05-06 08:47:25', '2020-05-06 08:47:25', 0, 1),
(126, 6, 21, 0, '2020-05-06 08:47:25', '2020-05-06 08:47:25', 0, 1),
(127, 1, 22, 475, '2020-05-06 21:48:48', '2020-05-06 21:48:48', 0, 1),
(128, 2, 22, 375, '2020-05-06 21:48:48', '2020-05-06 21:48:48', 0, 1),
(129, 3, 22, 475, '2020-05-06 21:48:48', '2020-05-06 21:48:48', 0, 1),
(130, 4, 22, 225, '2020-05-06 21:48:48', '2020-05-06 21:48:48', 0, 1),
(131, 5, 22, 250, '2020-05-06 21:48:48', '2020-05-06 21:48:48', 0, 1),
(132, 6, 22, 300, '2020-05-06 21:48:48', '2020-05-06 21:48:48', 0, 1),
(133, 1, 23, 450, '2020-05-06 22:10:35', '2020-05-06 22:10:35', 0, 1),
(134, 2, 23, 350, '2020-05-06 22:10:35', '2020-05-06 22:10:35', 0, 1),
(135, 3, 23, 450, '2020-05-06 22:10:35', '2020-05-06 22:10:35', 0, 1),
(136, 4, 23, 225, '2020-05-06 22:10:35', '2020-05-06 22:10:35', 0, 1),
(137, 5, 23, 250, '2020-05-06 22:10:35', '2020-05-06 22:10:35', 0, 1),
(138, 6, 23, 325, '2020-05-06 22:10:35', '2020-05-06 22:10:35', 0, 1),
(139, 1, 24, 415, '2020-05-06 22:11:22', '2020-05-06 22:11:22', 0, 1),
(140, 2, 24, 315, '2020-05-06 22:11:22', '2020-05-06 22:11:22', 0, 1),
(141, 3, 24, 415, '2020-05-06 22:11:22', '2020-05-06 22:11:22', 0, 1),
(142, 4, 24, 225, '2020-05-06 22:11:22', '2020-05-06 22:11:22', 0, 1),
(143, 5, 24, 250, '2020-05-06 22:11:22', '2020-05-06 22:11:22', 0, 1),
(144, 6, 24, 300, '2020-05-06 22:11:22', '2020-05-06 22:11:22', 0, 1),
(145, 1, 25, 410, '2020-05-06 22:11:43', '2020-05-06 22:11:43', 0, 1),
(146, 2, 25, 310, '2020-05-06 22:11:43', '2020-05-06 22:11:43', 0, 1),
(147, 3, 25, 410, '2020-05-06 22:11:43', '2020-05-06 22:11:43', 0, 1),
(148, 4, 25, 225, '2020-05-06 22:11:43', '2020-05-06 22:11:43', 0, 1),
(149, 5, 25, 250, '2020-05-06 22:11:43', '2020-05-06 22:11:43', 0, 1),
(150, 6, 25, 280, '2020-05-06 22:11:43', '2020-05-06 22:11:43', 0, 1),
(151, 1, 26, 420, '2020-05-06 22:11:57', '2020-05-06 22:11:57', 0, 1),
(152, 2, 26, 320, '2020-05-06 22:11:57', '2020-05-06 22:11:57', 0, 1),
(153, 3, 26, 420, '2020-05-06 22:11:57', '2020-05-06 22:11:57', 0, 1),
(154, 4, 26, 225, '2020-05-06 22:11:57', '2020-05-06 22:11:57', 0, 1),
(155, 5, 26, 250, '2020-05-06 22:11:57', '2020-05-06 22:11:57', 0, 1),
(156, 6, 26, 300, '2020-05-06 22:11:57', '2020-05-06 22:11:57', 0, 1),
(157, 1, 27, 400, '2020-05-08 12:48:25', '2020-05-08 12:48:25', 0, 1),
(158, 2, 27, 300, '2020-05-08 12:48:25', '2020-05-08 12:48:25', 0, 1),
(159, 3, 27, 400, '2020-05-08 12:48:25', '2020-05-08 12:48:25', 0, 1),
(160, 4, 27, 225, '2020-05-08 12:48:25', '2020-05-08 12:48:25', 0, 1),
(161, 5, 27, 250, '2020-05-08 12:48:25', '2020-05-08 12:48:25', 0, 1),
(162, 6, 27, 280, '2020-05-08 12:48:25', '2020-05-08 12:48:25', 0, 1),
(163, 1, 28, 420, '2020-05-10 10:05:49', '2020-05-10 10:05:49', 0, 1),
(164, 2, 28, 320, '2020-05-10 10:05:49', '2020-05-10 10:05:49', 0, 1),
(165, 3, 28, 420, '2020-05-10 10:05:49', '2020-05-10 10:05:49', 0, 1),
(166, 4, 28, 225, '2020-05-10 10:05:49', '2020-05-10 10:05:49', 0, 1),
(167, 5, 28, 250, '2020-05-10 10:05:49', '2020-05-10 10:05:49', 0, 1),
(168, 6, 28, 275, '2020-05-10 10:05:49', '2020-05-10 10:05:49', 0, 1);

-- --------------------------------------------------------

--
-- Structure de la table `productionjour`
--

CREATE TABLE `productionjour` (
  `id` int(11) NOT NULL,
  `ladate` date DEFAULT NULL,
  `comment` text COLLATE utf8_bin NOT NULL,
  `groupemanoeuvre_id` int(11) NOT NULL,
  `employe_id` int(11) NOT NULL,
  `etat_id` int(11) NOT NULL,
  `groupemanoeuvre_id_rangement` int(11) NOT NULL,
  `dateRangement` date DEFAULT NULL,
  `total_production` int(11) NOT NULL,
  `total_rangement` int(11) NOT NULL,
  `total_livraison` int(11) NOT NULL,
  `created` datetime DEFAULT NULL,
  `modified` datetime DEFAULT NULL,
  `protected` int(11) NOT NULL DEFAULT 0,
  `valide` int(11) NOT NULL DEFAULT 1
) ENGINE=InnoDB DEFAULT CHARSET=utf8 COLLATE=utf8_bin;

--
-- Déchargement des données de la table `productionjour`
--

INSERT INTO `productionjour` (`id`, `ladate`, `comment`, `groupemanoeuvre_id`, `employe_id`, `etat_id`, `groupemanoeuvre_id_rangement`, `dateRangement`, `total_production`, `total_rangement`, `total_livraison`, `created`, `modified`, `protected`, `valide`) VALUES
(1, '2020-05-06', 'production initial, système !', 0, 0, 4, 0, NULL, 0, 0, 0, '2020-05-06 08:14:30', '2020-05-06 08:14:30', 1, 1),
(3, '2020-05-07', 'ok', 1, 2, 4, 1, '2020-05-08', 24210, 10997, 0, '2020-05-07 08:45:07', '2020-05-07 08:45:07', 0, 1),
(4, '2020-05-08', '', 1, 2, 4, 1, '2020-05-09', 18645, 8603, 21040, '2020-05-08 08:55:06', '2020-05-08 08:55:06', 0, 1),
(5, '2020-05-09', '', 1, 3, 4, 1, '2020-05-11', 30795, 14280, 0, '2020-05-09 02:15:58', '2020-05-09 02:15:58', 0, 1),
(6, '2020-05-10', '', 0, 0, 2, 0, NULL, 0, 0, 0, '2020-05-10 10:00:22', '2020-05-10 10:00:22', 0, 1),
(7, '2020-05-11', '', 1, 2, 4, 1, '2020-05-12', 61635, 26894, 23400, '2020-05-11 08:01:38', '2020-05-11 08:01:38', 0, 1),
(8, '2020-05-12', '', 1, 2, 4, 1, '2020-05-13', 53504, 23723, 0, '2020-05-12 07:43:42', '2020-05-12 07:43:42', 0, 1),
(9, '2020-05-13', '', 1, 3, 4, 1, '2020-05-15', 60345, 23597, 0, '2020-05-13 07:12:37', '2020-05-13 07:12:37', 0, 1),
(10, '2020-05-14', '', 1, 3, 3, 0, NULL, 21210, 0, 23670, '2020-05-14 09:19:03', '2020-05-14 09:19:03', 0, 1),
(11, '2020-05-15', '', 0, 0, 2, 0, NULL, 0, 0, 0, '2020-05-15 07:41:49', '2020-05-15 07:41:49', 0, 1);

-- --------------------------------------------------------

--
-- Structure de la table `produit`
--

CREATE TABLE `produit` (
  `id` int(11) NOT NULL,
  `name` varchar(200) COLLATE utf8_bin NOT NULL,
  `description` text COLLATE utf8_bin NOT NULL,
  `image` varchar(50) COLLATE utf8_bin DEFAULT NULL,
  `created` datetime DEFAULT NULL,
  `modified` datetime DEFAULT NULL,
  `protected` int(11) NOT NULL DEFAULT 0,
  `valide` int(11) NOT NULL DEFAULT 1
) ENGINE=InnoDB DEFAULT CHARSET=utf8 COLLATE=utf8_bin;

--
-- Déchargement des données de la table `produit`
--

INSERT INTO `produit` (`id`, `name`, `description`, `image`, `created`, `modified`, `protected`, `valide`) VALUES
(1, 'HOURDIS', 'Hourdis français ', '583e4e8a.jpg', '2020-05-06 08:14:30', '2020-05-06 08:14:30', 0, 1),
(2, 'AC 15', 'Agglos creux 15', '5c73ff3b.jpg', '2020-05-06 08:14:30', '2020-05-06 08:14:30', 0, 1),
(3, 'AP 15', 'Agglos pleines 15', '5b520dbe.jpg', '2020-05-06 08:14:31', '2020-05-06 08:14:31', 0, 1),
(4, 'BTC 15', 'Briques en terre compressé 15', '5a18bb7b.jpg', '2020-05-06 08:14:31', '2020-05-06 08:14:31', 0, 1),
(5, 'BTC 18', 'Briques en terre compressé 18', '59235e82.jpg', '2020-05-06 08:14:31', '2020-05-06 08:14:31', 0, 1),
(6, 'AC 12', 'Agglos creux 12', 'default.png', '2020-05-06 08:47:24', '2020-05-06 08:47:24', 0, 1);

-- --------------------------------------------------------

--
-- Structure de la table `ressource`
--

CREATE TABLE `ressource` (
  `id` int(11) NOT NULL,
  `name` varchar(200) COLLATE utf8_bin NOT NULL,
  `unite` varchar(20) COLLATE utf8_bin DEFAULT NULL,
  `abbr` varchar(20) COLLATE utf8_bin NOT NULL,
  `image` varchar(50) COLLATE utf8_bin DEFAULT NULL,
  `created` datetime DEFAULT NULL,
  `modified` datetime DEFAULT NULL,
  `protected` int(11) NOT NULL DEFAULT 0,
  `valide` int(11) NOT NULL DEFAULT 1
) ENGINE=InnoDB DEFAULT CHARSET=utf8 COLLATE=utf8_bin;

--
-- Déchargement des données de la table `ressource`
--

INSERT INTO `ressource` (`id`, `name`, `unite`, `abbr`, `image`, `created`, `modified`, `protected`, `valide`) VALUES
(1, 'CIMENT', 'sacs', 'Sacs', 'default.png', '2020-05-06 08:14:31', '2020-05-06 08:14:31', 0, 1),
(2, 'SABLE', 'Chargement', 'Chgs', 'default.png', '2020-05-06 08:14:32', '2020-05-06 08:14:32', 0, 1),
(3, 'GRAVIER', 'Tonne', 'T', 'default.png', '2020-05-06 08:14:32', '2020-05-06 08:14:32', 0, 1),
(4, 'TERRE', 'Chargement', 'Chgs', 'default.png', '2020-05-06 08:14:33', '2020-05-06 08:14:33', 0, 1);

-- --------------------------------------------------------

--
-- Structure de la table `role`
--

CREATE TABLE `role` (
  `id` int(11) NOT NULL,
  `name` varchar(200) COLLATE utf8_bin NOT NULL,
  `description` text COLLATE utf8_bin DEFAULT NULL,
  `created` datetime DEFAULT NULL,
  `modified` datetime DEFAULT NULL,
  `protected` int(11) NOT NULL DEFAULT 0,
  `valide` int(11) NOT NULL DEFAULT 1
) ENGINE=InnoDB DEFAULT CHARSET=utf8 COLLATE=utf8_bin;

--
-- Déchargement des données de la table `role`
--

INSERT INTO `role` (`id`, `name`, `description`, `created`, `modified`, `protected`, `valide`) VALUES
(1, 'master', NULL, '2020-05-06 08:14:30', '2020-05-06 08:14:30', 1, 1),
(2, 'production', NULL, '2020-05-06 08:14:30', '2020-05-06 08:14:30', 1, 1),
(3, 'caisse', NULL, '2020-05-06 08:14:30', '2020-05-06 08:14:30', 1, 1),
(4, 'parametres', NULL, '2020-05-06 08:14:30', '2020-05-06 08:14:30', 1, 1),
(5, 'paye des manoeuvre', NULL, '2020-05-06 08:14:30', '2020-05-06 08:14:30', 1, 1),
(6, 'modifier-supprimer', NULL, '2020-05-06 08:14:30', '2020-05-06 08:14:30', 1, 1),
(7, 'archives', NULL, '2020-05-06 08:14:30', '2020-05-06 08:14:30', 1, 1);

-- --------------------------------------------------------

--
-- Structure de la table `role_employe`
--

CREATE TABLE `role_employe` (
  `id` int(11) NOT NULL,
  `role_id` int(11) NOT NULL,
  `employe_id` int(11) NOT NULL,
  `created` datetime DEFAULT NULL,
  `modified` datetime DEFAULT NULL,
  `protected` int(11) NOT NULL DEFAULT 0,
  `valide` int(11) NOT NULL DEFAULT 1
) ENGINE=InnoDB DEFAULT CHARSET=utf8 COLLATE=utf8_bin;

--
-- Déchargement des données de la table `role_employe`
--

INSERT INTO `role_employe` (`id`, `role_id`, `employe_id`, `created`, `modified`, `protected`, `valide`) VALUES
(1, 1, 1, '2020-05-06 08:14:30', '2020-05-06 08:14:30', 1, 1),
(2, 2, 1, '2020-05-06 08:14:30', '2020-05-06 08:14:30', 1, 1),
(3, 3, 1, '2020-05-06 08:14:30', '2020-05-06 08:14:30', 1, 1),
(4, 4, 1, '2020-05-06 08:14:30', '2020-05-06 08:14:30', 1, 1),
(5, 5, 1, '2020-05-06 08:14:30', '2020-05-06 08:14:30', 1, 1),
(6, 6, 1, '2020-05-06 08:14:30', '2020-05-06 08:14:30', 1, 1),
(7, 7, 1, '2020-05-06 08:14:30', '2020-05-06 08:14:30', 1, 1),
(8, 1, 2, '2020-05-07 09:54:09', '2020-05-07 09:54:09', 1, 1),
(9, 1, 3, '2020-05-07 09:56:33', '2020-05-07 09:56:33', 1, 1),
(10, 2, 3, '2020-05-07 11:01:36', '2020-05-07 11:01:36', 0, 1),
(11, 2, 2, '2020-05-07 11:01:38', '2020-05-07 11:01:38', 0, 1),
(12, 1, 4, '2020-05-08 15:41:39', '2020-05-08 15:41:39', 1, 1),
(13, 2, 4, '2020-05-08 15:44:56', '2020-05-08 15:44:56', 0, 1),
(14, 3, 4, '2020-05-08 15:45:03', '2020-05-08 15:45:03', 0, 1),
(15, 5, 4, '2020-05-08 15:45:10', '2020-05-08 15:45:10', 0, 1),
(16, 6, 4, '2020-05-08 15:45:15', '2020-05-08 15:45:15', 0, 1),
(17, 1, 5, '2020-05-08 16:04:38', '2020-05-08 16:04:38', 1, 1),
(18, 2, 5, '2020-05-09 02:20:14', '2020-05-09 02:20:14', 0, 1),
(19, 3, 5, '2020-05-09 02:20:16', '2020-05-09 02:20:16', 0, 1),
(20, 4, 5, '2020-05-09 02:20:18', '2020-05-09 02:20:18', 0, 1),
(21, 5, 5, '2020-05-09 02:20:20', '2020-05-09 02:20:20', 0, 1),
(22, 6, 5, '2020-05-09 02:20:22', '2020-05-09 02:20:22', 0, 1),
(23, 7, 5, '2020-05-09 02:20:24', '2020-05-09 02:20:24', 0, 1);

-- --------------------------------------------------------

--
-- Structure de la table `sexe`
--

CREATE TABLE `sexe` (
  `id` int(11) NOT NULL,
  `name` varchar(15) COLLATE utf8_bin NOT NULL,
  `abreviation` varchar(11) COLLATE utf8_bin NOT NULL,
  `icon` varchar(50) COLLATE utf8_bin NOT NULL,
  `protected` int(11) NOT NULL DEFAULT 1,
  `valide` int(11) NOT NULL DEFAULT 1
) ENGINE=InnoDB DEFAULT CHARSET=utf8 COLLATE=utf8_bin;

--
-- Déchargement des données de la table `sexe`
--

INSERT INTO `sexe` (`id`, `name`, `abreviation`, `icon`, `protected`, `valide`) VALUES
(1, 'Homme', 'H', 'fa fa-venus-mars', 1, 1),
(2, 'Femme', 'F', 'fa fa-venus-mars', 1, 1);

-- --------------------------------------------------------

--
-- Structure de la table `suggestion`
--

CREATE TABLE `suggestion` (
  `id` int(11) NOT NULL,
  `ticket` varchar(10) COLLATE utf8_bin NOT NULL,
  `typesuggestion_id` int(11) NOT NULL,
  `title` varchar(200) COLLATE utf8_bin NOT NULL,
  `description` text COLLATE utf8_bin NOT NULL,
  `etat_id` int(11) NOT NULL,
  `date_approuve` datetime DEFAULT NULL,
  `gestionnaire_id` int(11) DEFAULT NULL,
  `carplan_id` int(11) DEFAULT NULL,
  `prestataire_id` int(11) DEFAULT NULL,
  `utilisateur_id` int(11) DEFAULT NULL,
  `created` datetime DEFAULT NULL,
  `modified` datetime DEFAULT NULL,
  `protected` int(11) NOT NULL DEFAULT 0,
  `valide` int(11) NOT NULL DEFAULT 1
) ENGINE=InnoDB DEFAULT CHARSET=utf8 COLLATE=utf8_bin;

-- --------------------------------------------------------

--
-- Structure de la table `typeclient`
--

CREATE TABLE `typeclient` (
  `id` int(11) NOT NULL,
  `name` varchar(200) COLLATE utf8_bin NOT NULL,
  `created` datetime DEFAULT NULL,
  `modified` datetime DEFAULT NULL,
  `protected` int(11) NOT NULL DEFAULT 0,
  `valide` int(11) NOT NULL DEFAULT 1
) ENGINE=InnoDB DEFAULT CHARSET=utf8 COLLATE=utf8_bin;

--
-- Déchargement des données de la table `typeclient`
--

INSERT INTO `typeclient` (`id`, `name`, `created`, `modified`, `protected`, `valide`) VALUES
(1, 'Entreprise', '2020-05-06 08:14:30', '2020-05-06 08:14:30', 1, 1),
(2, 'Particulier', '2020-05-06 08:14:30', '2020-05-06 08:14:30', 1, 1);

-- --------------------------------------------------------

--
-- Structure de la table `typeentretienvehicule`
--

CREATE TABLE `typeentretienvehicule` (
  `id` int(11) NOT NULL,
  `name` varchar(200) COLLATE utf8_bin NOT NULL,
  `created` datetime DEFAULT NULL,
  `modified` datetime DEFAULT NULL,
  `protected` int(11) NOT NULL DEFAULT 0,
  `valide` int(11) NOT NULL DEFAULT 1
) ENGINE=InnoDB DEFAULT CHARSET=utf8 COLLATE=utf8_bin;

--
-- Déchargement des données de la table `typeentretienvehicule`
--

INSERT INTO `typeentretienvehicule` (`id`, `name`, `created`, `modified`, `protected`, `valide`) VALUES
(1, 'Accrochage', '2020-05-06 08:14:30', '2020-05-06 08:14:30', 1, 1),
(2, 'Crevaison', '2020-05-06 08:14:30', '2020-05-06 08:14:30', 1, 1),
(3, 'Autre', '2020-05-06 08:14:30', '2020-05-06 08:14:30', 1, 1);

-- --------------------------------------------------------

--
-- Structure de la table `typeoperationcaisse`
--

CREATE TABLE `typeoperationcaisse` (
  `id` int(11) NOT NULL,
  `name` varchar(200) COLLATE utf8_bin NOT NULL,
  `created` datetime DEFAULT NULL,
  `modified` datetime DEFAULT NULL,
  `protected` int(11) NOT NULL DEFAULT 0,
  `valide` int(11) NOT NULL DEFAULT 1
) ENGINE=InnoDB DEFAULT CHARSET=utf8 COLLATE=utf8_bin;

--
-- Déchargement des données de la table `typeoperationcaisse`
--

INSERT INTO `typeoperationcaisse` (`id`, `name`, `created`, `modified`, `protected`, `valide`) VALUES
(1, 'Entrée de caisse', '2020-05-06 08:14:30', '2020-05-06 08:14:30', 1, 1),
(2, 'Sortie de caisse', '2020-05-06 08:14:30', '2020-05-06 08:14:30', 1, 1);

-- --------------------------------------------------------

--
-- Structure de la table `typeprestataire`
--

CREATE TABLE `typeprestataire` (
  `id` int(11) NOT NULL,
  `name` varchar(200) COLLATE utf8_bin NOT NULL,
  `created` datetime DEFAULT NULL,
  `modified` datetime DEFAULT NULL,
  `protected` int(11) NOT NULL DEFAULT 0,
  `valide` int(11) NOT NULL DEFAULT 1
) ENGINE=InnoDB DEFAULT CHARSET=utf8 COLLATE=utf8_bin;

--
-- Déchargement des données de la table `typeprestataire`
--

INSERT INTO `typeprestataire` (`id`, `name`, `created`, `modified`, `protected`, `valide`) VALUES
(1, 'standart', '2020-05-06 08:14:33', '2020-05-06 08:14:33', 1, 1);

-- --------------------------------------------------------

--
-- Structure de la table `typesuggestion`
--

CREATE TABLE `typesuggestion` (
  `id` int(11) NOT NULL,
  `name` varchar(200) COLLATE utf8_bin NOT NULL,
  `created` datetime DEFAULT NULL,
  `modified` datetime DEFAULT NULL,
  `protected` int(11) NOT NULL DEFAULT 0,
  `valide` int(11) NOT NULL DEFAULT 1
) ENGINE=InnoDB DEFAULT CHARSET=utf8 COLLATE=utf8_bin;

--
-- Déchargement des données de la table `typesuggestion`
--

INSERT INTO `typesuggestion` (`id`, `name`, `created`, `modified`, `protected`, `valide`) VALUES
(1, 'standart', '2020-05-06 08:14:33', '2020-05-06 08:14:33', 1, 1);

-- --------------------------------------------------------

--
-- Structure de la table `typetransmission`
--

CREATE TABLE `typetransmission` (
  `id` int(11) NOT NULL,
  `name` varchar(200) COLLATE utf8_bin NOT NULL,
  `created` datetime DEFAULT NULL,
  `modified` datetime DEFAULT NULL,
  `protected` int(11) NOT NULL DEFAULT 0,
  `valide` int(11) NOT NULL DEFAULT 1
) ENGINE=InnoDB DEFAULT CHARSET=utf8 COLLATE=utf8_bin;

--
-- Déchargement des données de la table `typetransmission`
--

INSERT INTO `typetransmission` (`id`, `name`, `created`, `modified`, `protected`, `valide`) VALUES
(1, 'standart', '2020-05-06 08:14:33', '2020-05-06 08:14:33', 1, 1);

-- --------------------------------------------------------

--
-- Structure de la table `typevehicule`
--

CREATE TABLE `typevehicule` (
  `id` int(11) NOT NULL,
  `name` varchar(200) COLLATE utf8_bin NOT NULL,
  `created` datetime DEFAULT NULL,
  `modified` datetime DEFAULT NULL,
  `protected` int(11) NOT NULL DEFAULT 0,
  `valide` int(11) NOT NULL DEFAULT 1
) ENGINE=InnoDB DEFAULT CHARSET=utf8 COLLATE=utf8_bin;

--
-- Déchargement des données de la table `typevehicule`
--

INSERT INTO `typevehicule` (`id`, `name`, `created`, `modified`, `protected`, `valide`) VALUES
(1, 'Voiture', '2020-05-06 08:14:30', '2020-05-06 08:14:30', 1, 1),
(2, 'Camion benne', '2020-05-06 08:14:30', '2020-05-06 08:14:30', 1, 1),
(3, 'Tricycle', '2020-05-06 08:14:30', '2020-05-06 08:14:30', 1, 1),
(4, 'Moto', '2020-05-06 08:14:30', '2020-05-06 08:14:30', 1, 1),
(5, 'Camionnette', '2020-05-07 11:07:10', '2020-05-07 11:07:10', 0, 1),
(6, 'Remorque', '2020-05-07 11:08:04', '2020-05-07 11:08:04', 0, 1);

-- --------------------------------------------------------

--
-- Structure de la table `vehicule`
--

CREATE TABLE `vehicule` (
  `id` int(11) NOT NULL,
  `immatriculation` varchar(20) COLLATE utf8_bin NOT NULL,
  `typevehicule_id` int(11) NOT NULL,
  `prestataire_id` int(11) DEFAULT NULL,
  `nb_place` int(11) DEFAULT NULL,
  `nb_porte` int(11) DEFAULT NULL,
  `marque_id` int(11) NOT NULL,
  `modele` varchar(200) COLLATE utf8_bin NOT NULL,
  `energie_id` int(11) DEFAULT NULL,
  `typetransmission_id` int(11) DEFAULT NULL,
  `affectation` int(11) DEFAULT NULL,
  `puissance` int(10) DEFAULT NULL,
  `date_mise_circulation` varchar(20) COLLATE utf8_bin DEFAULT NULL,
  `date_sortie` date DEFAULT NULL,
  `date_visitetechnique` date DEFAULT NULL,
  `date_assurance` date DEFAULT NULL,
  `date_vidange` datetime DEFAULT NULL,
  `image` text COLLATE utf8_bin DEFAULT NULL,
  `etiquette` varchar(200) COLLATE utf8_bin NOT NULL,
  `visibility` int(11) NOT NULL,
  `groupevehicule_id` int(11) DEFAULT NULL,
  `chasis` text COLLATE utf8_bin DEFAULT NULL,
  `date_acquisition` varchar(20) COLLATE utf8_bin DEFAULT NULL,
  `price` int(11) DEFAULT NULL,
  `etatvehicule_id` int(11) NOT NULL,
  `possession` int(11) NOT NULL,
  `created` datetime DEFAULT NULL,
  `modified` datetime DEFAULT NULL,
  `protected` int(11) NOT NULL DEFAULT 0,
  `valide` int(11) NOT NULL DEFAULT 1,
  `kilometrage` int(11) DEFAULT NULL,
  `location` int(11) DEFAULT NULL
) ENGINE=InnoDB DEFAULT CHARSET=utf8 COLLATE=utf8_bin;

--
-- Déchargement des données de la table `vehicule`
--

INSERT INTO `vehicule` (`id`, `immatriculation`, `typevehicule_id`, `prestataire_id`, `nb_place`, `nb_porte`, `marque_id`, `modele`, `energie_id`, `typetransmission_id`, `affectation`, `puissance`, `date_mise_circulation`, `date_sortie`, `date_visitetechnique`, `date_assurance`, `date_vidange`, `image`, `etiquette`, `visibility`, `groupevehicule_id`, `chasis`, `date_acquisition`, `price`, `etatvehicule_id`, `possession`, `created`, `modified`, `protected`, `valide`, `kilometrage`, `location`) VALUES
(1, '...', 1, 1, NULL, NULL, 0, 'LE VEHICULE DU CLIENT', 1, 1, NULL, NULL, NULL, NULL, NULL, NULL, NULL, 'default.jpg', '', 0, 1, NULL, NULL, 0, 1, 0, '2020-05-06 08:14:30', '2020-05-06 08:14:30', 1, 1, NULL, 0),
(2, '...', 1, 1, NULL, NULL, 0, 'TRICYCLE', 1, 1, NULL, NULL, NULL, NULL, NULL, NULL, NULL, 'default.jpg', '', 0, 1, NULL, NULL, 0, 1, 0, '2020-05-06 08:14:30', '2020-05-06 08:14:30', 1, 1, NULL, 0),
(3, '7363FR01', 5, 1, NULL, NULL, 64, 'camionnette Kia', 1, 1, NULL, NULL, NULL, NULL, NULL, NULL, NULL, 'default.jpg', '', 1, 1, NULL, NULL, 0, 1, 0, '2020-05-07 11:10:29', '2020-05-07 11:10:29', 0, 1, NULL, 0),
(4, '6030HE01', 2, 1, NULL, NULL, 83, 'GB', 1, 1, NULL, NULL, NULL, NULL, NULL, NULL, NULL, 'default.jpg', '', 1, 1, NULL, NULL, 0, 1, 0, '2020-05-07 11:13:59', '2020-05-07 11:13:59', 0, 1, NULL, 0),
(5, '1322GH01', 2, 1, NULL, NULL, 83, 'PB', 1, 1, NULL, NULL, NULL, NULL, NULL, NULL, NULL, 'default.jpg', 'Petite Benne', 1, 1, NULL, NULL, 0, 1, 0, '2020-05-07 11:16:12', '2020-05-07 11:16:12', 0, 1, NULL, 0),
(6, '1403JN01 /337JN01', 6, 1, NULL, NULL, 25, 'Daf cf85', 1, 1, NULL, NULL, NULL, NULL, NULL, NULL, NULL, 'default.jpg', '', 1, 1, NULL, NULL, 0, 1, 0, '2020-05-07 11:25:15', '2020-05-07 11:25:15', 0, 1, NULL, 0);

-- --------------------------------------------------------

--
-- Structure de la table `zonelivraison`
--

CREATE TABLE `zonelivraison` (
  `id` int(11) NOT NULL,
  `name` varchar(200) COLLATE utf8_bin NOT NULL,
  `created` datetime DEFAULT NULL,
  `modified` datetime DEFAULT NULL,
  `protected` int(11) NOT NULL DEFAULT 0,
  `valide` int(11) NOT NULL DEFAULT 1
) ENGINE=InnoDB DEFAULT CHARSET=utf8 COLLATE=utf8_bin;

--
-- Déchargement des données de la table `zonelivraison`
--

INSERT INTO `zonelivraison` (`id`, `name`, `created`, `modified`, `protected`, `valide`) VALUES
(1, 'Abidjan', '2020-05-06 08:14:30', '2020-05-06 08:14:30', 1, 1),
(2, 'Adiaké', '2020-05-06 08:20:38', '2020-05-06 08:20:38', 0, 1),
(3, 'Assinie', '2020-05-06 08:22:54', '2020-05-06 08:22:54', 0, 1),
(4, 'Assinie 2', '2020-05-06 08:26:41', '2020-05-06 08:26:41', 0, 1),
(5, 'Assinie  3', '2020-05-06 08:28:38', '2020-05-06 08:28:38', 0, 1),
(6, 'Bonoua', '2020-05-06 08:31:17', '2020-05-06 08:31:17', 0, 1),
(7, 'Bonoua 2', '2020-05-06 08:31:33', '2020-05-06 08:31:33', 0, 1),
(8, 'Bonoua  3', '2020-05-06 08:31:48', '2020-05-06 08:31:48', 0, 1),
(9, 'Yaou ', '2020-05-06 08:31:59', '2020-05-06 08:31:59', 0, 1),
(10, 'Yaou 2', '2020-05-06 08:32:08', '2020-05-06 08:32:08', 0, 1),
(11, 'Yaou 4', '2020-05-06 08:32:28', '2020-05-06 08:32:28', 0, 1),
(12, 'Grand Bassam ', '2020-05-06 08:33:13', '2020-05-06 08:33:13', 0, 1),
(13, 'Grand Bassam 2', '2020-05-06 08:33:21', '2020-05-06 08:33:21', 0, 1),
(14, 'Grand Bassam 3', '2020-05-06 08:33:44', '2020-05-06 08:33:44', 0, 1),
(15, 'Samo', '2020-05-06 08:33:53', '2020-05-06 08:33:53', 0, 1),
(16, 'Samo 2', '2020-05-06 08:34:02', '2020-05-06 08:34:02', 0, 1),
(17, 'Samo 3', '2020-05-06 08:34:17', '2020-05-06 08:34:17', 0, 1),
(18, 'Abidjan 2', '2020-05-06 08:34:50', '2020-05-06 08:34:50', 0, 1),
(19, 'Adiake 2', '2020-05-06 08:35:03', '2020-05-06 08:35:03', 0, 1),
(20, 'Aboisso', '2020-05-06 08:35:12', '2020-05-06 08:35:12', 0, 1),
(22, 'Abidjan 3', '2020-05-06 21:48:48', '2020-05-06 21:48:48', 0, 1),
(23, 'Aboisso 2', '2020-05-06 22:10:35', '2020-05-06 22:10:35', 0, 1),
(24, '8 Kilos', '2020-05-06 22:11:22', '2020-05-06 22:11:22', 0, 1),
(25, '8 Kilos 2', '2020-05-06 22:11:43', '2020-05-06 22:11:43', 0, 1),
(26, '8 Kilos 3', '2020-05-06 22:11:56', '2020-05-06 22:11:56', 0, 1),
(27, 'Yaou 1', '2020-05-08 12:48:25', '2020-05-08 12:48:25', 0, 1),
(28, 'Yaou 3', '2020-05-10 10:05:49', '2020-05-10 10:05:49', 0, 1);

--
-- Index pour les tables déchargées
--

--
-- Index pour la table `approvisionnement`
--
ALTER TABLE `approvisionnement`
  ADD PRIMARY KEY (`id`);

--
-- Index pour la table `carplan`
--
ALTER TABLE `carplan`
  ADD PRIMARY KEY (`id`);

--
-- Index pour la table `categorieoperation`
--
ALTER TABLE `categorieoperation`
  ADD PRIMARY KEY (`id`);

--
-- Index pour la table `chauffeur`
--
ALTER TABLE `chauffeur`
  ADD PRIMARY KEY (`id`);

--
-- Index pour la table `client`
--
ALTER TABLE `client`
  ADD PRIMARY KEY (`id`);

--
-- Index pour la table `commande`
--
ALTER TABLE `commande`
  ADD PRIMARY KEY (`id`);

--
-- Index pour la table `connexion`
--
ALTER TABLE `connexion`
  ADD PRIMARY KEY (`id`);

--
-- Index pour la table `demandeentretien`
--
ALTER TABLE `demandeentretien`
  ADD PRIMARY KEY (`id`);

--
-- Index pour la table `employe`
--
ALTER TABLE `employe`
  ADD PRIMARY KEY (`id`);

--
-- Index pour la table `energie`
--
ALTER TABLE `energie`
  ADD PRIMARY KEY (`id`);

--
-- Index pour la table `entretienmachine`
--
ALTER TABLE `entretienmachine`
  ADD PRIMARY KEY (`id`);

--
-- Index pour la table `entretienvehicule`
--
ALTER TABLE `entretienvehicule`
  ADD PRIMARY KEY (`id`);

--
-- Index pour la table `etat`
--
ALTER TABLE `etat`
  ADD PRIMARY KEY (`id`);

--
-- Index pour la table `etatchauffeur`
--
ALTER TABLE `etatchauffeur`
  ADD PRIMARY KEY (`id`);

--
-- Index pour la table `etatmanoeuvre`
--
ALTER TABLE `etatmanoeuvre`
  ADD PRIMARY KEY (`id`);

--
-- Index pour la table `etatvehicule`
--
ALTER TABLE `etatvehicule`
  ADD PRIMARY KEY (`id`);

--
-- Index pour la table `exigenceproduction`
--
ALTER TABLE `exigenceproduction`
  ADD PRIMARY KEY (`id`);

--
-- Index pour la table `fournisseur`
--
ALTER TABLE `fournisseur`
  ADD PRIMARY KEY (`id`);

--
-- Index pour la table `groupecommande`
--
ALTER TABLE `groupecommande`
  ADD PRIMARY KEY (`id`);

--
-- Index pour la table `groupemanoeuvre`
--
ALTER TABLE `groupemanoeuvre`
  ADD PRIMARY KEY (`id`);

--
-- Index pour la table `groupevehicule`
--
ALTER TABLE `groupevehicule`
  ADD PRIMARY KEY (`id`);

--
-- Index pour la table `history`
--
ALTER TABLE `history`
  ADD PRIMARY KEY (`id`);

--
-- Index pour la table `ligneapprovisionnement`
--
ALTER TABLE `ligneapprovisionnement`
  ADD PRIMARY KEY (`id`);

--
-- Index pour la table `lignecommande`
--
ALTER TABLE `lignecommande`
  ADD PRIMARY KEY (`id`);

--
-- Index pour la table `ligneconsommationjour`
--
ALTER TABLE `ligneconsommationjour`
  ADD PRIMARY KEY (`id`);

--
-- Index pour la table `lignelivraison`
--
ALTER TABLE `lignelivraison`
  ADD PRIMARY KEY (`id`);

--
-- Index pour la table `ligneproductionjour`
--
ALTER TABLE `ligneproductionjour`
  ADD PRIMARY KEY (`id`);

--
-- Index pour la table `livraison`
--
ALTER TABLE `livraison`
  ADD PRIMARY KEY (`id`);

--
-- Index pour la table `machine`
--
ALTER TABLE `machine`
  ADD PRIMARY KEY (`id`);

--
-- Index pour la table `manoeuvre`
--
ALTER TABLE `manoeuvre`
  ADD PRIMARY KEY (`id`);

--
-- Index pour la table `manoeuvredujour`
--
ALTER TABLE `manoeuvredujour`
  ADD PRIMARY KEY (`id`);

--
-- Index pour la table `manoeuvredurangement`
--
ALTER TABLE `manoeuvredurangement`
  ADD PRIMARY KEY (`id`);

--
-- Index pour la table `marque`
--
ALTER TABLE `marque`
  ADD PRIMARY KEY (`id`);

--
-- Index pour la table `modepayement`
--
ALTER TABLE `modepayement`
  ADD PRIMARY KEY (`id`);

--
-- Index pour la table `mycompte`
--
ALTER TABLE `mycompte`
  ADD PRIMARY KEY (`id`);

--
-- Index pour la table `operation`
--
ALTER TABLE `operation`
  ADD PRIMARY KEY (`id`);

--
-- Index pour la table `panne`
--
ALTER TABLE `panne`
  ADD PRIMARY KEY (`id`);

--
-- Index pour la table `params`
--
ALTER TABLE `params`
  ADD PRIMARY KEY (`id`);

--
-- Index pour la table `payeferie_produit`
--
ALTER TABLE `payeferie_produit`
  ADD PRIMARY KEY (`id`);

--
-- Index pour la table `paye_chauffeur`
--
ALTER TABLE `paye_chauffeur`
  ADD PRIMARY KEY (`id`);

--
-- Index pour la table `paye_produit`
--
ALTER TABLE `paye_produit`
  ADD PRIMARY KEY (`id`);

--
-- Index pour la table `prestataire`
--
ALTER TABLE `prestataire`
  ADD PRIMARY KEY (`id`);

--
-- Index pour la table `prix_zonelivraison`
--
ALTER TABLE `prix_zonelivraison`
  ADD PRIMARY KEY (`id`);

--
-- Index pour la table `productionjour`
--
ALTER TABLE `productionjour`
  ADD PRIMARY KEY (`id`);

--
-- Index pour la table `produit`
--
ALTER TABLE `produit`
  ADD PRIMARY KEY (`id`);

--
-- Index pour la table `ressource`
--
ALTER TABLE `ressource`
  ADD PRIMARY KEY (`id`);

--
-- Index pour la table `role`
--
ALTER TABLE `role`
  ADD PRIMARY KEY (`id`);

--
-- Index pour la table `role_employe`
--
ALTER TABLE `role_employe`
  ADD PRIMARY KEY (`id`);

--
-- Index pour la table `sexe`
--
ALTER TABLE `sexe`
  ADD PRIMARY KEY (`id`);

--
-- Index pour la table `suggestion`
--
ALTER TABLE `suggestion`
  ADD PRIMARY KEY (`id`);

--
-- Index pour la table `typeclient`
--
ALTER TABLE `typeclient`
  ADD PRIMARY KEY (`id`);

--
-- Index pour la table `typeentretienvehicule`
--
ALTER TABLE `typeentretienvehicule`
  ADD PRIMARY KEY (`id`);

--
-- Index pour la table `typeoperationcaisse`
--
ALTER TABLE `typeoperationcaisse`
  ADD PRIMARY KEY (`id`);

--
-- Index pour la table `typeprestataire`
--
ALTER TABLE `typeprestataire`
  ADD PRIMARY KEY (`id`);

--
-- Index pour la table `typesuggestion`
--
ALTER TABLE `typesuggestion`
  ADD PRIMARY KEY (`id`);

--
-- Index pour la table `typetransmission`
--
ALTER TABLE `typetransmission`
  ADD PRIMARY KEY (`id`);

--
-- Index pour la table `typevehicule`
--
ALTER TABLE `typevehicule`
  ADD PRIMARY KEY (`id`);

--
-- Index pour la table `vehicule`
--
ALTER TABLE `vehicule`
  ADD PRIMARY KEY (`id`);

--
-- Index pour la table `zonelivraison`
--
ALTER TABLE `zonelivraison`
  ADD PRIMARY KEY (`id`);

--
-- AUTO_INCREMENT pour les tables déchargées
--

--
-- AUTO_INCREMENT pour la table `approvisionnement`
--
ALTER TABLE `approvisionnement`
  MODIFY `id` int(11) NOT NULL AUTO_INCREMENT, AUTO_INCREMENT=13;

--
-- AUTO_INCREMENT pour la table `carplan`
--
ALTER TABLE `carplan`
  MODIFY `id` int(11) NOT NULL AUTO_INCREMENT;

--
-- AUTO_INCREMENT pour la table `categorieoperation`
--
ALTER TABLE `categorieoperation`
  MODIFY `id` int(11) NOT NULL AUTO_INCREMENT, AUTO_INCREMENT=22;

--
-- AUTO_INCREMENT pour la table `chauffeur`
--
ALTER TABLE `chauffeur`
  MODIFY `id` int(11) NOT NULL AUTO_INCREMENT, AUTO_INCREMENT=6;

--
-- AUTO_INCREMENT pour la table `client`
--
ALTER TABLE `client`
  MODIFY `id` int(11) NOT NULL AUTO_INCREMENT, AUTO_INCREMENT=34;

--
-- AUTO_INCREMENT pour la table `commande`
--
ALTER TABLE `commande`
  MODIFY `id` int(11) NOT NULL AUTO_INCREMENT, AUTO_INCREMENT=31;

--
-- AUTO_INCREMENT pour la table `connexion`
--
ALTER TABLE `connexion`
  MODIFY `id` int(11) NOT NULL AUTO_INCREMENT, AUTO_INCREMENT=184;

--
-- AUTO_INCREMENT pour la table `demandeentretien`
--
ALTER TABLE `demandeentretien`
  MODIFY `id` int(11) NOT NULL AUTO_INCREMENT, AUTO_INCREMENT=2;

--
-- AUTO_INCREMENT pour la table `employe`
--
ALTER TABLE `employe`
  MODIFY `id` int(11) NOT NULL AUTO_INCREMENT, AUTO_INCREMENT=6;

--
-- AUTO_INCREMENT pour la table `energie`
--
ALTER TABLE `energie`
  MODIFY `id` int(11) NOT NULL AUTO_INCREMENT, AUTO_INCREMENT=2;

--
-- AUTO_INCREMENT pour la table `entretienmachine`
--
ALTER TABLE `entretienmachine`
  MODIFY `id` int(11) NOT NULL AUTO_INCREMENT;

--
-- AUTO_INCREMENT pour la table `entretienvehicule`
--
ALTER TABLE `entretienvehicule`
  MODIFY `id` int(11) NOT NULL AUTO_INCREMENT;

--
-- AUTO_INCREMENT pour la table `etat`
--
ALTER TABLE `etat`
  MODIFY `id` int(11) NOT NULL AUTO_INCREMENT, AUTO_INCREMENT=5;

--
-- AUTO_INCREMENT pour la table `etatchauffeur`
--
ALTER TABLE `etatchauffeur`
  MODIFY `id` int(11) NOT NULL AUTO_INCREMENT, AUTO_INCREMENT=4;

--
-- AUTO_INCREMENT pour la table `etatmanoeuvre`
--
ALTER TABLE `etatmanoeuvre`
  MODIFY `id` int(11) NOT NULL AUTO_INCREMENT;

--
-- AUTO_INCREMENT pour la table `etatvehicule`
--
ALTER TABLE `etatvehicule`
  MODIFY `id` int(11) NOT NULL AUTO_INCREMENT, AUTO_INCREMENT=6;

--
-- AUTO_INCREMENT pour la table `exigenceproduction`
--
ALTER TABLE `exigenceproduction`
  MODIFY `id` int(11) NOT NULL AUTO_INCREMENT, AUTO_INCREMENT=25;

--
-- AUTO_INCREMENT pour la table `fournisseur`
--
ALTER TABLE `fournisseur`
  MODIFY `id` int(11) NOT NULL AUTO_INCREMENT, AUTO_INCREMENT=6;

--
-- AUTO_INCREMENT pour la table `groupecommande`
--
ALTER TABLE `groupecommande`
  MODIFY `id` int(11) NOT NULL AUTO_INCREMENT, AUTO_INCREMENT=32;

--
-- AUTO_INCREMENT pour la table `groupemanoeuvre`
--
ALTER TABLE `groupemanoeuvre`
  MODIFY `id` int(11) NOT NULL AUTO_INCREMENT, AUTO_INCREMENT=2;

--
-- AUTO_INCREMENT pour la table `groupevehicule`
--
ALTER TABLE `groupevehicule`
  MODIFY `id` int(11) NOT NULL AUTO_INCREMENT, AUTO_INCREMENT=3;

--
-- AUTO_INCREMENT pour la table `history`
--
ALTER TABLE `history`
  MODIFY `id` int(11) NOT NULL AUTO_INCREMENT, AUTO_INCREMENT=600;

--
-- AUTO_INCREMENT pour la table `ligneapprovisionnement`
--
ALTER TABLE `ligneapprovisionnement`
  MODIFY `id` int(11) NOT NULL AUTO_INCREMENT, AUTO_INCREMENT=15;

--
-- AUTO_INCREMENT pour la table `lignecommande`
--
ALTER TABLE `lignecommande`
  MODIFY `id` int(11) NOT NULL AUTO_INCREMENT, AUTO_INCREMENT=37;

--
-- AUTO_INCREMENT pour la table `ligneconsommationjour`
--
ALTER TABLE `ligneconsommationjour`
  MODIFY `id` int(11) NOT NULL AUTO_INCREMENT, AUTO_INCREMENT=45;

--
-- AUTO_INCREMENT pour la table `lignelivraison`
--
ALTER TABLE `lignelivraison`
  MODIFY `id` int(11) NOT NULL AUTO_INCREMENT, AUTO_INCREMENT=19;

--
-- AUTO_INCREMENT pour la table `ligneproductionjour`
--
ALTER TABLE `ligneproductionjour`
  MODIFY `id` int(11) NOT NULL AUTO_INCREMENT, AUTO_INCREMENT=66;

--
-- AUTO_INCREMENT pour la table `livraison`
--
ALTER TABLE `livraison`
  MODIFY `id` int(11) NOT NULL AUTO_INCREMENT, AUTO_INCREMENT=18;

--
-- AUTO_INCREMENT pour la table `machine`
--
ALTER TABLE `machine`
  MODIFY `id` int(11) NOT NULL AUTO_INCREMENT, AUTO_INCREMENT=9;

--
-- AUTO_INCREMENT pour la table `manoeuvre`
--
ALTER TABLE `manoeuvre`
  MODIFY `id` int(11) NOT NULL AUTO_INCREMENT;

--
-- AUTO_INCREMENT pour la table `manoeuvredujour`
--
ALTER TABLE `manoeuvredujour`
  MODIFY `id` int(11) NOT NULL AUTO_INCREMENT;

--
-- AUTO_INCREMENT pour la table `manoeuvredurangement`
--
ALTER TABLE `manoeuvredurangement`
  MODIFY `id` int(11) NOT NULL AUTO_INCREMENT;

--
-- AUTO_INCREMENT pour la table `marque`
--
ALTER TABLE `marque`
  MODIFY `id` int(11) NOT NULL AUTO_INCREMENT, AUTO_INCREMENT=116;

--
-- AUTO_INCREMENT pour la table `modepayement`
--
ALTER TABLE `modepayement`
  MODIFY `id` int(11) NOT NULL AUTO_INCREMENT, AUTO_INCREMENT=6;

--
-- AUTO_INCREMENT pour la table `mycompte`
--
ALTER TABLE `mycompte`
  MODIFY `id` int(11) NOT NULL AUTO_INCREMENT, AUTO_INCREMENT=2;

--
-- AUTO_INCREMENT pour la table `operation`
--
ALTER TABLE `operation`
  MODIFY `id` int(11) NOT NULL AUTO_INCREMENT, AUTO_INCREMENT=109;

--
-- AUTO_INCREMENT pour la table `panne`
--
ALTER TABLE `panne`
  MODIFY `id` int(11) NOT NULL AUTO_INCREMENT;

--
-- AUTO_INCREMENT pour la table `params`
--
ALTER TABLE `params`
  MODIFY `id` int(11) NOT NULL AUTO_INCREMENT, AUTO_INCREMENT=2;

--
-- AUTO_INCREMENT pour la table `payeferie_produit`
--
ALTER TABLE `payeferie_produit`
  MODIFY `id` int(11) NOT NULL AUTO_INCREMENT, AUTO_INCREMENT=7;

--
-- AUTO_INCREMENT pour la table `paye_chauffeur`
--
ALTER TABLE `paye_chauffeur`
  MODIFY `id` int(11) NOT NULL AUTO_INCREMENT;

--
-- AUTO_INCREMENT pour la table `paye_produit`
--
ALTER TABLE `paye_produit`
  MODIFY `id` int(11) NOT NULL AUTO_INCREMENT, AUTO_INCREMENT=7;

--
-- AUTO_INCREMENT pour la table `prestataire`
--
ALTER TABLE `prestataire`
  MODIFY `id` int(11) NOT NULL AUTO_INCREMENT, AUTO_INCREMENT=2;

--
-- AUTO_INCREMENT pour la table `prix_zonelivraison`
--
ALTER TABLE `prix_zonelivraison`
  MODIFY `id` int(11) NOT NULL AUTO_INCREMENT, AUTO_INCREMENT=169;

--
-- AUTO_INCREMENT pour la table `productionjour`
--
ALTER TABLE `productionjour`
  MODIFY `id` int(11) NOT NULL AUTO_INCREMENT, AUTO_INCREMENT=12;

--
-- AUTO_INCREMENT pour la table `produit`
--
ALTER TABLE `produit`
  MODIFY `id` int(11) NOT NULL AUTO_INCREMENT, AUTO_INCREMENT=7;

--
-- AUTO_INCREMENT pour la table `ressource`
--
ALTER TABLE `ressource`
  MODIFY `id` int(11) NOT NULL AUTO_INCREMENT, AUTO_INCREMENT=5;

--
-- AUTO_INCREMENT pour la table `role`
--
ALTER TABLE `role`
  MODIFY `id` int(11) NOT NULL AUTO_INCREMENT, AUTO_INCREMENT=8;

--
-- AUTO_INCREMENT pour la table `role_employe`
--
ALTER TABLE `role_employe`
  MODIFY `id` int(11) NOT NULL AUTO_INCREMENT, AUTO_INCREMENT=24;

--
-- AUTO_INCREMENT pour la table `sexe`
--
ALTER TABLE `sexe`
  MODIFY `id` int(11) NOT NULL AUTO_INCREMENT, AUTO_INCREMENT=3;

--
-- AUTO_INCREMENT pour la table `suggestion`
--
ALTER TABLE `suggestion`
  MODIFY `id` int(11) NOT NULL AUTO_INCREMENT;

--
-- AUTO_INCREMENT pour la table `typeclient`
--
ALTER TABLE `typeclient`
  MODIFY `id` int(11) NOT NULL AUTO_INCREMENT, AUTO_INCREMENT=3;

--
-- AUTO_INCREMENT pour la table `typeentretienvehicule`
--
ALTER TABLE `typeentretienvehicule`
  MODIFY `id` int(11) NOT NULL AUTO_INCREMENT, AUTO_INCREMENT=4;

--
-- AUTO_INCREMENT pour la table `typeoperationcaisse`
--
ALTER TABLE `typeoperationcaisse`
  MODIFY `id` int(11) NOT NULL AUTO_INCREMENT, AUTO_INCREMENT=3;

--
-- AUTO_INCREMENT pour la table `typeprestataire`
--
ALTER TABLE `typeprestataire`
  MODIFY `id` int(11) NOT NULL AUTO_INCREMENT, AUTO_INCREMENT=2;

--
-- AUTO_INCREMENT pour la table `typesuggestion`
--
ALTER TABLE `typesuggestion`
  MODIFY `id` int(11) NOT NULL AUTO_INCREMENT, AUTO_INCREMENT=2;

--
-- AUTO_INCREMENT pour la table `typetransmission`
--
ALTER TABLE `typetransmission`
  MODIFY `id` int(11) NOT NULL AUTO_INCREMENT, AUTO_INCREMENT=2;

--
-- AUTO_INCREMENT pour la table `typevehicule`
--
ALTER TABLE `typevehicule`
  MODIFY `id` int(11) NOT NULL AUTO_INCREMENT, AUTO_INCREMENT=7;

--
-- AUTO_INCREMENT pour la table `vehicule`
--
ALTER TABLE `vehicule`
  MODIFY `id` int(11) NOT NULL AUTO_INCREMENT, AUTO_INCREMENT=7;

--
-- AUTO_INCREMENT pour la table `zonelivraison`
--
ALTER TABLE `zonelivraison`
  MODIFY `id` int(11) NOT NULL AUTO_INCREMENT, AUTO_INCREMENT=29;
COMMIT;

/*!40101 SET CHARACTER_SET_CLIENT=@OLD_CHARACTER_SET_CLIENT */;
/*!40101 SET CHARACTER_SET_RESULTS=@OLD_CHARACTER_SET_RESULTS */;
/*!40101 SET COLLATION_CONNECTION=@OLD_COLLATION_CONNECTION */;
